<?xml version="1.0" encoding="UTF-8" standalone="no" ?>
<COLLADA xmlns="http://www.collada.org/2005/11/COLLADASchema" version="1.4.1">
  <asset>
    <contributor>
      <author>Assimp</author>
      <authoring_tool>Khronos glTF Blender I/O v5.0.21</authoring_tool>
    </contributor>
    <created>2026-06-01T17:50:30</created>
    <modified>2026-06-01T17:50:30</modified>
    <unit name="meter" meter="1" />
    <up_axis>Y_UP</up_axis>
  </asset>
  <library_images>
    <image id="Material.001-diffuse-image">
      <init_from>earth.jpg</init_from>
    </image>
  </library_images>
  <library_effects>
    <effect id="Material.001-fx" name="Material.001">
      <profile_COMMON>
        <newparam sid="Material.001-diffuse-surface">
          <surface type="2D">
            <init_from>Material.001-diffuse-image</init_from>
          </surface>
        </newparam>
        <newparam sid="Material.001-diffuse-sampler">
          <sampler2D>
            <source>Material.001-diffuse-surface</source>
          </sampler2D>
        </newparam>
        <technique sid="standard">
          <phong>
            <emission>
              <color sid="emission">0   0   0   1</color>
            </emission>
            <diffuse>
              <texture texture="Material.001-diffuse-sampler" texcoord="CHANNEL0" />
            </diffuse>
            <shininess>
              <float sid="shininess">250</float>
            </shininess>
            <transparency>
              <float sid="transparency">1</float>
            </transparency>
          </phong>
        </technique>
      </profile_COMMON>
    </effect>
    <effect id="material_1-fx" name="">
      <profile_COMMON>
        <technique sid="standard">
          <phong>
            <emission>
              <color sid="emission">0   0   0   1</color>
            </emission>
            <diffuse>
              <color sid="diffuse">1   1   1   1</color>
            </diffuse>
            <shininess>
              <float sid="shininess">0</float>
            </shininess>
            <transparency>
              <float sid="transparency">1</float>
            </transparency>
          </phong>
        </technique>
      </profile_COMMON>
    </effect>
  </library_effects>
  <library_materials>
    <material id="Material.001" name="Material.001">
      <instance_effect url="#Material.001-fx"/>
    </material>
    <material id="material_1" name="">
      <instance_effect url="#material_1-fx"/>
    </material>
  </library_materials>
  <library_geometries>
    <geometry id="Sphere_1" name="Sphere" >
      <mesh>
        <source id="Sphere_1-positions" name="Sphere_1-positions">
          <float_array id="Sphere_1-positions-array" count="24192"> 0 -0.0980171412 -0.99518472 0 0 -1 0.0980171412 0 -0.99518472 0.0975451618 -0.0980171412 -0.990392625 3.35276127e-08 0.923879504 -0.382683009 0 0.956940353 -0.290284693 0.0284528751 0.956940353 -0.288886905 0.0375095382 0.923879504 -0.380840719 0 -0.99518472 -0.0980171412 0 -0.980785251 -0.195090324 0.0191221964 -0.980785251 -0.19415091 0.00960735977 -0.99518472 -0.0975451618 2.23517418e-08 -0.195090324 -0.980785191 0 -0.0980171412 -0.99518472 0.0975451618 -0.0980171412 -0.990392625 0.0961337686 -0.195090324 -0.976062477 0 0.881921232 -0.471396744 3.35276127e-08 0.923879504 -0.382683009 0.0375095382 0.923879504 -0.380840719 0.0462049618 0.881921232 -0.46912685 0 -1 -0 0 -0.99518472 -0.0980171412 0.00960735977 -0.99518472 -0.0975451618 0 -0.290284693 -0.956940353 2.23517418e-08 -0.195090324 -0.980785191 0.0961337686 -0.195090324 -0.976062477 0.0937965587 -0.290284693 -0.952332437 -1.49011612e-08 0.831469595 -0.555570781 0 0.881921232 -0.471396744 0.0462049618 0.881921232 -0.46912685 0.054455407 0.831469595 -0.55289501 1.1920929e-07 -0.382683456 -0.923878968 0 -0.290284693 -0.956940353 0.0937965587 -0.290284693 -0.952332437 0.0905560255 -0.382683456 -0.919430792 -3.35276127e-08 0.773010433 -0.634393215 -1.49011612e-08 0.831469595 -0.555570781 0.054455407 0.831469595 -0.55289501 0.0621814206 0.773010433 -0.631338537 0 -0.471396744 -0.881921232 1.1920929e-07 -0.382683456 -0.923878968 0.0905560255 -0.382683456 -0.919430792 0.0864433944 -0.471396744 -0.87767452 1.04308128e-07 0.707106769 -0.707106471 -3.35276127e-08 0.773010433 -0.634393215 0.0621814206 0.773010433 -0.631338537 0.0693085864 0.707106769 -0.703701854 -2.30967999e-07 -0.555570245 -0.831469774 0 -0.471396744 -0.881921232 0.0864433944 -0.471396744 -0.87767452 0.0814982727 -0.555570245 -0.827465832 -9.68575478e-08 0.634393334 -0.773010075 1.04308128e-07 0.707106769 -0.707106471 0.0693085864 0.707106769 -0.703701854 0.0757682696 0.634393334 -0.769288182 -9.68575478e-08 -0.634393334 -0.773010075 -2.30967999e-07 -0.555570245 -0.831469774 0.0814982727 -0.555570245 -0.827465832 0.0757682696 -0.634393334 -0.769288182 -2.30967999e-07 0.555570245 -0.831469774 -9.68575478e-08 0.634393334 -0.773010075 0.0757682696 0.634393334 -0.769288182 0.0814982727 0.555570245 -0.827465832 1.04308128e-07 -0.707106769 -0.707106471 -9.68575478e-08 -0.634393334 -0.773010075 0.0757682696 -0.634393334 -0.769288182 0.0693085864 -0.707106769 -0.703701854 0 0.471396744 -0.881921232 -2.30967999e-07 0.555570245 -0.831469774 0.0814982727 0.555570245 -0.827465832 0.0864433944 0.471396744 -0.87767452 -3.35276127e-08 -0.773010433 -0.634393215 1.04308128e-07 -0.707106769 -0.707106471 0.0693085864 -0.707106769 -0.703701854 0.0621814206 -0.773010433 -0.631338537 0 0.382683456 -0.923879504 0 0.471396744 -0.881921232 0.0864433944 0.471396744 -0.87767452 0.0905560255 0.382683456 -0.919430792 -1.49011612e-08 -0.831469595 -0.555570781 -3.35276127e-08 -0.773010433 -0.634393215 0.0621814206 -0.773010433 -0.631338537 0.054455407 -0.831469595 -0.55289501 0 0.290284693 -0.956940353 0 0.382683456 -0.923879504 0.0905560255 0.382683456 -0.919430792 0.0937965587 0.290284693 -0.952332437 0 -0.881921232 -0.471396744 -1.49011612e-08 -0.831469595 -0.555570781 0.054455407 -0.831469595 -0.55289501 0.0462049618 -0.881921232 -0.46912685 2.23517418e-08 0.195090324 -0.980785191 0 0.290284693 -0.956940353 0.0937965587 0.290284693 -0.952332437 0.0961337686 0.195090324 -0.976062477 0 0.99518472 -0.0980171412 0 1 -0 0.00960735977 0.99518472 -0.0975451618 0 -0.923879504 -0.382683456 0 -0.881921232 -0.471396744 0.0462049618 -0.881921232 -0.46912685 0.0375095382 -0.923879504 -0.380840719 0 0.0980171412 -0.99518472 2.23517418e-08 0.195090324 -0.980785191 0.0961337686 0.195090324 -0.976062477 0.0975451618 0.0980171412 -0.990392625 0 0.980785251 -0.195090324 0 0.99518472 -0.0980171412 0.00960735977 0.99518472 -0.0975451618 0.0191221964 0.980785251 -0.19415091 0 -0.956940353 -0.290284693 0 -0.923879504 -0.382683456 0.0375095382 -0.923879504 -0.380840719 0.0284528751 -0.956940353 -0.288886905 0 0 -1 0 0.0980171412 -0.99518472 0.0975451618 0.0980171412 -0.990392625 0.0980171412 0 -0.99518472 0 0.956940353 -0.290284693 0 0.980785251 -0.195090324 0.0191221964 0.980785251 -0.19415091 0.0284528751 0.956940353 -0.288886905 0 -0.980785251 -0.195090324 0 -0.956940353 -0.290284693 0.0284528751 -0.956940353 -0.288886905 0.0191221964 -0.980785251 -0.19415091 0.0621814206 -0.773010433 -0.631338537 0.0693085864 -0.707106769 -0.703701854 0.13794969 -0.707106769 -0.69351989 0.123763993 -0.773010433 -0.622203588 0.0905560255 0.382683456 -0.919430792 0.0864433944 0.471396744 -0.87767452 0.172054291 0.471396744 -0.864975333 0.180239946 0.382683456 -0.906127453 0.054455407 -0.831469595 -0.55289501 0.0621814206 -0.773010433 -0.631338537 0.123763993 -0.773010433 -0.622203588 0.108386375 -0.831469595 -0.544895113 0.0937965587 0.290284693 -0.952332437 0.0905560255 0.382683456 -0.919430792 0.180239946 0.382683456 -0.906127453 0.186689809 0.290284693 -0.938553035 0.0462049618 -0.881921232 -0.46912685 0.054455407 -0.831469595 -0.55289501 0.108386375 -0.831469595 -0.544895113 0.0919649452 -0.881921232 -0.462338984 0.0961337686 0.195090324 -0.976062477 0.0937965587 0.290284693 -0.952332437 0.186689809 0.290284693 -0.938553035 0.191341713 0.195090324 -0.961939692 0.00960735977 0.99518472 -0.0975451618 0 1 -0 0.0191221945 0.99518472 -0.0961337686 0.0375095382 -0.923879504 -0.380840719 0.0462049618 -0.881921232 -0.46912685 0.0919649452 -0.881921232 -0.462338984 0.0746578351 -0.923879504 -0.375330299 0.0975451618 0.0980171412 -0.990392625 0.0961337686 0.195090324 -0.976062477 0.191341713 0.195090324 -0.961939692 0.19415091 0.0980171412 -0.976062477 0.0191221964 0.980785251 -0.19415091 0.00960735977 0.99518472 -0.0975451618 0.0191221945 0.99518472 -0.0961337686 0.038060233 0.980785251 -0.191341728 0.0284528751 -0.956940353 -0.288886905 0.0375095382 -0.923879504 -0.380840719 0.0746578351 -0.923879504 -0.375330299 0.0566317365 -0.956940353 -0.28470695 0.0980171412 0 -0.99518472 0.0975451618 0.0980171412 -0.990392625 0.19415091 0.0980171412 -0.976062477 0.195090324 0 -0.980785251 0.0284528751 0.956940353 -0.288886905 0.0191221964 0.980785251 -0.19415091 0.038060233 0.980785251 -0.191341728 0.0566317365 0.956940353 -0.28470695 0.0191221964 -0.980785251 -0.19415091 0.0284528751 -0.956940353 -0.288886905 0.0566317365 -0.956940353 -0.28470695 0.038060233 -0.980785251 -0.191341728 0.0975451618 -0.0980171412 -0.990392625 0.0980171412 0 -0.99518472 0.195090324 0 -0.980785251 0.19415091 -0.0980171412 -0.976062477 0.0375095382 0.923879504 -0.380840719 0.0284528751 0.956940353 -0.288886905 0.0566317365 0.956940353 -0.28470695 0.0746578351 0.923879504 -0.375330299 0.00960735977 -0.99518472 -0.0975451618 0.0191221964 -0.980785251 -0.19415091 0.038060233 -0.980785251 -0.191341728 0.0191221945 -0.99518472 -0.0961337686 0.0961337686 -0.195090324 -0.976062477 0.0975451618 -0.0980171412 -0.990392625 0.19415091 -0.0980171412 -0.976062477 0.191341713 -0.195090324 -0.961939692 0.0462049618 0.881921232 -0.46912685 0.0375095382 0.923879504 -0.380840719 0.0746578351 0.923879504 -0.375330299 0.0919649452 0.881921232 -0.462338984 0 -1 -0 0.00960735977 -0.99518472 -0.0975451618 0.0191221945 -0.99518472 -0.0961337686 0.0937965587 -0.290284693 -0.952332437 0.0961337686 -0.195090324 -0.976062477 0.191341713 -0.195090324 -0.961939692 0.186689809 -0.290284693 -0.938553035 0.054455407 0.831469595 -0.55289501 0.0462049618 0.881921232 -0.46912685 0.0919649452 0.881921232 -0.462338984 0.108386375 0.831469595 -0.544895113 0.0905560255 -0.382683456 -0.919430792 0.0937965587 -0.290284693 -0.952332437 0.186689809 -0.290284693 -0.938553035 0.180239946 -0.382683456 -0.906127453 0.0621814206 0.773010433 -0.631338537 0.054455407 0.831469595 -0.55289501 0.108386375 0.831469595 -0.544895113 0.123763993 0.773010433 -0.622203588 0.0864433944 -0.471396744 -0.87767452 0.0905560255 -0.382683456 -0.919430792 0.180239946 -0.382683456 -0.906127453 0.172054291 -0.471396744 -0.864975333 0.0693085864 0.707106769 -0.703701854 0.0621814206 0.773010433 -0.631338537 0.123763993 0.773010433 -0.622203588 0.13794969 0.707106769 -0.69351989 0.0814982727 -0.555570245 -0.827465832 0.0864433944 -0.471396744 -0.87767452 0.172054291 -0.471396744 -0.864975333 0.162211671 -0.555570245 -0.815493166 0.0757682696 0.634393334 -0.769288182 0.0693085864 0.707106769 -0.703701854 0.13794969 0.707106769 -0.69351989 0.150806844 0.634393334 -0.758157313 0.0757682696 -0.634393334 -0.769288182 0.0814982727 -0.555570245 -0.827465832 0.162211671 -0.555570245 -0.815493166 0.150806844 -0.634393334 -0.758157313 0.0814982727 0.555570245 -0.827465832 0.0757682696 0.634393334 -0.769288182 0.150806844 0.634393334 -0.758157313 0.162211671 0.555570245 -0.815493166 0.0693085864 -0.707106769 -0.703701854 0.0757682696 -0.634393334 -0.769288182 0.150806844 -0.634393334 -0.758157313 0.13794969 -0.707106769 -0.69351989 0.0864433944 0.471396744 -0.87767452 0.0814982727 0.555570245 -0.827465832 0.162211671 0.555570245 -0.815493166 0.172054291 0.471396744 -0.864975333 0.0919649452 -0.881921232 -0.462338984 0.108386375 -0.831469595 -0.544895113 0.161273524 -0.831469595 -0.531647623 0.136839256 -0.881921232 -0.451098561 0.191341713 0.195090324 -0.961939692 0.186689809 0.290284693 -0.938553035 0.277785122 0.290284693 -0.915734828 0.28470692 0.195090324 -0.938552916 0.0191221945 0.99518472 -0.0961337686 0 1 -0 0.0284528732 0.99518472 -0.0937965512 0.0746578351 -0.923879504 -0.375330299 0.0919649452 -0.881921232 -0.462338984 0.136839256 -0.881921232 -0.451098561 0.111087143 -0.923879504 -0.366205215 0.19415091 0.0980171412 -0.976062477 0.191341713 0.195090324 -0.961939692 0.28470692 0.195090324 -0.938552916 0.288886875 0.0980171412 -0.952332377 0.038060233 0.980785251 -0.191341728 0.0191221945 0.99518472 -0.0961337686 0.0284528732 0.99518472 -0.0937965512 0.0566317327 0.980785251 -0.186689809 0.0566317365 -0.956940353 -0.28470695 0.0746578351 -0.923879504 -0.375330299 0.111087143 -0.923879504 -0.366205215 0.0842652023 -0.956940353 -0.277785122 0.195090324 0 -0.980785251 0.19415091 0.0980171412 -0.976062477 0.288886875 0.0980171412 -0.952332377 0.290284693 0 -0.956940293 0.0566317365 0.956940353 -0.28470695 0.038060233 0.980785251 -0.191341728 0.0566317327 0.980785251 -0.186689809 0.0842652023 0.956940353 -0.277785122 0.038060233 -0.980785251 -0.191341728 0.0566317365 -0.956940353 -0.28470695 0.0842652023 -0.956940353 -0.277785122 0.0566317327 -0.980785251 -0.186689809 0.19415091 -0.0980171412 -0.976062477 0.195090324 0 -0.980785251 0.290284693 0 -0.956940293 0.288886875 -0.0980171412 -0.952332377 0.0746578351 0.923879504 -0.375330299 0.0566317365 0.956940353 -0.28470695 0.0842652023 0.956940353 -0.277785122 0.111087143 0.923879504 -0.366205215 0.0191221945 -0.99518472 -0.0961337686 0.038060233 -0.980785251 -0.191341728 0.0566317327 -0.980785251 -0.186689809 0.0284528732 -0.99518472 -0.0937965512 0.191341713 -0.195090324 -0.961939692 0.19415091 -0.0980171412 -0.976062477 0.288886875 -0.0980171412 -0.952332377 0.28470692 -0.195090324 -0.938552916 0.0919649452 0.881921232 -0.462338984 0.0746578351 0.923879504 -0.375330299 0.111087143 0.923879504 -0.366205215 0.136839256 0.881921232 -0.451098561 0 -1 -0 0.0191221945 -0.99518472 -0.0961337686 0.0284528732 -0.99518472 -0.0937965512 0.186689809 -0.290284693 -0.938553035 0.191341713 -0.195090324 -0.961939692 0.28470692 -0.195090324 -0.938552916 0.277785122 -0.290284693 -0.915734828 0.108386375 0.831469595 -0.544895113 0.0919649452 0.881921232 -0.462338984 0.136839256 0.881921232 -0.451098561 0.161273524 0.831469595 -0.531647623 0.180239946 -0.382683456 -0.906127453 0.186689809 -0.290284693 -0.938553035 0.277785122 -0.290284693 -0.915734828 0.268188059 -0.382683456 -0.884097636 0.123763993 0.773010433 -0.622203588 0.108386375 0.831469595 -0.544895113 0.161273524 0.831469595 -0.531647623 0.18415466 0.773010433 -0.607076526 0.172054291 -0.471396744 -0.864975333 0.180239946 -0.382683456 -0.906127453 0.268188059 -0.382683456 -0.884097636 0.256008208 -0.471396744 -0.84394598 0.13794969 0.707106769 -0.69351989 0.123763993 0.773010433 -0.622203588 0.18415466 0.773010433 -0.607076526 0.205262274 0.707106769 -0.676658988 0.162211671 -0.555570245 -0.815493166 0.172054291 -0.471396744 -0.864975333 0.256008208 -0.471396744 -0.84394598 0.2413629 -0.555570245 -0.795666814 0.150806844 0.634393334 -0.758157313 0.13794969 0.707106769 -0.69351989 0.205262274 0.707106769 -0.676658988 0.22439307 0.634393334 -0.739724934 0.150806844 -0.634393334 -0.758157313 0.162211671 -0.555570245 -0.815493166 0.2413629 -0.555570245 -0.795666814 0.22439307 -0.634393334 -0.739724934 0.162211671 0.555570245 -0.815493166 0.150806844 0.634393334 -0.758157313 0.22439307 0.634393334 -0.739724934 0.2413629 0.555570245 -0.795666814 0.13794969 -0.707106769 -0.69351989 0.150806844 -0.634393334 -0.758157313 0.22439307 -0.634393334 -0.739724934 0.205262274 -0.707106769 -0.676658988 0.172054291 0.471396744 -0.864975333 0.162211671 0.555570245 -0.815493166 0.2413629 0.555570245 -0.795666814 0.256008208 0.471396744 -0.84394598 0.123763993 -0.773010433 -0.622203588 0.13794969 -0.707106769 -0.69351989 0.205262274 -0.707106769 -0.676658988 0.18415466 -0.773010433 -0.607076526 0.180239946 0.382683456 -0.906127453 0.172054291 0.471396744 -0.864975333 0.256008208 0.471396744 -0.84394598 0.268188059 0.382683456 -0.884097636 0.108386375 -0.831469595 -0.544895113 0.123763993 -0.773010433 -0.622203588 0.18415466 -0.773010433 -0.607076526 0.161273524 -0.831469595 -0.531647623 0.186689809 0.290284693 -0.938553035 0.180239946 0.382683456 -0.906127453 0.268188059 0.382683456 -0.884097636 0.277785122 0.290284693 -0.915734828 0.0842652023 -0.956940353 -0.277785122 0.111087143 -0.923879504 -0.366205215 0.146446615 -0.923879504 -0.353553385 0.111087143 -0.956940353 -0.268188059 0.290284693 0 -0.956940293 0.288886875 0.0980171412 -0.952332377 0.380840689 0.0980171412 -0.919430792 0.382683456 0 -0.923879504 0.0842652023 0.956940353 -0.277785122 0.0566317327 0.980785251 -0.186689809 0.0746578351 0.980785251 -0.180239975 0.111087143 0.956940353 -0.268188059 0.0566317327 -0.980785251 -0.186689809 0.0842652023 -0.956940353 -0.277785122 0.111087143 -0.956940353 -0.268188059 0.0746578351 -0.980785251 -0.180239975 0.288886875 -0.0980171412 -0.952332377 0.290284693 0 -0.956940293 0.382683456 0 -0.923879504 0.380840689 -0.0980171412 -0.919430792 0.111087143 0.923879504 -0.366205215 0.0842652023 0.956940353 -0.277785122 0.111087143 0.956940353 -0.268188059 0.146446615 0.923879504 -0.353553385 0.0284528732 -0.99518472 -0.0937965512 0.0566317327 -0.980785251 -0.186689809 0.0746578351 -0.980785251 -0.180239975 0.0375095345 -0.99518472 -0.0905560255 0.28470692 -0.195090324 -0.938552916 0.288886875 -0.0980171412 -0.952332377 0.380840689 -0.0980171412 -0.919430792 0.375330269 -0.195090324 -0.906127334 0.136839256 0.881921232 -0.451098561 0.111087143 0.923879504 -0.366205215 0.146446615 0.923879504 -0.353553385 0.180395737 0.881921232 -0.435513794 0 -1 -0 0.0284528732 -0.99518472 -0.0937965512 0.0375095345 -0.99518472 -0.0905560255 0.277785122 -0.290284693 -0.915734828 0.28470692 -0.195090324 -0.938552916 0.375330269 -0.195090324 -0.906127334 0.366205215 -0.290284693 -0.884097636 0.161273524 0.831469595 -0.531647623 0.136839256 0.881921232 -0.451098561 0.180395737 0.881921232 -0.435513794 0.212607533 0.831469595 -0.513280034 0.268188059 -0.382683456 -0.884097636 0.277785122 -0.290284693 -0.915734828 0.366205215 -0.290284693 -0.884097636 0.353553385 -0.382683456 -0.853553414 0.18415466 0.773010433 -0.607076526 0.161273524 0.831469595 -0.531647623 0.212607533 0.831469595 -0.513280034 0.242771804 0.773010433 -0.586102962 0.256008208 -0.471396744 -0.84394598 0.268188059 -0.382683456 -0.884097636 0.353553385 -0.382683456 -0.853553414 0.337496638 -0.471396744 -0.814788938 0.205262274 0.707106769 -0.676658988 0.18415466 0.773010433 -0.607076526 0.242771804 0.773010433 -0.586102962 0.270598054 0.707106769 -0.65328145 0.2413629 -0.555570245 -0.795666814 0.256008208 -0.471396744 -0.84394598 0.337496638 -0.471396744 -0.814788938 0.318189651 -0.555570245 -0.768177748 0.22439307 0.634393334 -0.739724934 0.205262274 0.707106769 -0.676658988 0.270598054 0.707106769 -0.65328145 0.295818269 0.634393334 -0.714168608 0.22439307 -0.634393334 -0.739724934 0.2413629 -0.555570245 -0.795666814 0.318189651 -0.555570245 -0.768177748 0.295818269 -0.634393334 -0.714168608 0.2413629 0.555570245 -0.795666814 0.22439307 0.634393334 -0.739724934 0.295818269 0.634393334 -0.714168608 0.318189651 0.555570245 -0.768177748 0.205262274 -0.707106769 -0.676658988 0.22439307 -0.634393334 -0.739724934 0.295818269 -0.634393334 -0.714168608 0.270598054 -0.707106769 -0.65328145 0.256008208 0.471396744 -0.84394598 0.2413629 0.555570245 -0.795666814 0.318189651 0.555570245 -0.768177748 0.337496638 0.471396744 -0.814788938 0.18415466 -0.773010433 -0.607076526 0.205262274 -0.707106769 -0.676658988 0.270598054 -0.707106769 -0.65328145 0.242771804 -0.773010433 -0.586102962 0.268188059 0.382683456 -0.884097636 0.256008208 0.471396744 -0.84394598 0.337496638 0.471396744 -0.814788938 0.353553385 0.382683456 -0.853553414 0.161273524 -0.831469595 -0.531647623 0.18415466 -0.773010433 -0.607076526 0.242771804 -0.773010433 -0.586102962 0.212607533 -0.831469595 -0.513280034 0.277785122 0.290284693 -0.915734828 0.268188059 0.382683456 -0.884097636 0.353553385 0.382683456 -0.853553414 0.366205215 0.290284693 -0.884097636 0.136839256 -0.881921232 -0.451098561 0.161273524 -0.831469595 -0.531647623 0.212607533 -0.831469595 -0.513280034 0.180395737 -0.881921232 -0.435513794 0.28470692 0.195090324 -0.938552916 0.277785122 0.290284693 -0.915734828 0.366205215 0.290284693 -0.884097636 0.375330269 0.195090324 -0.906127334 0.0284528732 0.99518472 -0.0937965512 0 1 -0 0.0375095345 0.99518472 -0.0905560255 0.111087143 -0.923879504 -0.366205215 0.136839256 -0.881921232 -0.451098561 0.180395737 -0.881921232 -0.435513794 0.146446615 -0.923879504 -0.353553385 0.288886875 0.0980171412 -0.952332377 0.28470692 0.195090324 -0.938552916 0.375330269 0.195090324 -0.906127334 0.380840689 0.0980171412 -0.919430792 0.0566317327 0.980785251 -0.186689809 0.0284528732 0.99518472 -0.0937965512 0.0375095345 0.99518472 -0.0905560255 0.0746578351 0.980785251 -0.180239975 0.0375095345 -0.99518472 -0.0905560255 0.0746578351 -0.980785251 -0.180239975 0.0919649452 -0.980785251 -0.172054321 0.0462049544 -0.99518472 -0.0864433944 0.375330269 -0.195090324 -0.906127334 0.380840689 -0.0980171412 -0.919430792 0.469126821 -0.0980171412 -0.87767458 0.462338954 -0.195090324 -0.864975274 0.180395737 0.881921232 -0.435513794 0.146446615 0.923879504 -0.353553385 0.180395722 0.923879504 -0.337496638 0.222214893 0.881921232 -0.415734798 0 -1 -0 0.0375095345 -0.99518472 -0.0905560255 0.0462049544 -0.99518472 -0.0864433944 0.366205215 -0.290284693 -0.884097636 0.375330269 -0.195090324 -0.906127334 0.462338954 -0.195090324 -0.864975274 0.451098561 -0.290284693 -0.84394604 0.212607533 0.831469595 -0.513280034 0.180395737 0.881921232 -0.435513794 0.222214893 0.881921232 -0.415734798 0.261894017 0.831469595 -0.489969283 0.353553385 -0.382683456 -0.853553414 0.366205215 -0.290284693 -0.884097636 0.451098561 -0.290284693 -0.84394604 0.435513794 -0.382683456 -0.814788997 0.242771804 0.773010433 -0.586102962 0.212607533 0.831469595 -0.513280034 0.261894017 0.831469595 -0.489969283 0.299050927 0.773010433 -0.559484899 0.337496638 -0.471396744 -0.814788938 0.353553385 -0.382683456 -0.853553414 0.435513794 -0.382683456 -0.814788997 0.415734768 -0.471396744 -0.777785063 0.270598054 0.707106769 -0.65328145 0.242771804 0.773010433 -0.586102962 0.299050927 0.773010433 -0.559484899 0.33332783 0.707106769 -0.623612463 0.318189651 -0.555570245 -0.768177748 0.337496638 -0.471396744 -0.814788938 0.415734768 -0.471396744 -0.777785063 0.391952068 -0.555570245 -0.733290732 0.295818269 0.634393334 -0.714168608 0.270598054 0.707106769 -0.65328145 0.33332783 0.707106769 -0.623612463 0.364394575 0.634393334 -0.681734383 0.295818269 -0.634393334 -0.714168608 0.318189651 -0.555570245 -0.768177748 0.391952068 -0.555570245 -0.733290732 0.364394575 -0.634393334 -0.681734383 0.318189651 0.555570245 -0.768177748 0.295818269 0.634393334 -0.714168608 0.364394575 0.634393334 -0.681734383 0.391952068 0.555570245 -0.733290732 0.270598054 -0.707106769 -0.65328145 0.295818269 -0.634393334 -0.714168608 0.364394575 -0.634393334 -0.681734383 0.33332783 -0.707106769 -0.623612463 0.337496638 0.471396744 -0.814788938 0.318189651 0.555570245 -0.768177748 0.391952068 0.555570245 -0.733290732 0.415734768 0.471396744 -0.777785063 0.242771804 -0.773010433 -0.586102962 0.270598054 -0.707106769 -0.65328145 0.33332783 -0.707106769 -0.623612463 0.299050927 -0.773010433 -0.559484899 0.353553385 0.382683456 -0.853553414 0.337496638 0.471396744 -0.814788938 0.415734768 0.471396744 -0.777785063 0.435513794 0.382683456 -0.814788997 0.212607533 -0.831469595 -0.513280034 0.242771804 -0.773010433 -0.586102962 0.299050927 -0.773010433 -0.559484899 0.261894017 -0.831469595 -0.489969283 0.366205215 0.290284693 -0.884097636 0.353553385 0.382683456 -0.853553414 0.435513794 0.382683456 -0.814788997 0.451098561 0.290284693 -0.84394604 0.180395737 -0.881921232 -0.435513794 0.212607533 -0.831469595 -0.513280034 0.261894017 -0.831469595 -0.489969283 0.222214893 -0.881921232 -0.415734798 0.375330269 0.195090324 -0.906127334 0.366205215 0.290284693 -0.884097636 0.451098561 0.290284693 -0.84394604 0.462338954 0.195090324 -0.864975274 0.0375095345 0.99518472 -0.0905560255 0 1 -0 0.0462049544 0.99518472 -0.0864433944 0.146446615 -0.923879504 -0.353553385 0.180395737 -0.881921232 -0.435513794 0.222214893 -0.881921232 -0.415734798 0.180395722 -0.923879504 -0.337496638 0.380840689 0.0980171412 -0.919430792 0.375330269 0.195090324 -0.906127334 0.462338954 0.195090324 -0.864975274 0.469126821 0.0980171412 -0.87767458 0.0746578351 0.980785251 -0.180239975 0.0375095345 0.99518472 -0.0905560255 0.0462049544 0.99518472 -0.0864433944 0.0919649452 0.980785251 -0.172054321 0.111087143 -0.956940353 -0.268188059 0.146446615 -0.923879504 -0.353553385 0.180395722 -0.923879504 -0.337496638 0.136839256 -0.956940353 -0.256008208 0.382683456 0 -0.923879504 0.380840689 0.0980171412 -0.919430792 0.469126821 0.0980171412 -0.87767458 0.471396744 0 -0.881921232 0.111087143 0.956940353 -0.268188059 0.0746578351 0.980785251 -0.180239975 0.0919649452 0.980785251 -0.172054321 0.136839256 0.956940353 -0.256008208 0.0746578351 -0.980785251 -0.180239975 0.111087143 -0.956940353 -0.268188059 0.136839256 -0.956940353 -0.256008208 0.0919649452 -0.980785251 -0.172054321 0.380840689 -0.0980171412 -0.919430792 0.382683456 0 -0.923879504 0.471396744 0 -0.881921232 0.469126821 -0.0980171412 -0.87767458 0.146446615 0.923879504 -0.353553385 0.111087143 0.956940353 -0.268188059 0.136839256 0.956940353 -0.256008208 0.180395722 0.923879504 -0.337496638 0.435513794 -0.382683456 -0.814788997 0.451098561 -0.290284693 -0.84394604 0.531647563 -0.290284693 -0.795666814 0.513279974 -0.382683456 -0.768177748 0.299050927 0.773010433 -0.559484899 0.261894017 0.831469595 -0.489969283 0.308658332 0.831469595 -0.461939842 0.352450013 0.773010433 -0.527478695 0.415734768 -0.471396744 -0.777785063 0.435513794 -0.382683456 -0.814788997 0.513279974 -0.382683456 -0.768177748 0.489969164 -0.471396744 -0.733290672 0.33332783 0.707106769 -0.623612463 0.299050927 0.773010433 -0.559484899 0.352450013 0.773010433 -0.527478695 0.392847478 0.707106769 -0.587937713 0.391952068 -0.555570245 -0.733290732 0.415734768 -0.471396744 -0.777785063 0.489969164 -0.471396744 -0.733290672 0.461939782 -0.555570245 -0.691341758 0.364394575 0.634393334 -0.681734383 0.33332783 0.707106769 -0.623612463 0.392847478 0.707106769 -0.587937713 0.429461569 0.634393334 -0.642734766 0.364394575 -0.634393334 -0.681734383 0.391952068 -0.555570245 -0.733290732 0.461939782 -0.555570245 -0.691341758 0.429461569 -0.634393334 -0.642734766 0.391952068 0.555570245 -0.733290732 0.364394575 0.634393334 -0.681734383 0.429461569 0.634393334 -0.642734766 0.461939782 0.555570245 -0.691341758 0.33332783 -0.707106769 -0.623612463 0.364394575 -0.634393334 -0.681734383 0.429461569 -0.634393334 -0.642734766 0.392847478 -0.707106769 -0.587937713 0.415734768 0.471396744 -0.777785063 0.391952068 0.555570245 -0.733290732 0.461939782 0.555570245 -0.691341758 0.489969164 0.471396744 -0.733290672 0.299050927 -0.773010433 -0.559484899 0.33332783 -0.707106769 -0.623612463 0.392847478 -0.707106769 -0.587937713 0.352450013 -0.773010433 -0.527478695 0.435513794 0.382683456 -0.814788997 0.415734768 0.471396744 -0.777785063 0.489969164 0.471396744 -0.733290672 0.513279974 0.382683456 -0.768177748 0.261894017 -0.831469595 -0.489969283 0.299050927 -0.773010433 -0.559484899 0.352450013 -0.773010433 -0.527478695 0.308658332 -0.831469595 -0.461939842 0.451098561 0.290284693 -0.84394604 0.435513794 0.382683456 -0.814788997 0.513279974 0.382683456 -0.768177748 0.531647563 0.290284693 -0.795666814 0.222214893 -0.881921232 -0.415734798 0.261894017 -0.831469595 -0.489969283 0.308658332 -0.831469595 -0.461939842 0.261894017 -0.881921232 -0.391952038 0.462338954 0.195090324 -0.864975274 0.451098561 0.290284693 -0.84394604 0.531647563 0.290284693 -0.795666814 0.544895053 0.195090324 -0.815492988 0.0462049544 0.99518472 -0.0864433944 0 1 -0 0.0544553995 0.99518472 -0.0814982653 0.180395722 -0.923879504 -0.337496638 0.222214893 -0.881921232 -0.415734798 0.261894017 -0.881921232 -0.391952038 0.212607518 -0.923879504 -0.318189621 0.469126821 0.0980171412 -0.87767458 0.462338954 0.195090324 -0.864975274 0.544895053 0.195090324 -0.815492988 0.55289501 0.0980171412 -0.827465832 0.0919649452 0.980785251 -0.172054321 0.0462049544 0.99518472 -0.0864433944 0.0544553995 0.99518472 -0.0814982653 0.108386375 0.980785251 -0.162211686 0.136839256 -0.956940353 -0.256008208 0.180395722 -0.923879504 -0.337496638 0.212607518 -0.923879504 -0.318189621 0.161273539 -0.956940353 -0.24136287 0.471396744 0 -0.881921232 0.469126821 0.0980171412 -0.87767458 0.55289501 0.0980171412 -0.827465832 0.555570245 0 -0.831469536 0.136839256 0.956940353 -0.256008208 0.0919649452 0.980785251 -0.172054321 0.108386375 0.980785251 -0.162211686 0.161273539 0.956940353 -0.24136287 0.0919649452 -0.980785251 -0.172054321 0.136839256 -0.956940353 -0.256008208 0.161273539 -0.956940353 -0.24136287 0.108386375 -0.980785251 -0.162211686 0.469126821 -0.0980171412 -0.87767458 0.471396744 0 -0.881921232 0.555570245 0 -0.831469536 0.55289501 -0.0980171412 -0.827465832 0.180395722 0.923879504 -0.337496638 0.136839256 0.956940353 -0.256008208 0.161273539 0.956940353 -0.24136287 0.212607518 0.923879504 -0.318189621 0.0462049544 -0.99518472 -0.0864433944 0.0919649452 -0.980785251 -0.172054321 0.108386375 -0.980785251 -0.162211686 0.0544553995 -0.99518472 -0.0814982653 0.462338954 -0.195090324 -0.864975274 0.469126821 -0.0980171412 -0.87767458 0.55289501 -0.0980171412 -0.827465832 0.544895053 -0.195090324 -0.815492988 0.222214893 0.881921232 -0.415734798 0.180395722 0.923879504 -0.337496638 0.212607518 0.923879504 -0.318189621 0.261894017 0.881921232 -0.391952038 0 -1 -0 0.0462049544 -0.99518472 -0.0864433944 0.0544553995 -0.99518472 -0.0814982653 0.451098561 -0.290284693 -0.84394604 0.462338954 -0.195090324 -0.864975274 0.544895053 -0.195090324 -0.815492988 0.531647563 -0.290284693 -0.795666814 0.261894017 0.831469595 -0.489969283 0.222214893 0.881921232 -0.415734798 0.261894017 0.881921232 -0.391952038 0.308658332 0.831469595 -0.461939842 0.461939782 -0.555570245 -0.691341758 0.489969164 -0.471396744 -0.733290672 0.559484899 -0.471396744 -0.681734324 0.527478755 -0.555570245 -0.642734766 0.429461569 0.634393334 -0.642734766 0.392847478 0.707106769 -0.587937713 0.448583782 0.707106769 -0.546600819 0.490392625 0.634393334 -0.597545207 0.429461569 -0.634393334 -0.642734766 0.461939782 -0.555570245 -0.691341758 0.527478755 -0.555570245 -0.642734766 0.490392625 -0.634393334 -0.597545207 0.461939782 0.555570245 -0.691341758 0.429461569 0.634393334 -0.642734766 0.490392625 0.634393334 -0.597545207 0.527478755 0.555570245 -0.642734766 0.392847478 -0.707106769 -0.587937713 0.429461569 -0.634393334 -0.642734766 0.490392625 -0.634393334 -0.597545207 0.448583782 -0.707106769 -0.546600819 0.489969164 0.471396744 -0.733290672 0.461939782 0.555570245 -0.691341758 0.527478755 0.555570245 -0.642734766 0.559484899 0.471396744 -0.681734324 0.352450013 -0.773010433 -0.527478695 0.392847478 -0.707106769 -0.587937713 0.448583782 -0.707106769 -0.546600819 0.402454823 -0.773010433 -0.490392625 0.513279974 0.382683456 -0.768177748 0.489969164 0.471396744 -0.733290672 0.559484899 0.471396744 -0.681734324 0.586102962 0.382683456 -0.714168489 0.308658332 -0.831469595 -0.461939842 0.352450013 -0.773010433 -0.527478695 0.402454823 -0.773010433 -0.490392625 0.352450073 -0.831469595 -0.429461688 0.531647563 0.290284693 -0.795666814 0.513279974 0.382683456 -0.768177748 0.586102962 0.382683456 -0.714168489 0.607076526 0.290284693 -0.739724874 0.261894017 -0.881921232 -0.391952038 0.308658332 -0.831469595 -0.461939842 0.352450073 -0.831469595 -0.429461688 0.299050957 -0.881921232 -0.364394575 0.544895053 0.195090324 -0.815492988 0.531647563 0.290284693 -0.795666814 0.607076526 0.290284693 -0.739724874 0.622203529 0.195090324 -0.758157134 0.0544553995 0.99518472 -0.0814982653 0 1 -0 0.0621814057 0.99518472 -0.0757682621 0.212607518 -0.923879504 -0.318189621 0.261894017 -0.881921232 -0.391952038 0.299050957 -0.881921232 -0.364394575 0.242771789 -0.923879504 -0.295818269 0.55289501 0.0980171412 -0.827465832 0.544895053 0.195090324 -0.815492988 0.622203529 0.195090324 -0.758157134 0.631338477 0.0980171412 -0.769288182 0.108386375 0.980785251 -0.162211686 0.0544553995 0.99518472 -0.0814982653 0.0621814057 0.99518472 -0.0757682621 0.123763986 0.980785251 -0.150806874 0.161273539 -0.956940353 -0.24136287 0.212607518 -0.923879504 -0.318189621 0.242771789 -0.923879504 -0.295818269 0.18415466 -0.956940353 -0.22439307 0.555570245 0 -0.831469536 0.55289501 0.0980171412 -0.827465832 0.631338477 0.0980171412 -0.769288182 0.634393275 0 -0.773010373 0.161273539 0.956940353 -0.24136287 0.108386375 0.980785251 -0.162211686 0.123763986 0.980785251 -0.150806874 0.18415466 0.956940353 -0.22439307 0.108386375 -0.980785251 -0.162211686 0.161273539 -0.956940353 -0.24136287 0.18415466 -0.956940353 -0.22439307 0.123763986 -0.980785251 -0.150806874 0.55289501 -0.0980171412 -0.827465832 0.555570245 0 -0.831469536 0.634393275 0 -0.773010373 0.631338477 -0.0980171412 -0.769288182 0.212607518 0.923879504 -0.318189621 0.161273539 0.956940353 -0.24136287 0.18415466 0.956940353 -0.22439307 0.242771789 0.923879504 -0.295818269 0.0544553995 -0.99518472 -0.0814982653 0.108386375 -0.980785251 -0.162211686 0.123763986 -0.980785251 -0.150806874 0.0621814057 -0.99518472 -0.0757682621 0.544895053 -0.195090324 -0.815492988 0.55289501 -0.0980171412 -0.827465832 0.631338477 -0.0980171412 -0.769288182 0.622203529 -0.195090324 -0.758157134 0.261894017 0.881921232 -0.391952038 0.212607518 0.923879504 -0.318189621 0.242771789 0.923879504 -0.295818269 0.299050957 0.881921232 -0.364394575 0 -1 -0 0.0544553995 -0.99518472 -0.0814982653 0.0621814057 -0.99518472 -0.0757682621 0.531647563 -0.290284693 -0.795666814 0.544895053 -0.195090324 -0.815492988 0.622203529 -0.195090324 -0.758157134 0.607076526 -0.290284693 -0.739724874 0.308658332 0.831469595 -0.461939842 0.261894017 0.881921232 -0.391952038 0.299050957 0.881921232 -0.364394575 0.352450073 0.831469595 -0.429461688 0.513279974 -0.382683456 -0.768177748 0.531647563 -0.290284693 -0.795666814 0.607076526 -0.290284693 -0.739724874 0.586102962 -0.382683456 -0.714168489 0.352450013 0.773010433 -0.527478695 0.308658332 0.831469595 -0.461939842 0.352450073 0.831469595 -0.429461688 0.402454823 0.773010433 -0.490392625 0.489969164 -0.471396744 -0.733290672 0.513279974 -0.382683456 -0.768177748 0.586102962 -0.382683456 -0.714168489 0.559484899 -0.471396744 -0.681734324 0.392847478 0.707106769 -0.587937713 0.352450013 0.773010433 -0.527478695 0.402454823 0.773010433 -0.490392625 0.448583782 0.707106769 -0.546600819 0.448583782 -0.707106769 -0.546600819 0.490392625 -0.634393334 -0.597545207 0.546600938 -0.634393334 -0.546600938 0.5 -0.707106769 -0.499999881 0.559484899 0.471396744 -0.681734324 0.527478755 0.555570245 -0.642734766 0.587937832 0.555570245 -0.587937832 0.623612463 0.471396744 -0.623612463 0.402454823 -0.773010433 -0.490392625 0.448583782 -0.707106769 -0.546600819 0.5 -0.707106769 -0.499999881 0.448583782 -0.773010433 -0.448583782 0.586102962 0.382683456 -0.714168489 0.559484899 0.471396744 -0.681734324 0.623612463 0.471396744 -0.623612463 0.65328145 0.382683456 -0.653281391 0.352450073 -0.831469595 -0.429461688 0.402454823 -0.773010433 -0.490392625 0.448583782 -0.773010433 -0.448583782 0.392847538 -0.831469595 -0.392847568 0.607076526 0.290284693 -0.739724874 0.586102962 0.382683456 -0.714168489 0.65328145 0.382683456 -0.653281391 0.676658988 0.290284693 -0.676658988 0.299050957 -0.881921232 -0.364394575 0.352450073 -0.831469595 -0.429461688 0.392847538 -0.831469595 -0.392847568 0.33332786 -0.881921232 -0.33332777 0.622203529 0.195090324 -0.758157134 0.607076526 0.290284693 -0.739724874 0.676658988 0.290284693 -0.676658988 0.693519831 0.195090324 -0.693519771 0.0621814057 0.99518472 -0.0757682621 0 1 -0 0.0693085715 0.99518472 -0.0693085715 0.242771789 -0.923879504 -0.295818269 0.299050957 -0.881921232 -0.364394575 0.33332786 -0.881921232 -0.33332777 0.270598054 -0.923879504 -0.270598024 0.631338477 0.0980171412 -0.769288182 0.622203529 0.195090324 -0.758157134 0.693519831 0.195090324 -0.693519771 0.703701854 0.0980171412 -0.703701854 0.123763986 0.980785251 -0.150806874 0.0621814057 0.99518472 -0.0757682621 0.0693085715 0.99518472 -0.0693085715 0.13794969 0.980785251 -0.137949705 0.18415466 -0.956940353 -0.22439307 0.242771789 -0.923879504 -0.295818269 0.270598054 -0.923879504 -0.270598024 0.205262274 -0.956940353 -0.205262244 0.634393275 0 -0.773010373 0.631338477 0.0980171412 -0.769288182 0.703701854 0.0980171412 -0.703701854 0.707106769 0 -0.707106709 0.18415466 0.956940353 -0.22439307 0.123763986 0.980785251 -0.150806874 0.13794969 0.980785251 -0.137949705 0.205262274 0.956940353 -0.205262244 0.123763986 -0.980785251 -0.150806874 0.18415466 -0.956940353 -0.22439307 0.205262274 -0.956940353 -0.205262244 0.13794969 -0.980785251 -0.137949705 0.631338477 -0.0980171412 -0.769288182 0.634393275 0 -0.773010373 0.707106769 0 -0.707106709 0.703701854 -0.0980171412 -0.703701854 0.242771789 0.923879504 -0.295818269 0.18415466 0.956940353 -0.22439307 0.205262274 0.956940353 -0.205262244 0.270598054 0.923879504 -0.270598024 0.0621814057 -0.99518472 -0.0757682621 0.123763986 -0.980785251 -0.150806874 0.13794969 -0.980785251 -0.137949705 0.0693085715 -0.99518472 -0.0693085715 0.622203529 -0.195090324 -0.758157134 0.631338477 -0.0980171412 -0.769288182 0.703701854 -0.0980171412 -0.703701854 0.693519831 -0.195090324 -0.693519771 0.299050957 0.881921232 -0.364394575 0.242771789 0.923879504 -0.295818269 0.270598054 0.923879504 -0.270598024 0.33332786 0.881921232 -0.33332777 0 -1 -0 0.0621814057 -0.99518472 -0.0757682621 0.0693085715 -0.99518472 -0.0693085715 0.607076526 -0.290284693 -0.739724874 0.622203529 -0.195090324 -0.758157134 0.693519831 -0.195090324 -0.693519771 0.676658988 -0.290284693 -0.676658988 0.352450073 0.831469595 -0.429461688 0.299050957 0.881921232 -0.364394575 0.33332786 0.881921232 -0.33332777 0.392847538 0.831469595 -0.392847568 0.586102962 -0.382683456 -0.714168489 0.607076526 -0.290284693 -0.739724874 0.676658988 -0.290284693 -0.676658988 0.65328145 -0.382683456 -0.653281391 0.402454823 0.773010433 -0.490392625 0.352450073 0.831469595 -0.429461688 0.392847538 0.831469595 -0.392847568 0.448583782 0.773010433 -0.448583782 0.559484899 -0.471396744 -0.681734324 0.586102962 -0.382683456 -0.714168489 0.65328145 -0.382683456 -0.653281391 0.623612463 -0.471396744 -0.623612463 0.448583782 0.707106769 -0.546600819 0.402454823 0.773010433 -0.490392625 0.448583782 0.773010433 -0.448583782 0.5 0.707106769 -0.499999881 0.527478755 -0.555570245 -0.642734766 0.559484899 -0.471396744 -0.681734324 0.623612463 -0.471396744 -0.623612463 0.587937832 -0.555570245 -0.587937832 0.490392625 0.634393334 -0.597545207 0.448583782 0.707106769 -0.546600819 0.5 0.707106769 -0.499999881 0.546600938 0.634393334 -0.546600938 0.490392625 -0.634393334 -0.597545207 0.527478755 -0.555570245 -0.642734766 0.587937832 -0.555570245 -0.587937832 0.546600938 -0.634393334 -0.546600938 0.527478755 0.555570245 -0.642734766 0.490392625 0.634393334 -0.597545207 0.546600938 0.634393334 -0.546600938 0.587937832 0.555570245 -0.587937832 0.392847538 -0.831469595 -0.392847568 0.448583782 -0.773010433 -0.448583782 0.490392625 -0.773010433 -0.402454853 0.429461658 -0.831469595 -0.352450103 0.676658988 0.290284693 -0.676658988 0.65328145 0.382683456 -0.653281391 0.714168489 0.382683456 -0.586102843 0.739724874 0.290284693 -0.607076526 0.33332786 -0.881921232 -0.33332777 0.392847538 -0.831469595 -0.392847568 0.429461658 -0.831469595 -0.352450103 0.364394635 -0.881921232 -0.299050868 0.693519831 0.195090324 -0.693519771 0.676658988 0.290284693 -0.676658988 0.739724874 0.290284693 -0.607076526 0.758157194 0.195090324 -0.622203469 0.0693085715 0.99518472 -0.0693085715 0 1 -0 0.0757682621 0.99518472 -0.062181402 0.270598054 -0.923879504 -0.270598024 0.33332786 -0.881921232 -0.33332777 0.364394635 -0.881921232 -0.299050868 0.295818269 -0.923879504 -0.24277176 0.703701854 0.0980171412 -0.703701854 0.693519831 0.195090324 -0.693519771 0.758157194 0.195090324 -0.622203469 0.769288182 0.0980171412 -0.631338477 0.13794969 0.980785251 -0.137949705 0.0693085715 0.99518472 -0.0693085715 0.0757682621 0.99518472 -0.062181402 0.150806859 0.980785251 -0.123764008 0.205262274 -0.956940353 -0.205262244 0.270598054 -0.923879504 -0.270598024 0.295818269 -0.923879504 -0.24277176 0.2243931 -0.956940353 -0.18415463 0.707106769 0 -0.707106709 0.703701854 0.0980171412 -0.703701854 0.769288182 0.0980171412 -0.631338477 0.773010433 0 -0.634393215 0.205262274 0.956940353 -0.205262244 0.13794969 0.980785251 -0.137949705 0.150806859 0.980785251 -0.123764008 0.2243931 0.956940353 -0.18415463 0.13794969 -0.980785251 -0.137949705 0.205262274 -0.956940353 -0.205262244 0.2243931 -0.956940353 -0.18415463 0.150806859 -0.980785251 -0.123764008 0.703701854 -0.0980171412 -0.703701854 0.707106769 0 -0.707106709 0.773010433 0 -0.634393215 0.769288182 -0.0980171412 -0.631338477 0.270598054 0.923879504 -0.270598024 0.205262274 0.956940353 -0.205262244 0.2243931 0.956940353 -0.18415463 0.295818269 0.923879504 -0.24277176 0.0693085715 -0.99518472 -0.0693085715 0.13794969 -0.980785251 -0.137949705 0.150806859 -0.980785251 -0.123764008 0.0757682621 -0.99518472 -0.062181402 0.693519831 -0.195090324 -0.693519771 0.703701854 -0.0980171412 -0.703701854 0.769288182 -0.0980171412 -0.631338477 0.758157194 -0.195090324 -0.622203469 0.33332786 0.881921232 -0.33332777 0.270598054 0.923879504 -0.270598024 0.295818269 0.923879504 -0.24277176 0.364394635 0.881921232 -0.299050868 0 -1 -0 0.0693085715 -0.99518472 -0.0693085715 0.0757682621 -0.99518472 -0.062181402 0.676658988 -0.290284693 -0.676658988 0.693519831 -0.195090324 -0.693519771 0.758157194 -0.195090324 -0.622203469 0.739724874 -0.290284693 -0.607076526 0.392847538 0.831469595 -0.392847568 0.33332786 0.881921232 -0.33332777 0.364394635 0.881921232 -0.299050868 0.429461658 0.831469595 -0.352450103 0.65328145 -0.382683456 -0.653281391 0.676658988 -0.290284693 -0.676658988 0.739724874 -0.290284693 -0.607076526 0.714168489 -0.382683456 -0.586102843 0.448583782 0.773010433 -0.448583782 0.392847538 0.831469595 -0.392847568 0.429461658 0.831469595 -0.352450103 0.490392625 0.773010433 -0.402454853 0.623612463 -0.471396744 -0.623612463 0.65328145 -0.382683456 -0.653281391 0.714168489 -0.382683456 -0.586102843 0.681734324 -0.471396744 -0.559484839 0.5 0.707106769 -0.499999881 0.448583782 0.773010433 -0.448583782 0.490392625 0.773010433 -0.402454853 0.546600938 0.707106769 -0.448583663 0.587937832 -0.555570245 -0.587937832 0.623612463 -0.471396744 -0.623612463 0.681734324 -0.471396744 -0.559484839 0.642734706 -0.555570245 -0.527478755 0.546600938 0.634393334 -0.546600938 0.5 0.707106769 -0.499999881 0.546600938 0.707106769 -0.448583663 0.597545147 0.634393334 -0.490392655 0.546600938 -0.634393334 -0.546600938 0.587937832 -0.555570245 -0.587937832 0.642734706 -0.555570245 -0.527478755 0.597545147 -0.634393334 -0.490392655 0.587937832 0.555570245 -0.587937832 0.546600938 0.634393334 -0.546600938 0.597545147 0.634393334 -0.490392655 0.642734706 0.555570245 -0.527478755 0.5 -0.707106769 -0.499999881 0.546600938 -0.634393334 -0.546600938 0.597545147 -0.634393334 -0.490392655 0.546600938 -0.707106769 -0.448583663 0.623612463 0.471396744 -0.623612463 0.587937832 0.555570245 -0.587937832 0.642734706 0.555570245 -0.527478755 0.681734324 0.471396744 -0.559484839 0.448583782 -0.773010433 -0.448583782 0.5 -0.707106769 -0.499999881 0.546600938 -0.707106769 -0.448583663 0.490392625 -0.773010433 -0.402454853 0.65328145 0.382683456 -0.653281391 0.623612463 0.471396744 -0.623612463 0.681734324 0.471396744 -0.559484839 0.714168489 0.382683456 -0.586102843 0.0757682621 0.99518472 -0.062181402 0 1 -0 0.0814982578 0.99518472 -0.0544553921 0.295818269 -0.923879504 -0.24277176 0.364394635 -0.881921232 -0.299050868 0.391952068 -0.881921232 -0.261893928 0.318189591 -0.923879504 -0.212607488 0.769288182 0.0980171412 -0.631338477 0.758157194 0.195090324 -0.622203469 0.815493047 0.195090324 -0.544894993 0.827465892 0.0980171412 -0.55289495 0.150806859 0.980785251 -0.123764008 0.0757682621 0.99518472 -0.062181402 0.0814982578 0.99518472 -0.0544553921 0.162211671 0.980785251 -0.108386397 0.2243931 -0.956940353 -0.18415463 0.295818269 -0.923879504 -0.24277176 0.318189591 -0.923879504 -0.212607488 0.2413629 -0.956940353 -0.161273509 0.773010433 0 -0.634393215 0.769288182 0.0980171412 -0.631338477 0.827465892 0.0980171412 -0.55289495 0.831469595 0 -0.555570126 0.2243931 0.956940353 -0.18415463 0.150806859 0.980785251 -0.123764008 0.162211671 0.980785251 -0.108386397 0.2413629 0.956940353 -0.161273509 0.150806859 -0.980785251 -0.123764008 0.2243931 -0.956940353 -0.18415463 0.2413629 -0.956940353 -0.161273509 0.162211671 -0.980785251 -0.108386397 0.769288182 -0.0980171412 -0.631338477 0.773010433 0 -0.634393215 0.831469595 0 -0.555570126 0.827465892 -0.0980171412 -0.55289495 0.295818269 0.923879504 -0.24277176 0.2243931 0.956940353 -0.18415463 0.2413629 0.956940353 -0.161273509 0.318189591 0.923879504 -0.212607488 0.0757682621 -0.99518472 -0.062181402 0.150806859 -0.980785251 -0.123764008 0.162211671 -0.980785251 -0.108386397 0.0814982578 -0.99518472 -0.0544553921 0.758157194 -0.195090324 -0.622203469 0.769288182 -0.0980171412 -0.631338477 0.827465892 -0.0980171412 -0.55289495 0.815493047 -0.195090324 -0.544894993 0.364394635 0.881921232 -0.299050868 0.295818269 0.923879504 -0.24277176 0.318189591 0.923879504 -0.212607488 0.391952068 0.881921232 -0.261893928 0 -1 -0 0.0757682621 -0.99518472 -0.062181402 0.0814982578 -0.99518472 -0.0544553921 0.739724874 -0.290284693 -0.607076526 0.758157194 -0.195090324 -0.622203469 0.815493047 -0.195090324 -0.544894993 0.795666814 -0.290284693 -0.531647563 0.429461658 0.831469595 -0.352450103 0.364394635 0.881921232 -0.299050868 0.391952068 0.881921232 -0.261893928 0.461939812 0.831469595 -0.308658361 0.714168489 -0.382683456 -0.586102843 0.739724874 -0.290284693 -0.607076526 0.795666814 -0.290284693 -0.531647563 0.768177688 -0.382683456 -0.513279855 0.490392625 0.773010433 -0.402454853 0.429461658 0.831469595 -0.352450103 0.461939812 0.831469595 -0.308658361 0.527478695 0.773010433 -0.352450043 0.681734324 -0.471396744 -0.559484839 0.714168489 -0.382683456 -0.586102843 0.768177688 -0.382683456 -0.513279855 0.733290672 -0.471396744 -0.489969134 0.546600938 0.707106769 -0.448583663 0.490392625 0.773010433 -0.402454853 0.527478695 0.773010433 -0.352450043 0.587937832 0.707106769 -0.392847359 0.642734706 -0.555570245 -0.527478755 0.681734324 -0.471396744 -0.559484839 0.733290672 -0.471396744 -0.489969134 0.691341698 -0.555570245 -0.461939812 0.597545147 0.634393334 -0.490392655 0.546600938 0.707106769 -0.448583663 0.587937832 0.707106769 -0.392847359 0.642734647 0.634393334 -0.429461598 0.597545147 -0.634393334 -0.490392655 0.642734706 -0.555570245 -0.527478755 0.691341698 -0.555570245 -0.461939812 0.642734647 -0.634393334 -0.429461598 0.642734706 0.555570245 -0.527478755 0.597545147 0.634393334 -0.490392655 0.642734647 0.634393334 -0.429461598 0.691341698 0.555570245 -0.461939812 0.546600938 -0.707106769 -0.448583663 0.597545147 -0.634393334 -0.490392655 0.642734647 -0.634393334 -0.429461598 0.587937832 -0.707106769 -0.392847359 0.681734324 0.471396744 -0.559484839 0.642734706 0.555570245 -0.527478755 0.691341698 0.555570245 -0.461939812 0.733290672 0.471396744 -0.489969134 0.490392625 -0.773010433 -0.402454853 0.546600938 -0.707106769 -0.448583663 0.587937832 -0.707106769 -0.392847359 0.527478695 -0.773010433 -0.352450043 0.714168489 0.382683456 -0.586102843 0.681734324 0.471396744 -0.559484839 0.733290672 0.471396744 -0.489969134 0.768177688 0.382683456 -0.513279855 0.429461658 -0.831469595 -0.352450103 0.490392625 -0.773010433 -0.402454853 0.527478695 -0.773010433 -0.352450043 0.461939812 -0.831469595 -0.308658361 0.739724874 0.290284693 -0.607076526 0.714168489 0.382683456 -0.586102843 0.768177688 0.382683456 -0.513279855 0.795666814 0.290284693 -0.531647563 0.364394635 -0.881921232 -0.299050868 0.429461658 -0.831469595 -0.352450103 0.461939812 -0.831469595 -0.308658361 0.391952068 -0.881921232 -0.261893928 0.758157194 0.195090324 -0.622203469 0.739724874 0.290284693 -0.607076526 0.795666814 0.290284693 -0.531647563 0.815493047 0.195090324 -0.544894993 0.2413629 0.956940353 -0.161273509 0.162211671 0.980785251 -0.108386397 0.172054306 0.980785251 -0.0919649601 0.256008238 0.956940353 -0.136839241 0.162211671 -0.980785251 -0.108386397 0.2413629 -0.956940353 -0.161273509 0.256008238 -0.956940353 -0.136839241 0.172054306 -0.980785251 -0.0919649601 0.827465892 -0.0980171412 -0.55289495 0.831469595 0 -0.555570126 0.881921232 0 -0.471396625 0.877674639 -0.0980171412 -0.469126761 0.318189591 0.923879504 -0.212607488 0.2413629 0.956940353 -0.161273509 0.256008238 0.956940353 -0.136839241 0.337496608 0.923879504 -0.180395693 0.0814982578 -0.99518472 -0.0544553921 0.162211671 -0.980785251 -0.108386397 0.172054306 -0.980785251 -0.0919649601 0.0864433795 -0.99518472 -0.0462049469 0.815493047 -0.195090324 -0.544894993 0.827465892 -0.0980171412 -0.55289495 0.877674639 -0.0980171412 -0.469126761 0.864975274 -0.195090324 -0.462338895 0.391952068 0.881921232 -0.261893928 0.318189591 0.923879504 -0.212607488 0.337496608 0.923879504 -0.180395693 0.415734798 0.881921232 -0.222214818 0 -1 -0 0.0814982578 -0.99518472 -0.0544553921 0.0864433795 -0.99518472 -0.0462049469 0.795666814 -0.290284693 -0.531647563 0.815493047 -0.195090324 -0.544894993 0.864975274 -0.195090324 -0.462338895 0.84394598 -0.290284693 -0.451098561 0.461939812 0.831469595 -0.308658361 0.391952068 0.881921232 -0.261893928 0.415734798 0.881921232 -0.222214818 0.489969254 0.831469595 -0.261894077 0.768177688 -0.382683456 -0.513279855 0.795666814 -0.290284693 -0.531647563 0.84394598 -0.290284693 -0.451098561 0.814788938 -0.382683456 -0.435513705 0.527478695 0.773010433 -0.352450043 0.461939812 0.831469595 -0.308658361 0.489969254 0.831469595 -0.261894077 0.559484899 0.773010433 -0.299050927 0.733290672 -0.471396744 -0.489969134 0.768177688 -0.382683456 -0.513279855 0.814788938 -0.382683456 -0.435513705 0.777785063 -0.471396744 -0.415734738 0.587937832 0.707106769 -0.392847359 0.527478695 0.773010433 -0.352450043 0.559484899 0.773010433 -0.299050927 0.623612523 0.707106769 -0.333327711 0.691341698 -0.555570245 -0.461939812 0.733290672 -0.471396744 -0.489969134 0.777785063 -0.471396744 -0.415734738 0.733290732 -0.555570245 -0.391952127 0.642734647 0.634393334 -0.429461598 0.587937832 0.707106769 -0.392847359 0.623612523 0.707106769 -0.333327711 0.681734264 0.634393334 -0.364394605 0.642734647 -0.634393334 -0.429461598 0.691341698 -0.555570245 -0.461939812 0.733290732 -0.555570245 -0.391952127 0.681734264 -0.634393334 -0.364394605 0.691341698 0.555570245 -0.461939812 0.642734647 0.634393334 -0.429461598 0.681734264 0.634393334 -0.364394605 0.733290732 0.555570245 -0.391952127 0.587937832 -0.707106769 -0.392847359 0.642734647 -0.634393334 -0.429461598 0.681734264 -0.634393334 -0.364394605 0.623612523 -0.707106769 -0.333327711 0.733290672 0.471396744 -0.489969134 0.691341698 0.555570245 -0.461939812 0.733290732 0.555570245 -0.391952127 0.777785063 0.471396744 -0.415734738 0.527478695 -0.773010433 -0.352450043 0.587937832 -0.707106769 -0.392847359 0.623612523 -0.707106769 -0.333327711 0.559484899 -0.773010433 -0.299050927 0.768177688 0.382683456 -0.513279855 0.733290672 0.471396744 -0.489969134 0.777785063 0.471396744 -0.415734738 0.814788938 0.382683456 -0.435513705 0.461939812 -0.831469595 -0.308658361 0.527478695 -0.773010433 -0.352450043 0.559484899 -0.773010433 -0.299050927 0.489969254 -0.831469595 -0.261894077 0.795666814 0.290284693 -0.531647563 0.768177688 0.382683456 -0.513279855 0.814788938 0.382683456 -0.435513705 0.84394598 0.290284693 -0.451098561 0.391952068 -0.881921232 -0.261893928 0.461939812 -0.831469595 -0.308658361 0.489969254 -0.831469595 -0.261894077 0.415734798 -0.881921232 -0.222214818 0.815493047 0.195090324 -0.544894993 0.795666814 0.290284693 -0.531647563 0.84394598 0.290284693 -0.451098561 0.864975274 0.195090324 -0.462338895 0.0814982578 0.99518472 -0.0544553921 0 1 -0 0.0864433795 0.99518472 -0.0462049469 0.318189591 -0.923879504 -0.212607488 0.391952068 -0.881921232 -0.261893928 0.415734798 -0.881921232 -0.222214818 0.337496608 -0.923879504 -0.180395693 0.827465892 0.0980171412 -0.55289495 0.815493047 0.195090324 -0.544894993 0.864975274 0.195090324 -0.462338895 0.877674639 0.0980171412 -0.469126761 0.162211671 0.980785251 -0.108386397 0.0814982578 0.99518472 -0.0544553921 0.0864433795 0.99518472 -0.0462049469 0.172054306 0.980785251 -0.0919649601 0.2413629 -0.956940353 -0.161273509 0.318189591 -0.923879504 -0.212607488 0.337496608 -0.923879504 -0.180395693 0.256008238 -0.956940353 -0.136839241 0.831469595 0 -0.555570126 0.827465892 0.0980171412 -0.55289495 0.877674639 0.0980171412 -0.469126761 0.881921232 0 -0.471396625 0.415734798 0.881921232 -0.222214818 0.337496608 0.923879504 -0.180395693 0.353553325 0.923879504 -0.146446586 0.435513765 0.881921232 -0.180395663 0 -1 -0 0.0864433795 -0.99518472 -0.0462049469 0.0905560106 -0.99518472 -0.0375095233 0.84394598 -0.290284693 -0.451098561 0.864975274 -0.195090324 -0.462338895 0.906127274 -0.195090324 -0.37533021 0.884097517 -0.290284693 -0.366205215 0.489969254 0.831469595 -0.261894077 0.415734798 0.881921232 -0.222214818 0.435513765 0.881921232 -0.180395663 0.513280034 0.831469595 -0.212607607 0.814788938 -0.382683456 -0.435513705 0.84394598 -0.290284693 -0.451098561 0.884097517 -0.290284693 -0.366205215 0.853553355 -0.382683456 -0.353553295 0.559484899 0.773010433 -0.299050927 0.489969254 0.831469595 -0.261894077 0.513280034 0.831469595 -0.212607607 0.586102962 0.773010433 -0.242771804 0.777785063 -0.471396744 -0.415734738 0.814788938 -0.382683456 -0.435513705 0.853553355 -0.382683456 -0.353553295 0.814788938 -0.471396744 -0.337496579 0.623612523 0.707106769 -0.333327711 0.559484899 0.773010433 -0.299050927 0.586102962 0.773010433 -0.242771804 0.65328145 0.707106769 -0.270597935 0.733290732 -0.555570245 -0.391952127 0.777785063 -0.471396744 -0.415734738 0.814788938 -0.471396744 -0.337496579 0.768177807 -0.555570245 -0.31818971 0.681734264 0.634393334 -0.364394605 0.623612523 0.707106769 -0.333327711 0.65328145 0.707106769 -0.270597935 0.714168429 0.634393334 -0.295818299 0.681734264 -0.634393334 -0.364394605 0.733290732 -0.555570245 -0.391952127 0.768177807 -0.555570245 -0.31818971 0.714168429 -0.634393334 -0.295818299 0.733290732 0.555570245 -0.391952127 0.681734264 0.634393334 -0.364394605 0.714168429 0.634393334 -0.295818299 0.768177807 0.555570245 -0.31818971 0.623612523 -0.707106769 -0.333327711 0.681734264 -0.634393334 -0.364394605 0.714168429 -0.634393334 -0.295818299 0.65328145 -0.707106769 -0.270597935 0.777785063 0.471396744 -0.415734738 0.733290732 0.555570245 -0.391952127 0.768177807 0.555570245 -0.31818971 0.814788938 0.471396744 -0.337496579 0.559484899 -0.773010433 -0.299050927 0.623612523 -0.707106769 -0.333327711 0.65328145 -0.707106769 -0.270597935 0.586102962 -0.773010433 -0.242771804 0.814788938 0.382683456 -0.435513705 0.777785063 0.471396744 -0.415734738 0.814788938 0.471396744 -0.337496579 0.853553355 0.382683456 -0.353553295 0.489969254 -0.831469595 -0.261894077 0.559484899 -0.773010433 -0.299050927 0.586102962 -0.773010433 -0.242771804 0.513280034 -0.831469595 -0.212607607 0.84394598 0.290284693 -0.451098561 0.814788938 0.382683456 -0.435513705 0.853553355 0.382683456 -0.353553295 0.884097517 0.290284693 -0.366205215 0.415734798 -0.881921232 -0.222214818 0.489969254 -0.831469595 -0.261894077 0.513280034 -0.831469595 -0.212607607 0.435513765 -0.881921232 -0.180395663 0.864975274 0.195090324 -0.462338895 0.84394598 0.290284693 -0.451098561 0.884097517 0.290284693 -0.366205215 0.906127274 0.195090324 -0.37533021 0.0864433795 0.99518472 -0.0462049469 0 1 -0 0.0905560106 0.99518472 -0.0375095233 0.337496608 -0.923879504 -0.180395693 0.415734798 -0.881921232 -0.222214818 0.435513765 -0.881921232 -0.180395663 0.353553325 -0.923879504 -0.146446586 0.877674639 0.0980171412 -0.469126761 0.864975274 0.195090324 -0.462338895 0.906127274 0.195090324 -0.37533021 0.919430852 0.0980171412 -0.3808406 0.172054306 0.980785251 -0.0919649601 0.0864433795 0.99518472 -0.0462049469 0.0905560106 0.99518472 -0.0375095233 0.180239961 0.980785251 -0.07465785 0.256008238 -0.956940353 -0.136839241 0.337496608 -0.923879504 -0.180395693 0.353553325 -0.923879504 -0.146446586 0.268188089 -0.956940353 -0.111087129 0.881921232 0 -0.471396625 0.877674639 0.0980171412 -0.469126761 0.919430852 0.0980171412 -0.3808406 0.923879445 0 -0.382683337 0.256008238 0.956940353 -0.136839241 0.172054306 0.980785251 -0.0919649601 0.180239961 0.980785251 -0.07465785 0.268188089 0.956940353 -0.111087129 0.172054306 -0.980785251 -0.0919649601 0.256008238 -0.956940353 -0.136839241 0.268188089 -0.956940353 -0.111087129 0.180239961 -0.980785251 -0.07465785 0.877674639 -0.0980171412 -0.469126761 0.881921232 0 -0.471396625 0.923879445 0 -0.382683337 0.919430852 -0.0980171412 -0.3808406 0.337496608 0.923879504 -0.180395693 0.256008238 0.956940353 -0.136839241 0.268188089 0.956940353 -0.111087129 0.353553325 0.923879504 -0.146446586 0.0864433795 -0.99518472 -0.0462049469 0.172054306 -0.980785251 -0.0919649601 0.180239961 -0.980785251 -0.07465785 0.0905560106 -0.99518472 -0.0375095233 0.864975274 -0.195090324 -0.462338895 0.877674639 -0.0980171412 -0.469126761 0.919430852 -0.0980171412 -0.3808406 0.906127274 -0.195090324 -0.37533021 0.586102962 0.773010433 -0.242771804 0.513280034 0.831469595 -0.212607607 0.531647682 0.831469595 -0.161273599 0.607076466 0.773010433 -0.18415466 0.814788938 -0.471396744 -0.337496579 0.853553355 -0.382683456 -0.353553295 0.884097517 -0.382683456 -0.26818797 0.84394598 -0.471396744 -0.256008148 0.65328145 0.707106769 -0.270597935 0.586102962 0.773010433 -0.242771804 0.607076466 0.773010433 -0.18415466 0.676658928 0.707106769 -0.205262139 0.768177807 -0.555570245 -0.31818971 0.814788938 -0.471396744 -0.337496579 0.84394598 -0.471396744 -0.256008148 0.795666873 -0.555570245 -0.241362959 0.714168429 0.634393334 -0.295818299 0.65328145 0.707106769 -0.270597935 0.676658928 0.707106769 -0.205262139 0.739724755 0.634393334 -0.2243931 0.714168429 -0.634393334 -0.295818299 0.768177807 -0.555570245 -0.31818971 0.795666873 -0.555570245 -0.241362959 0.739724755 -0.634393334 -0.2243931 0.768177807 0.555570245 -0.31818971 0.714168429 0.634393334 -0.295818299 0.739724755 0.634393334 -0.2243931 0.795666873 0.555570245 -0.241362959 0.65328145 -0.707106769 -0.270597935 0.714168429 -0.634393334 -0.295818299 0.739724755 -0.634393334 -0.2243931 0.676658928 -0.707106769 -0.205262139 0.814788938 0.471396744 -0.337496579 0.768177807 0.555570245 -0.31818971 0.795666873 0.555570245 -0.241362959 0.84394598 0.471396744 -0.256008148 0.586102962 -0.773010433 -0.242771804 0.65328145 -0.707106769 -0.270597935 0.676658928 -0.707106769 -0.205262139 0.607076466 -0.773010433 -0.18415466 0.853553355 0.382683456 -0.353553295 0.814788938 0.471396744 -0.337496579 0.84394598 0.471396744 -0.256008148 0.884097517 0.382683456 -0.26818797 0.513280034 -0.831469595 -0.212607607 0.586102962 -0.773010433 -0.242771804 0.607076466 -0.773010433 -0.18415466 0.531647682 -0.831469595 -0.161273599 0.884097517 0.290284693 -0.366205215 0.853553355 0.382683456 -0.353553295 0.884097517 0.382683456 -0.26818797 0.915734708 0.290284693 -0.277785122 0.435513765 -0.881921232 -0.180395663 0.513280034 -0.831469595 -0.212607607 0.531647682 -0.831469595 -0.161273599 0.451098502 -0.881921232 -0.136839196 0.906127274 0.195090324 -0.37533021 0.884097517 0.290284693 -0.366205215 0.915734708 0.290284693 -0.277785122 0.938552856 0.195090324 -0.284706891 0.0905560106 0.99518472 -0.0375095233 0 1 -0 0.0937965363 0.99518472 -0.0284528621 0.353553325 -0.923879504 -0.146446586 0.435513765 -0.881921232 -0.180395663 0.451098502 -0.881921232 -0.136839196 0.366205156 -0.923879504 -0.111087114 0.919430852 0.0980171412 -0.3808406 0.906127274 0.195090324 -0.37533021 0.938552856 0.195090324 -0.284706891 0.952332437 0.0980171412 -0.288886756 0.180239961 0.980785251 -0.07465785 0.0905560106 0.99518472 -0.0375095233 0.0937965363 0.99518472 -0.0284528621 0.186689809 0.980785251 -0.0566317439 0.268188089 -0.956940353 -0.111087129 0.353553325 -0.923879504 -0.146446586 0.366205156 -0.923879504 -0.111087114 0.277785122 -0.956940353 -0.0842651874 0.923879445 0 -0.382683337 0.919430852 0.0980171412 -0.3808406 0.952332437 0.0980171412 -0.288886756 0.956940234 0 -0.290284574 0.268188089 0.956940353 -0.111087129 0.180239961 0.980785251 -0.07465785 0.186689809 0.980785251 -0.0566317439 0.277785122 0.956940353 -0.0842651874 0.180239961 -0.980785251 -0.07465785 0.268188089 -0.956940353 -0.111087129 0.277785122 -0.956940353 -0.0842651874 0.186689809 -0.980785251 -0.0566317439 0.919430852 -0.0980171412 -0.3808406 0.923879445 0 -0.382683337 0.956940234 0 -0.290284574 0.952332437 -0.0980171412 -0.288886756 0.353553325 0.923879504 -0.146446586 0.268188089 0.956940353 -0.111087129 0.277785122 0.956940353 -0.0842651874 0.366205156 0.923879504 -0.111087114 0.0905560106 -0.99518472 -0.0375095233 0.180239961 -0.980785251 -0.07465785 0.186689809 -0.980785251 -0.0566317439 0.0937965363 -0.99518472 -0.0284528621 0.906127274 -0.195090324 -0.37533021 0.919430852 -0.0980171412 -0.3808406 0.952332437 -0.0980171412 -0.288886756 0.938552856 -0.195090324 -0.284706891 0.435513765 0.881921232 -0.180395663 0.353553325 0.923879504 -0.146446586 0.366205156 0.923879504 -0.111087114 0.451098502 0.881921232 -0.136839196 0 -1 -0 0.0905560106 -0.99518472 -0.0375095233 0.0937965363 -0.99518472 -0.0284528621 0.884097517 -0.290284693 -0.366205215 0.906127274 -0.195090324 -0.37533021 0.938552856 -0.195090324 -0.284706891 0.915734708 -0.290284693 -0.277785122 0.513280034 0.831469595 -0.212607607 0.435513765 0.881921232 -0.180395663 0.451098502 0.881921232 -0.136839196 0.531647682 0.831469595 -0.161273599 0.853553355 -0.382683456 -0.353553295 0.884097517 -0.290284693 -0.366205215 0.915734708 -0.290284693 -0.277785122 0.884097517 -0.382683456 -0.26818797 0.739724755 0.634393334 -0.2243931 0.676658928 0.707106769 -0.205262139 0.693519831 0.707106769 -0.137949571 0.758157134 0.634393334 -0.150806874 0.739724755 -0.634393334 -0.2243931 0.795666873 -0.555570245 -0.241362959 0.815493166 -0.555570245 -0.162211746 0.758157134 -0.634393334 -0.150806874 0.795666873 0.555570245 -0.241362959 0.739724755 0.634393334 -0.2243931 0.758157134 0.634393334 -0.150806874 0.815493166 0.555570245 -0.162211746 0.676658928 -0.707106769 -0.205262139 0.739724755 -0.634393334 -0.2243931 0.758157134 -0.634393334 -0.150806874 0.693519831 -0.707106769 -0.137949571 0.84394598 0.471396744 -0.256008148 0.795666873 0.555570245 -0.241362959 0.815493166 0.555570245 -0.162211746 0.864975333 0.471396744 -0.172054231 0.607076466 -0.773010433 -0.18415466 0.676658928 -0.707106769 -0.205262139 0.693519831 -0.707106769 -0.137949571 0.622203529 -0.773010433 -0.123764008 0.884097517 0.382683456 -0.26818797 0.84394598 0.471396744 -0.256008148 0.864975333 0.471396744 -0.172054231 0.906127334 0.382683456 -0.180239856 0.531647682 -0.831469595 -0.161273599 0.607076466 -0.773010433 -0.18415466 0.622203529 -0.773010433 -0.123764008 0.544895232 -0.831469595 -0.108386442 0.915734708 0.290284693 -0.277785122 0.884097517 0.382683456 -0.26818797 0.906127334 0.382683456 -0.180239856 0.938552916 0.290284693 -0.186689809 0.451098502 -0.881921232 -0.136839196 0.531647682 -0.831469595 -0.161273599 0.544895232 -0.831469595 -0.108386442 0.462338924 -0.881921232 -0.0919649005 0.938552856 0.195090324 -0.284706891 0.915734708 0.290284693 -0.277785122 0.938552916 0.290284693 -0.186689809 0.961939633 0.195090324 -0.191341683 0.0937965363 0.99518472 -0.0284528621 0 1 -0 0.0961337537 0.99518472 -0.0191221852 0.366205156 -0.923879504 -0.111087114 0.451098502 -0.881921232 -0.136839196 0.462338924 -0.881921232 -0.0919649005 0.37533021 -0.923879504 -0.0746578127 0.952332437 0.0980171412 -0.288886756 0.938552856 0.195090324 -0.284706891 0.961939633 0.195090324 -0.191341683 0.976062536 0.0980171412 -0.194150776 0.186689809 0.980785251 -0.0566317439 0.0937965363 0.99518472 -0.0284528621 0.0961337537 0.99518472 -0.0191221852 0.191341728 0.980785251 -0.0380602442 0.277785122 -0.956940353 -0.0842651874 0.366205156 -0.923879504 -0.111087114 0.37533021 -0.923879504 -0.0746578127 0.28470695 -0.956940353 -0.0566317253 0.956940234 0 -0.290284574 0.952332437 0.0980171412 -0.288886756 0.976062536 0.0980171412 -0.194150776 0.980785191 0 -0.195090234 0.277785122 0.956940353 -0.0842651874 0.186689809 0.980785251 -0.0566317439 0.191341728 0.980785251 -0.0380602442 0.28470695 0.956940353 -0.0566317253 0.186689809 -0.980785251 -0.0566317439 0.277785122 -0.956940353 -0.0842651874 0.28470695 -0.956940353 -0.0566317253 0.191341728 -0.980785251 -0.0380602442 0.952332437 -0.0980171412 -0.288886756 0.956940234 0 -0.290284574 0.980785191 0 -0.195090234 0.976062536 -0.0980171412 -0.194150776 0.366205156 0.923879504 -0.111087114 0.277785122 0.956940353 -0.0842651874 0.28470695 0.956940353 -0.0566317253 0.37533021 0.923879504 -0.0746578127 0.0937965363 -0.99518472 -0.0284528621 0.186689809 -0.980785251 -0.0566317439 0.191341728 -0.980785251 -0.0380602442 0.0961337537 -0.99518472 -0.0191221852 0.938552856 -0.195090324 -0.284706891 0.952332437 -0.0980171412 -0.288886756 0.976062536 -0.0980171412 -0.194150776 0.961939633 -0.195090324 -0.191341683 0.451098502 0.881921232 -0.136839196 0.366205156 0.923879504 -0.111087114 0.37533021 0.923879504 -0.0746578127 0.462338924 0.881921232 -0.0919649005 0 -1 -0 0.0937965363 -0.99518472 -0.0284528621 0.0961337537 -0.99518472 -0.0191221852 0.915734708 -0.290284693 -0.277785122 0.938552856 -0.195090324 -0.284706891 0.961939633 -0.195090324 -0.191341683 0.938552916 -0.290284693 -0.186689809 0.531647682 0.831469595 -0.161273599 0.451098502 0.881921232 -0.136839196 0.462338924 0.881921232 -0.0919649005 0.544895232 0.831469595 -0.108386442 0.884097517 -0.382683456 -0.26818797 0.915734708 -0.290284693 -0.277785122 0.938552916 -0.290284693 -0.186689809 0.906127334 -0.382683456 -0.180239856 0.607076466 0.773010433 -0.18415466 0.531647682 0.831469595 -0.161273599 0.544895232 0.831469595 -0.108386442 0.622203529 0.773010433 -0.123764008 0.84394598 -0.471396744 -0.256008148 0.884097517 -0.382683456 -0.26818797 0.906127334 -0.382683456 -0.180239856 0.864975333 -0.471396744 -0.172054231 0.676658928 0.707106769 -0.205262139 0.607076466 0.773010433 -0.18415466 0.622203529 0.773010433 -0.123764008 0.693519831 0.707106769 -0.137949571 0.795666873 -0.555570245 -0.241362959 0.84394598 -0.471396744 -0.256008148 0.864975333 -0.471396744 -0.172054231 0.815493166 -0.555570245 -0.162211746 0.864975333 0.471396744 -0.172054231 0.815493166 0.555570245 -0.162211746 0.827465892 0.555570245 -0.0814983472 0.87767446 0.471396744 -0.0864433348 0.622203529 -0.773010433 -0.123764008 0.693519831 -0.707106769 -0.137949571 0.703701794 -0.707106769 -0.0693084747 0.631338418 -0.773010433 -0.0621814393 0.906127334 0.382683456 -0.180239856 0.864975333 0.471396744 -0.172054231 0.87767446 0.471396744 -0.0864433348 0.919430673 0.382683456 -0.0905559435 0.544895232 -0.831469595 -0.108386442 0.622203529 -0.773010433 -0.123764008 0.631338418 -0.773010433 -0.0621814393 0.552895188 -0.831469595 -0.0544554554 0.938552916 0.290284693 -0.186689809 0.906127334 0.382683456 -0.180239856 0.919430673 0.382683456 -0.0905559435 0.952332318 0.290284693 -0.093796581 0.462338924 -0.881921232 -0.0919649005 0.544895232 -0.831469595 -0.108386442 0.552895188 -0.831469595 -0.0544554554 0.469126761 -0.881921232 -0.0462049209 0.961939633 0.195090324 -0.191341683 0.938552916 0.290284693 -0.186689809 0.952332318 0.290284693 -0.093796581 0.976062417 0.195090324 -0.0961337388 0.0961337537 0.99518472 -0.0191221852 0 1 -0 0.0975451469 0.99518472 -0.00960735139 0.37533021 -0.923879504 -0.0746578127 0.462338924 -0.881921232 -0.0919649005 0.469126761 -0.881921232 -0.0462049209 0.380840629 -0.923879504 -0.0375095196 0.976062536 0.0980171412 -0.194150776 0.961939633 0.195090324 -0.191341683 0.976062417 0.195090324 -0.0961337388 0.990392625 0.0980171412 -0.0975450352 0.191341728 0.980785251 -0.0380602442 0.0961337537 0.99518472 -0.0191221852 0.0975451469 0.99518472 -0.00960735139 0.19415091 0.980785251 -0.0191222057 0.28470695 -0.956940353 -0.0566317253 0.37533021 -0.923879504 -0.0746578127 0.380840629 -0.923879504 -0.0375095196 0.288886905 -0.956940353 -0.0284528658 0.980785191 0 -0.195090234 0.976062536 0.0980171412 -0.194150776 0.990392625 0.0980171412 -0.0975450352 0.9951846 0 -0.0980170593 0.28470695 0.956940353 -0.0566317253 0.191341728 0.980785251 -0.0380602442 0.19415091 0.980785251 -0.0191222057 0.288886905 0.956940353 -0.0284528658 0.191341728 -0.980785251 -0.0380602442 0.28470695 -0.956940353 -0.0566317253 0.288886905 -0.956940353 -0.0284528658 0.19415091 -0.980785251 -0.0191222057 0.976062536 -0.0980171412 -0.194150776 0.980785191 0 -0.195090234 0.9951846 0 -0.0980170593 0.990392625 -0.0980171412 -0.0975450352 0.37533021 0.923879504 -0.0746578127 0.28470695 0.956940353 -0.0566317253 0.288886905 0.956940353 -0.0284528658 0.380840629 0.923879504 -0.0375095196 0.0961337537 -0.99518472 -0.0191221852 0.191341728 -0.980785251 -0.0380602442 0.19415091 -0.980785251 -0.0191222057 0.0975451469 -0.99518472 -0.00960735139 0.961939633 -0.195090324 -0.191341683 0.976062536 -0.0980171412 -0.194150776 0.990392625 -0.0980171412 -0.0975450352 0.976062417 -0.195090324 -0.0961337388 0.462338924 0.881921232 -0.0919649005 0.37533021 0.923879504 -0.0746578127 0.380840629 0.923879504 -0.0375095196 0.469126761 0.881921232 -0.0462049209 0 -1 -0 0.0961337537 -0.99518472 -0.0191221852 0.0975451469 -0.99518472 -0.00960735139 0.938552916 -0.290284693 -0.186689809 0.961939633 -0.195090324 -0.191341683 0.976062417 -0.195090324 -0.0961337388 0.952332318 -0.290284693 -0.093796581 0.544895232 0.831469595 -0.108386442 0.462338924 0.881921232 -0.0919649005 0.469126761 0.881921232 -0.0462049209 0.552895188 0.831469595 -0.0544554554 0.906127334 -0.382683456 -0.180239856 0.938552916 -0.290284693 -0.186689809 0.952332318 -0.290284693 -0.093796581 0.919430673 -0.382683456 -0.0905559435 0.622203529 0.773010433 -0.123764008 0.544895232 0.831469595 -0.108386442 0.552895188 0.831469595 -0.0544554554 0.631338418 0.773010433 -0.0621814393 0.864975333 -0.471396744 -0.172054231 0.906127334 -0.382683456 -0.180239856 0.919430673 -0.382683456 -0.0905559435 0.87767446 -0.471396744 -0.0864433348 0.693519831 0.707106769 -0.137949571 0.622203529 0.773010433 -0.123764008 0.631338418 0.773010433 -0.0621814393 0.703701794 0.707106769 -0.0693084747 0.815493166 -0.555570245 -0.162211746 0.864975333 -0.471396744 -0.172054231 0.87767446 -0.471396744 -0.0864433348 0.827465892 -0.555570245 -0.0814983472 0.758157134 0.634393334 -0.150806874 0.693519831 0.707106769 -0.137949571 0.703701794 0.707106769 -0.0693084747 0.769288063 0.634393334 -0.0757682994 0.758157134 -0.634393334 -0.150806874 0.815493166 -0.555570245 -0.162211746 0.827465892 -0.555570245 -0.0814983472 0.769288063 -0.634393334 -0.0757682994 0.815493166 0.555570245 -0.162211746 0.758157134 0.634393334 -0.150806874 0.769288063 0.634393334 -0.0757682994 0.827465892 0.555570245 -0.0814983472 0.693519831 -0.707106769 -0.137949571 0.758157134 -0.634393334 -0.150806874 0.769288063 -0.634393334 -0.0757682994 0.703701794 -0.707106769 -0.0693084747 0.952332318 0.290284693 -0.093796581 0.919430673 0.382683456 -0.0905559435 0.923879385 0.382683456 7.4505806e-08 0.956940234 0.290284693 -3.7252903e-08 0.469126761 -0.881921232 -0.0462049209 0.552895188 -0.831469595 -0.0544554554 0.555570424 -0.831469595 -2.98023224e-08 0.471396655 -0.881921232 3.35276127e-08 0.976062417 0.195090324 -0.0961337388 0.952332318 0.290284693 -0.093796581 0.956940234 0.290284693 -3.7252903e-08 0.980785191 0.195090324 2.23517418e-08 0.0975451469 0.99518472 -0.00960735139 0 1 -0 0.0980171263 0.99518472 7.4505806e-09 0.380840629 -0.923879504 -0.0375095196 0.469126761 -0.881921232 -0.0462049209 0.471396655 -0.881921232 3.35276127e-08 0.382683337 -0.923879504 1.11758709e-08 0.990392625 0.0980171412 -0.0975450352 0.976062417 0.195090324 -0.0961337388 0.980785191 0.195090324 2.23517418e-08 0.99518466 0.0980171412 1.2665987e-07 0.19415091 0.980785251 -0.0191222057 0.0975451469 0.99518472 -0.00960735139 0.0980171263 0.99518472 7.4505806e-09 0.195090324 0.980785251 -1.11758709e-08 0.288886905 -0.956940353 -0.0284528658 0.380840629 -0.923879504 -0.0375095196 0.382683337 -0.923879504 1.11758709e-08 0.290284693 -0.956940353 1.11758709e-08 0.9951846 0 -0.0980170593 0.990392625 0.0980171412 -0.0975450352 0.99518466 0.0980171412 1.2665987e-07 0.999999881 0 6.70552254e-08 0.288886905 0.956940353 -0.0284528658 0.19415091 0.980785251 -0.0191222057 0.195090324 0.980785251 -1.11758709e-08 0.290284693 0.956940353 1.11758709e-08 0.19415091 -0.980785251 -0.0191222057 0.288886905 -0.956940353 -0.0284528658 0.290284693 -0.956940353 1.11758709e-08 0.195090324 -0.980785251 -1.11758709e-08 0.990392625 -0.0980171412 -0.0975450352 0.9951846 0 -0.0980170593 0.999999881 0 6.70552254e-08 0.99518466 -0.0980171412 1.2665987e-07 0.380840629 0.923879504 -0.0375095196 0.288886905 0.956940353 -0.0284528658 0.290284693 0.956940353 1.11758709e-08 0.382683337 0.923879504 1.11758709e-08 0.0975451469 -0.99518472 -0.00960735139 0.19415091 -0.980785251 -0.0191222057 0.195090324 -0.980785251 -1.11758709e-08 0.0980171263 -0.99518472 7.4505806e-09 0.976062417 -0.195090324 -0.0961337388 0.990392625 -0.0980171412 -0.0975450352 0.99518466 -0.0980171412 1.2665987e-07 0.980785191 -0.195090324 2.23517418e-08 0.469126761 0.881921232 -0.0462049209 0.380840629 0.923879504 -0.0375095196 0.382683337 0.923879504 1.11758709e-08 0.471396655 0.881921232 3.35276127e-08 0 -1 -0 0.0975451469 -0.99518472 -0.00960735139 0.0980171263 -0.99518472 7.4505806e-09 0.952332318 -0.290284693 -0.093796581 0.976062417 -0.195090324 -0.0961337388 0.980785191 -0.195090324 2.23517418e-08 0.956940234 -0.290284693 -3.7252903e-08 0.552895188 0.831469595 -0.0544554554 0.469126761 0.881921232 -0.0462049209 0.471396655 0.881921232 3.35276127e-08 0.555570424 0.831469595 -2.98023224e-08 0.919430673 -0.382683456 -0.0905559435 0.952332318 -0.290284693 -0.093796581 0.956940234 -0.290284693 -3.7252903e-08 0.923879385 -0.382683456 7.4505806e-08 0.631338418 0.773010433 -0.0621814393 0.552895188 0.831469595 -0.0544554554 0.555570424 0.831469595 -2.98023224e-08 0.634393215 0.773010433 -3.35276127e-08 0.87767446 -0.471396744 -0.0864433348 0.919430673 -0.382683456 -0.0905559435 0.923879385 -0.382683456 7.4505806e-08 0.881921113 -0.471396744 5.21540642e-08 0.703701794 0.707106769 -0.0693084747 0.631338418 0.773010433 -0.0621814393 0.634393215 0.773010433 -3.35276127e-08 0.707106709 0.707106769 1.04308128e-07 0.827465892 -0.555570245 -0.0814983472 0.87767446 -0.471396744 -0.0864433348 0.881921113 -0.471396744 5.21540642e-08 0.831469655 -0.555570245 -6.70552254e-08 0.769288063 0.634393334 -0.0757682994 0.703701794 0.707106769 -0.0693084747 0.707106709 0.707106769 1.04308128e-07 0.773010373 0.634393334 -3.7252903e-08 0.769288063 -0.634393334 -0.0757682994 0.827465892 -0.555570245 -0.0814983472 0.831469655 -0.555570245 -6.70552254e-08 0.773010373 -0.634393334 -3.7252903e-08 0.827465892 0.555570245 -0.0814983472 0.769288063 0.634393334 -0.0757682994 0.773010373 0.634393334 -3.7252903e-08 0.831469655 0.555570245 -6.70552254e-08 0.703701794 -0.707106769 -0.0693084747 0.769288063 -0.634393334 -0.0757682994 0.773010373 -0.634393334 -3.7252903e-08 0.707106709 -0.707106769 1.04308128e-07 0.87767446 0.471396744 -0.0864433348 0.827465892 0.555570245 -0.0814983472 0.831469655 0.555570245 -6.70552254e-08 0.881921113 0.471396744 5.21540642e-08 0.631338418 -0.773010433 -0.0621814393 0.703701794 -0.707106769 -0.0693084747 0.707106709 -0.707106769 1.04308128e-07 0.634393215 -0.773010433 -3.35276127e-08 0.919430673 0.382683456 -0.0905559435 0.87767446 0.471396744 -0.0864433348 0.881921113 0.471396744 5.21540642e-08 0.923879385 0.382683456 7.4505806e-08 0.552895188 -0.831469595 -0.0544554554 0.631338418 -0.773010433 -0.0621814393 0.634393215 -0.773010433 -3.35276127e-08 0.555570424 -0.831469595 -2.98023224e-08 0.99518466 0.0980171412 1.2665987e-07 0.980785191 0.195090324 2.23517418e-08 0.976062417 0.195090324 0.0961337835 0.990392566 0.0980171412 0.0975452811 0.195090324 0.980785251 -1.11758709e-08 0.0980171263 0.99518472 7.4505806e-09 0.0975451469 0.99518472 0.00960736629 0.19415091 0.980785251 0.0191221852 0.290284693 -0.956940353 1.11758709e-08 0.382683337 -0.923879504 1.11758709e-08 0.3808406 -0.923879504 0.0375095382 0.288886905 -0.956940353 0.0284528863 0.999999881 0 6.70552254e-08 0.99518466 0.0980171412 1.2665987e-07 0.990392566 0.0980171412 0.0975452811 0.9951846 0 0.0980171934 0.290284693 0.956940353 1.11758709e-08 0.195090324 0.980785251 -1.11758709e-08 0.19415091 0.980785251 0.0191221852 0.288886905 0.956940353 0.0284528863 0.195090324 -0.980785251 -1.11758709e-08 0.290284693 -0.956940353 1.11758709e-08 0.288886905 -0.956940353 0.0284528863 0.19415091 -0.980785251 0.0191221852 0.99518466 -0.0980171412 1.2665987e-07 0.999999881 0 6.70552254e-08 0.9951846 0 0.0980171934 0.990392566 -0.0980171412 0.0975452811 0.382683337 0.923879504 1.11758709e-08 0.290284693 0.956940353 1.11758709e-08 0.288886905 0.956940353 0.0284528863 0.3808406 0.923879504 0.0375095382 0.0980171263 -0.99518472 7.4505806e-09 0.195090324 -0.980785251 -1.11758709e-08 0.19415091 -0.980785251 0.0191221852 0.0975451469 -0.99518472 0.00960736629 0.980785191 -0.195090324 2.23517418e-08 0.99518466 -0.0980171412 1.2665987e-07 0.990392566 -0.0980171412 0.0975452811 0.976062417 -0.195090324 0.0961337835 0.471396655 0.881921232 3.35276127e-08 0.382683337 0.923879504 1.11758709e-08 0.3808406 0.923879504 0.0375095382 0.469126761 0.881921232 0.0462049842 0 -1 -0 0.0980171263 -0.99518472 7.4505806e-09 0.0975451469 -0.99518472 0.00960736629 0.956940234 -0.290284693 -3.7252903e-08 0.980785191 -0.195090324 2.23517418e-08 0.976062417 -0.195090324 0.0961337835 0.952332318 -0.290284693 0.0937965065 0.555570424 0.831469595 -2.98023224e-08 0.471396655 0.881921232 3.35276127e-08 0.469126761 0.881921232 0.0462049842 0.552895188 0.831469595 0.0544553958 0.923879385 -0.382683456 7.4505806e-08 0.956940234 -0.290284693 -3.7252903e-08 0.952332318 -0.290284693 0.0937965065 0.919430673 -0.382683456 0.0905560926 0.634393215 0.773010433 -3.35276127e-08 0.555570424 0.831469595 -2.98023224e-08 0.552895188 0.831469595 0.0544553958 0.631338418 0.773010433 0.0621813759 0.881921113 -0.471396744 5.21540642e-08 0.923879385 -0.382683456 7.4505806e-08 0.919430673 -0.382683456 0.0905560926 0.877674401 -0.471396744 0.0864434391 0.707106709 0.707106769 1.04308128e-07 0.634393215 0.773010433 -3.35276127e-08 0.631338418 0.773010433 0.0621813759 0.703701794 0.707106769 0.0693086833 0.831469655 -0.555570245 -6.70552254e-08 0.881921113 -0.471396744 5.21540642e-08 0.877674401 -0.471396744 0.0864434391 0.827465892 -0.555570245 0.0814982131 0.773010373 0.634393334 -3.7252903e-08 0.707106709 0.707106769 1.04308128e-07 0.703701794 0.707106769 0.0693086833 0.769288123 0.634393334 0.0757682323 0.773010373 -0.634393334 -3.7252903e-08 0.831469655 -0.555570245 -6.70552254e-08 0.827465892 -0.555570245 0.0814982131 0.769288123 -0.634393334 0.0757682323 0.831469655 0.555570245 -6.70552254e-08 0.773010373 0.634393334 -3.7252903e-08 0.769288123 0.634393334 0.0757682323 0.827465892 0.555570245 0.0814982131 0.707106709 -0.707106769 1.04308128e-07 0.773010373 -0.634393334 -3.7252903e-08 0.769288123 -0.634393334 0.0757682323 0.703701794 -0.707106769 0.0693086833 0.881921113 0.471396744 5.21540642e-08 0.831469655 0.555570245 -6.70552254e-08 0.827465892 0.555570245 0.0814982131 0.877674401 0.471396744 0.0864434391 0.634393215 -0.773010433 -3.35276127e-08 0.707106709 -0.707106769 1.04308128e-07 0.703701794 -0.707106769 0.0693086833 0.631338418 -0.773010433 0.0621813759 0.923879385 0.382683456 7.4505806e-08 0.881921113 0.471396744 5.21540642e-08 0.877674401 0.471396744 0.0864434391 0.919430673 0.382683456 0.0905560926 0.555570424 -0.831469595 -2.98023224e-08 0.634393215 -0.773010433 -3.35276127e-08 0.631338418 -0.773010433 0.0621813759 0.552895188 -0.831469595 0.0544553958 0.956940234 0.290284693 -3.7252903e-08 0.923879385 0.382683456 7.4505806e-08 0.919430673 0.382683456 0.0905560926 0.952332318 0.290284693 0.0937965065 0.471396655 -0.881921232 3.35276127e-08 0.555570424 -0.831469595 -2.98023224e-08 0.552895188 -0.831469595 0.0544553958 0.469126761 -0.881921232 0.0462049842 0.980785191 0.195090324 2.23517418e-08 0.956940234 0.290284693 -3.7252903e-08 0.952332318 0.290284693 0.0937965065 0.976062417 0.195090324 0.0961337835 0.0980171263 0.99518472 7.4505806e-09 0 1 -0 0.0975451469 0.99518472 0.00960736629 0.382683337 -0.923879504 1.11758709e-08 0.471396655 -0.881921232 3.35276127e-08 0.469126761 -0.881921232 0.0462049842 0.3808406 -0.923879504 0.0375095382 0.990392566 -0.0980171412 0.0975452811 0.9951846 0 0.0980171934 0.980785131 0 0.195090353 0.976062417 -0.0980171412 0.194151014 0.3808406 0.923879504 0.0375095382 0.288886905 0.956940353 0.0284528863 0.28470695 0.956940353 0.0566317439 0.37533018 0.923879504 0.0746578276 0.0975451469 -0.99518472 0.00960736629 0.19415091 -0.980785251 0.0191221852 0.191341728 -0.980785251 0.0380602255 0.0961337537 -0.99518472 0.0191222001 0.976062417 -0.195090324 0.0961337835 0.990392566 -0.0980171412 0.0975452811 0.976062417 -0.0980171412 0.194151014 0.961939633 -0.195090324 0.191341728 0.469126761 0.881921232 0.0462049842 0.3808406 0.923879504 0.0375095382 0.37533018 0.923879504 0.0746578276 0.462338895 0.881921232 0.0919649601 0 -1 -0 0.0975451469 -0.99518472 0.00960736629 0.0961337537 -0.99518472 0.0191222001 0.952332318 -0.290284693 0.0937965065 0.976062417 -0.195090324 0.0961337835 0.961939633 -0.195090324 0.191341728 0.938552916 -0.290284693 0.186689734 0.552895188 0.831469595 0.0544553958 0.469126761 0.881921232 0.0462049842 0.462338895 0.881921232 0.0919649601 0.544895291 0.831469595 0.108386382 0.919430673 -0.382683456 0.0905560926 0.952332318 -0.290284693 0.0937965065 0.938552916 -0.290284693 0.186689734 0.906127334 -0.382683456 0.180240005 0.631338418 0.773010433 0.0621813759 0.552895188 0.831469595 0.0544553958 0.544895291 0.831469595 0.108386382 0.622203529 0.773010433 0.123763941 0.877674401 -0.471396744 0.0864434391 0.919430673 -0.382683456 0.0905560926 0.906127334 -0.382683456 0.180240005 0.864975214 -0.471396744 0.172054321 0.703701794 0.707106769 0.0693086833 0.631338418 0.773010433 0.0621813759 0.622203529 0.773010433 0.123763941 0.693519831 0.707106769 0.13794978 0.827465892 -0.555570245 0.0814982131 0.877674401 -0.471396744 0.0864434391 0.864975214 -0.471396744 0.172054321 0.815493226 -0.555570245 0.162211627 0.769288123 0.634393334 0.0757682323 0.703701794 0.707106769 0.0693086833 0.693519831 0.707106769 0.13794978 0.758157253 0.634393334 0.150806814 0.769288123 -0.634393334 0.0757682323 0.827465892 -0.555570245 0.0814982131 0.815493226 -0.555570245 0.162211627 0.758157253 -0.634393334 0.150806814 0.827465892 0.555570245 0.0814982131 0.769288123 0.634393334 0.0757682323 0.758157253 0.634393334 0.150806814 0.815493226 0.555570245 0.162211627 0.703701794 -0.707106769 0.0693086833 0.769288123 -0.634393334 0.0757682323 0.758157253 -0.634393334 0.150806814 0.693519831 -0.707106769 0.13794978 0.877674401 0.471396744 0.0864434391 0.827465892 0.555570245 0.0814982131 0.815493226 0.555570245 0.162211627 0.864975214 0.471396744 0.172054321 0.631338418 -0.773010433 0.0621813759 0.703701794 -0.707106769 0.0693086833 0.693519831 -0.707106769 0.13794978 0.622203529 -0.773010433 0.123763941 0.919430673 0.382683456 0.0905560926 0.877674401 0.471396744 0.0864434391 0.864975214 0.471396744 0.172054321 0.906127334 0.382683456 0.180240005 0.552895188 -0.831469595 0.0544553958 0.631338418 -0.773010433 0.0621813759 0.622203529 -0.773010433 0.123763941 0.544895291 -0.831469595 0.108386382 0.952332318 0.290284693 0.0937965065 0.919430673 0.382683456 0.0905560926 0.906127334 0.382683456 0.180240005 0.938552916 0.290284693 0.186689734 0.469126761 -0.881921232 0.0462049842 0.552895188 -0.831469595 0.0544553958 0.544895291 -0.831469595 0.108386382 0.462338895 -0.881921232 0.0919649601 0.976062417 0.195090324 0.0961337835 0.952332318 0.290284693 0.0937965065 0.938552916 0.290284693 0.186689734 0.961939633 0.195090324 0.191341728 0.0975451469 0.99518472 0.00960736629 0 1 -0 0.0961337537 0.99518472 0.0191222001 0.3808406 -0.923879504 0.0375095382 0.469126761 -0.881921232 0.0462049842 0.462338895 -0.881921232 0.0919649601 0.37533018 -0.923879504 0.0746578276 0.990392566 0.0980171412 0.0975452811 0.976062417 0.195090324 0.0961337835 0.961939633 0.195090324 0.191341728 0.976062417 0.0980171412 0.194151014 0.19415091 0.980785251 0.0191221852 0.0975451469 0.99518472 0.00960736629 0.0961337537 0.99518472 0.0191222001 0.191341728 0.980785251 0.0380602255 0.288886905 -0.956940353 0.0284528863 0.3808406 -0.923879504 0.0375095382 0.37533018 -0.923879504 0.0746578276 0.28470695 -0.956940353 0.0566317439 0.9951846 0 0.0980171934 0.990392566 0.0980171412 0.0975452811 0.976062417 0.0980171412 0.194151014 0.980785131 0 0.195090353 0.288886905 0.956940353 0.0284528863 0.19415091 0.980785251 0.0191221852 0.191341728 0.980785251 0.0380602255 0.28470695 0.956940353 0.0566317439 0.19415091 -0.980785251 0.0191221852 0.288886905 -0.956940353 0.0284528863 0.28470695 -0.956940353 0.0566317439 0.191341728 -0.980785251 0.0380602255 0.938552916 -0.290284693 0.186689734 0.961939633 -0.195090324 0.191341728 0.938552856 -0.195090324 0.28470695 0.915734708 -0.290284693 0.277785063 0.544895291 0.831469595 0.108386382 0.462338895 0.881921232 0.0919649601 0.451098472 0.881921232 0.136839256 0.531647801 0.831469595 0.161273539 0.906127334 -0.382683456 0.180240005 0.938552916 -0.290284693 0.186689734 0.915734708 -0.290284693 0.277785063 0.884097457 -0.382683456 0.268188119 0.622203529 0.773010433 0.123763941 0.544895291 0.831469595 0.108386382 0.531647801 0.831469595 0.161273539 0.607076466 0.773010433 0.1841546 0.864975214 -0.471396744 0.172054321 0.906127334 -0.382683456 0.180240005 0.884097457 -0.382683456 0.268188119 0.843945801 -0.471396744 0.256008238 0.693519831 0.707106769 0.13794978 0.622203529 0.773010433 0.123763941 0.607076466 0.773010433 0.1841546 0.676658928 0.707106769 0.205262348 0.815493226 -0.555570245 0.162211627 0.864975214 -0.471396744 0.172054321 0.843945801 -0.471396744 0.256008238 0.795666873 -0.555570245 0.241362855 0.758157253 0.634393334 0.150806814 0.693519831 0.707106769 0.13794978 0.676658928 0.707106769 0.205262348 0.739724874 0.634393334 0.22439304 0.758157253 -0.634393334 0.150806814 0.815493226 -0.555570245 0.162211627 0.795666873 -0.555570245 0.241362855 0.739724874 -0.634393334 0.22439304 0.815493226 0.555570245 0.162211627 0.758157253 0.634393334 0.150806814 0.739724874 0.634393334 0.22439304 0.795666873 0.555570245 0.241362855 0.693519831 -0.707106769 0.13794978 0.758157253 -0.634393334 0.150806814 0.739724874 -0.634393334 0.22439304 0.676658928 -0.707106769 0.205262348 0.864975214 0.471396744 0.172054321 0.815493226 0.555570245 0.162211627 0.795666873 0.555570245 0.241362855 0.843945801 0.471396744 0.256008238 0.622203529 -0.773010433 0.123763941 0.693519831 -0.707106769 0.13794978 0.676658928 -0.707106769 0.205262348 0.607076466 -0.773010433 0.1841546 0.906127334 0.382683456 0.180240005 0.864975214 0.471396744 0.172054321 0.843945801 0.471396744 0.256008238 0.884097457 0.382683456 0.268188119 0.544895291 -0.831469595 0.108386382 0.622203529 -0.773010433 0.123763941 0.607076466 -0.773010433 0.1841546 0.531647801 -0.831469595 0.161273539 0.938552916 0.290284693 0.186689734 0.906127334 0.382683456 0.180240005 0.884097457 0.382683456 0.268188119 0.915734708 0.290284693 0.277785063 0.462338895 -0.881921232 0.0919649601 0.544895291 -0.831469595 0.108386382 0.531647801 -0.831469595 0.161273539 0.451098472 -0.881921232 0.136839256 0.961939633 0.195090324 0.191341728 0.938552916 0.290284693 0.186689734 0.915734708 0.290284693 0.277785063 0.938552856 0.195090324 0.28470695 0.0961337537 0.99518472 0.0191222001 0 1 -0 0.0937965363 0.99518472 0.028452877 0.37533018 -0.923879504 0.0746578276 0.462338895 -0.881921232 0.0919649601 0.451098472 -0.881921232 0.136839256 0.366205096 -0.923879504 0.111087121 0.976062417 0.0980171412 0.194151014 0.961939633 0.195090324 0.191341728 0.938552856 0.195090324 0.28470695 0.952332258 0.0980171412 0.288886964 0.191341728 0.980785251 0.0380602255 0.0961337537 0.99518472 0.0191222001 0.0937965363 0.99518472 0.028452877 0.186689809 0.980785251 0.0566317253 0.28470695 -0.956940353 0.0566317439 0.37533018 -0.923879504 0.0746578276 0.366205096 -0.923879504 0.111087121 0.277785122 -0.956940353 0.0842652023 0.980785131 0 0.195090353 0.976062417 0.0980171412 0.194151014 0.952332258 0.0980171412 0.288886964 0.956940174 0 0.290284693 0.28470695 0.956940353 0.0566317439 0.191341728 0.980785251 0.0380602255 0.186689809 0.980785251 0.0566317253 0.277785122 0.956940353 0.0842652023 0.191341728 -0.980785251 0.0380602255 0.28470695 -0.956940353 0.0566317439 0.277785122 -0.956940353 0.0842652023 0.186689809 -0.980785251 0.0566317253 0.976062417 -0.0980171412 0.194151014 0.980785131 0 0.195090353 0.956940174 0 0.290284693 0.952332258 -0.0980171412 0.288886964 0.37533018 0.923879504 0.0746578276 0.28470695 0.956940353 0.0566317439 0.277785122 0.956940353 0.0842652023 0.366205096 0.923879504 0.111087121 0.0961337537 -0.99518472 0.0191222001 0.191341728 -0.980785251 0.0380602255 0.186689809 -0.980785251 0.0566317253 0.0937965363 -0.99518472 0.028452877 0.961939633 -0.195090324 0.191341728 0.976062417 -0.0980171412 0.194151014 0.952332258 -0.0980171412 0.288886964 0.938552856 -0.195090324 0.28470695 0.462338895 0.881921232 0.0919649601 0.37533018 0.923879504 0.0746578276 0.366205096 0.923879504 0.111087121 0.451098472 0.881921232 0.136839256 0 -1 -0 0.0961337537 -0.99518472 0.0191222001 0.0937965363 -0.99518472 0.028452877 0.843945801 -0.471396744 0.256008238 0.884097457 -0.382683456 0.268188119 0.853553236 -0.382683456 0.353553414 0.814788759 -0.471396744 0.337496638 0.676658928 0.707106769 0.205262348 0.607076466 0.773010433 0.1841546 0.586102903 0.773010433 0.242771745 0.653281391 0.707106769 0.270598114 0.795666873 -0.555570245 0.241362855 0.843945801 -0.471396744 0.256008238 0.814788759 -0.471396744 0.337496638 0.768177807 -0.555570245 0.318189621 0.739724874 0.634393334 0.22439304 0.676658928 0.707106769 0.205262348 0.653281391 0.707106769 0.270598114 0.714168549 0.634393334 0.295818239 0.739724874 -0.634393334 0.22439304 0.795666873 -0.555570245 0.241362855 0.768177807 -0.555570245 0.318189621 0.714168549 -0.634393334 0.295818239 0.795666873 0.555570245 0.241362855 0.739724874 0.634393334 0.22439304 0.714168549 0.634393334 0.295818239 0.768177807 0.555570245 0.318189621 0.676658928 -0.707106769 0.205262348 0.739724874 -0.634393334 0.22439304 0.714168549 -0.634393334 0.295818239 0.653281391 -0.707106769 0.270598114 0.843945801 0.471396744 0.256008238 0.795666873 0.555570245 0.241362855 0.768177807 0.555570245 0.318189621 0.814788759 0.471396744 0.337496638 0.607076466 -0.773010433 0.1841546 0.676658928 -0.707106769 0.205262348 0.653281391 -0.707106769 0.270598114 0.586102903 -0.773010433 0.242771745 0.884097457 0.382683456 0.268188119 0.843945801 0.471396744 0.256008238 0.814788759 0.471396744 0.337496638 0.853553236 0.382683456 0.353553414 0.531647801 -0.831469595 0.161273539 0.607076466 -0.773010433 0.1841546 0.586102903 -0.773010433 0.242771745 0.513280213 -0.831469595 0.212607563 0.915734708 0.290284693 0.277785063 0.884097457 0.382683456 0.268188119 0.853553236 0.382683456 0.353553414 0.884097517 0.290284693 0.366205156 0.451098472 -0.881921232 0.136839256 0.531647801 -0.831469595 0.161273539 0.513280213 -0.831469595 0.212607563 0.435513705 -0.881921232 0.180395722 0.938552856 0.195090324 0.28470695 0.915734708 0.290284693 0.277785063 0.884097517 0.290284693 0.366205156 0.906127274 0.195090324 0.375330269 0.0937965363 0.99518472 0.028452877 0 1 -0 0.0905560106 0.99518472 0.0375095382 0.366205096 -0.923879504 0.111087121 0.451098472 -0.881921232 0.136839256 0.435513705 -0.881921232 0.180395722 0.353553295 -0.923879504 0.146446586 0.952332258 0.0980171412 0.288886964 0.938552856 0.195090324 0.28470695 0.906127274 0.195090324 0.375330269 0.919430614 0.0980171412 0.380840778 0.186689809 0.980785251 0.0566317253 0.0937965363 0.99518472 0.028452877 0.0905560106 0.99518472 0.0375095382 0.180239975 0.980785251 0.0746578276 0.277785122 -0.956940353 0.0842652023 0.366205096 -0.923879504 0.111087121 0.353553295 -0.923879504 0.146446586 0.268188059 -0.956940353 0.111087143 0.956940174 0 0.290284693 0.952332258 0.0980171412 0.288886964 0.919430614 0.0980171412 0.380840778 0.923879385 0 0.382683456 0.277785122 0.956940353 0.0842652023 0.186689809 0.980785251 0.0566317253 0.180239975 0.980785251 0.0746578276 0.268188059 0.956940353 0.111087143 0.186689809 -0.980785251 0.0566317253 0.277785122 -0.956940353 0.0842652023 0.268188059 -0.956940353 0.111087143 0.180239975 -0.980785251 0.0746578276 0.952332258 -0.0980171412 0.288886964 0.956940174 0 0.290284693 0.923879385 0 0.382683456 0.919430614 -0.0980171412 0.380840778 0.366205096 0.923879504 0.111087121 0.277785122 0.956940353 0.0842652023 0.268188059 0.956940353 0.111087143 0.353553295 0.923879504 0.146446586 0.0937965363 -0.99518472 0.028452877 0.186689809 -0.980785251 0.0566317253 0.180239975 -0.980785251 0.0746578276 0.0905560106 -0.99518472 0.0375095382 0.938552856 -0.195090324 0.28470695 0.952332258 -0.0980171412 0.288886964 0.919430614 -0.0980171412 0.380840778 0.906127274 -0.195090324 0.375330269 0.451098472 0.881921232 0.136839256 0.366205096 0.923879504 0.111087121 0.353553295 0.923879504 0.146446586 0.435513705 0.881921232 0.180395722 0 -1 -0 0.0937965363 -0.99518472 0.028452877 0.0905560106 -0.99518472 0.0375095382 0.915734708 -0.290284693 0.277785063 0.938552856 -0.195090324 0.28470695 0.906127274 -0.195090324 0.375330269 0.884097517 -0.290284693 0.366205156 0.531647801 0.831469595 0.161273539 0.451098472 0.881921232 0.136839256 0.435513705 0.881921232 0.180395722 0.513280213 0.831469595 0.212607563 0.884097457 -0.382683456 0.268188119 0.915734708 -0.290284693 0.277785063 0.884097517 -0.290284693 0.366205156 0.853553236 -0.382683456 0.353553414 0.607076466 0.773010433 0.1841546 0.531647801 0.831469595 0.161273539 0.513280213 0.831469595 0.212607563 0.586102903 0.773010433 0.242771745 0.714168549 -0.634393334 0.295818239 0.768177807 -0.555570245 0.318189621 0.733290792 -0.555570245 0.391952038 0.681734324 -0.634393334 0.364394546 0.768177807 0.555570245 0.318189621 0.714168549 0.634393334 0.295818239 0.681734324 0.634393334 0.364394546 0.733290792 0.555570245 0.391952038 0.653281391 -0.707106769 0.270598114 0.714168549 -0.634393334 0.295818239 0.681734324 -0.634393334 0.364394546 0.623612404 -0.707106769 0.33332786 0.814788759 0.471396744 0.337496638 0.768177807 0.555570245 0.318189621 0.733290792 0.555570245 0.391952038 0.777784884 0.471396744 0.415734768 0.586102903 -0.773010433 0.242771745 0.653281391 -0.707106769 0.270598114 0.623612404 -0.707106769 0.33332786 0.559484899 -0.773010433 0.299050868 0.853553236 0.382683456 0.353553414 0.814788759 0.471396744 0.337496638 0.777784884 0.471396744 0.415734768 0.814788818 0.382683456 0.435513794 0.513280213 -0.831469595 0.212607563 0.586102903 -0.773010433 0.242771745 0.559484899 -0.773010433 0.299050868 0.489969462 -0.831469595 0.261894047 0.884097517 0.290284693 0.366205156 0.853553236 0.382683456 0.353553414 0.814788818 0.382683456 0.435513794 0.84394592 0.290284693 0.451098502 0.435513705 -0.881921232 0.180395722 0.513280213 -0.831469595 0.212607563 0.489969462 -0.831469595 0.261894047 0.415734708 -0.881921232 0.222214863 0.906127274 0.195090324 0.375330269 0.884097517 0.290284693 0.366205156 0.84394592 0.290284693 0.451098502 0.864975214 0.195090324 0.462338924 0.0905560106 0.99518472 0.0375095382 0 1 -0 0.0864433795 0.99518472 0.0462049581 0.353553295 -0.923879504 0.146446586 0.435513705 -0.881921232 0.180395722 0.415734708 -0.881921232 0.222214863 0.337496549 -0.923879504 0.180395693 0.919430614 0.0980171412 0.380840778 0.906127274 0.195090324 0.375330269 0.864975214 0.195090324 0.462338924 0.877674401 0.0980171412 0.46912688 0.180239975 0.980785251 0.0746578276 0.0905560106 0.99518472 0.0375095382 0.0864433795 0.99518472 0.0462049581 0.172054321 0.980785251 0.0919649377 0.268188059 -0.956940353 0.111087143 0.353553295 -0.923879504 0.146446586 0.337496549 -0.923879504 0.180395693 0.256008208 -0.956940353 0.136839256 0.923879385 0 0.382683456 0.919430614 0.0980171412 0.380840778 0.877674401 0.0980171412 0.46912688 0.881921113 0 0.471396744 0.268188059 0.956940353 0.111087143 0.180239975 0.980785251 0.0746578276 0.172054321 0.980785251 0.0919649377 0.256008208 0.956940353 0.136839256 0.180239975 -0.980785251 0.0746578276 0.268188059 -0.956940353 0.111087143 0.256008208 -0.956940353 0.136839256 0.172054321 -0.980785251 0.0919649377 0.919430614 -0.0980171412 0.380840778 0.923879385 0 0.382683456 0.881921113 0 0.471396744 0.877674401 -0.0980171412 0.46912688 0.353553295 0.923879504 0.146446586 0.268188059 0.956940353 0.111087143 0.256008208 0.956940353 0.136839256 0.337496549 0.923879504 0.180395693 0.0905560106 -0.99518472 0.0375095382 0.180239975 -0.980785251 0.0746578276 0.172054321 -0.980785251 0.0919649377 0.0864433795 -0.99518472 0.0462049581 0.906127274 -0.195090324 0.375330269 0.919430614 -0.0980171412 0.380840778 0.877674401 -0.0980171412 0.46912688 0.864975214 -0.195090324 0.462338924 0.435513705 0.881921232 0.180395722 0.353553295 0.923879504 0.146446586 0.337496549 0.923879504 0.180395693 0.415734708 0.881921232 0.222214863 0 -1 -0 0.0905560106 -0.99518472 0.0375095382 0.0864433795 -0.99518472 0.0462049581 0.884097517 -0.290284693 0.366205156 0.906127274 -0.195090324 0.375330269 0.864975214 -0.195090324 0.462338924 0.84394592 -0.290284693 0.451098502 0.513280213 0.831469595 0.212607563 0.435513705 0.881921232 0.180395722 0.415734708 0.881921232 0.222214863 0.489969462 0.831469595 0.261894047 0.853553236 -0.382683456 0.353553414 0.884097517 -0.290284693 0.366205156 0.84394592 -0.290284693 0.451098502 0.814788818 -0.382683456 0.435513794 0.586102903 0.773010433 0.242771745 0.513280213 0.831469595 0.212607563 0.489969462 0.831469595 0.261894047 0.559484899 0.773010433 0.299050868 0.814788759 -0.471396744 0.337496638 0.853553236 -0.382683456 0.353553414 0.814788818 -0.382683456 0.435513794 0.777784884 -0.471396744 0.415734768 0.653281391 0.707106769 0.270598114 0.586102903 0.773010433 0.242771745 0.559484899 0.773010433 0.299050868 0.623612404 0.707106769 0.33332786 0.768177807 -0.555570245 0.318189621 0.814788759 -0.471396744 0.337496638 0.777784884 -0.471396744 0.415734768 0.733290792 -0.555570245 0.391952038 0.714168549 0.634393334 0.295818239 0.653281391 0.707106769 0.270598114 0.623612404 0.707106769 0.33332786 0.681734324 0.634393334 0.364394546 0.559484899 -0.773010433 0.299050868 0.623612404 -0.707106769 0.33332786 0.587937653 -0.707106769 0.392847508 0.527478695 -0.773010433 0.352449954 0.814788818 0.382683456 0.435513794 0.777784884 0.471396744 0.415734768 0.733290493 0.471396744 0.489969134 0.768177569 0.382683456 0.513279915 0.489969462 -0.831469595 0.261894047 0.559484899 -0.773010433 0.299050868 0.527478695 -0.773010433 0.352449954 0.46194002 -0.831469595 0.308658361 0.84394592 0.290284693 0.451098502 0.814788818 0.382683456 0.435513794 0.768177569 0.382683456 0.513279915 0.795666695 0.290284693 0.531647503 0.415734708 -0.881921232 0.222214863 0.489969462 -0.831469595 0.261894047 0.46194002 -0.831469595 0.308658361 0.391951948 -0.881921232 0.261893958 0.864975214 0.195090324 0.462338924 0.84394592 0.290284693 0.451098502 0.795666695 0.290284693 0.531647503 0.815492988 0.195090324 0.544895053 0.0864433795 0.99518472 0.0462049581 0 1 -0 0.0814982504 0.99518472 0.0544553995 0.337496549 -0.923879504 0.180395693 0.415734708 -0.881921232 0.222214863 0.391951948 -0.881921232 0.261893958 0.318189532 -0.923879504 0.212607473 0.877674401 0.0980171412 0.46912688 0.864975214 0.195090324 0.462338924 0.815492988 0.195090324 0.544895053 0.827465653 0.0980171412 0.55289501 0.172054321 0.980785251 0.0919649377 0.0864433795 0.99518472 0.0462049581 0.0814982504 0.99518472 0.0544553995 0.162211686 0.980785251 0.108386368 0.256008208 -0.956940353 0.136839256 0.337496549 -0.923879504 0.180395693 0.318189532 -0.923879504 0.212607473 0.24136287 -0.956940353 0.161273539 0.881921113 0 0.471396744 0.877674401 0.0980171412 0.46912688 0.827465653 0.0980171412 0.55289501 0.831469417 0 0.555570245 0.256008208 0.956940353 0.136839256 0.172054321 0.980785251 0.0919649377 0.162211686 0.980785251 0.108386368 0.24136287 0.956940353 0.161273539 0.172054321 -0.980785251 0.0919649377 0.256008208 -0.956940353 0.136839256 0.24136287 -0.956940353 0.161273539 0.162211686 -0.980785251 0.108386368 0.877674401 -0.0980171412 0.46912688 0.881921113 0 0.471396744 0.831469417 0 0.555570245 0.827465653 -0.0980171412 0.55289501 0.337496549 0.923879504 0.180395693 0.256008208 0.956940353 0.136839256 0.24136287 0.956940353 0.161273539 0.318189532 0.923879504 0.212607473 0.0864433795 -0.99518472 0.0462049581 0.172054321 -0.980785251 0.0919649377 0.162211686 -0.980785251 0.108386368 0.0814982504 -0.99518472 0.0544553995 0.864975214 -0.195090324 0.462338924 0.877674401 -0.0980171412 0.46912688 0.827465653 -0.0980171412 0.55289501 0.815492988 -0.195090324 0.544895053 0.415734708 0.881921232 0.222214863 0.337496549 0.923879504 0.180395693 0.318189532 0.923879504 0.212607473 0.391951948 0.881921232 0.261893958 0 -1 -0 0.0864433795 -0.99518472 0.0462049581 0.0814982504 -0.99518472 0.0544553995 0.84394592 -0.290284693 0.451098502 0.864975214 -0.195090324 0.462338924 0.815492988 -0.195090324 0.544895053 0.795666695 -0.290284693 0.531647503 0.489969462 0.831469595 0.261894047 0.415734708 0.881921232 0.222214863 0.391951948 0.881921232 0.261893958 0.46194002 0.831469595 0.308658361 0.814788818 -0.382683456 0.435513794 0.84394592 -0.290284693 0.451098502 0.795666695 -0.290284693 0.531647503 0.768177569 -0.382683456 0.513279915 0.559484899 0.773010433 0.299050868 0.489969462 0.831469595 0.261894047 0.46194002 0.831469595 0.308658361 0.527478695 0.773010433 0.352449954 0.777784884 -0.471396744 0.415734768 0.814788818 -0.382683456 0.435513794 0.768177569 -0.382683456 0.513279915 0.733290493 -0.471396744 0.489969134 0.623612404 0.707106769 0.33332786 0.559484899 0.773010433 0.299050868 0.527478695 0.773010433 0.352449954 0.587937653 0.707106769 0.392847508 0.733290792 -0.555570245 0.391952038 0.777784884 -0.471396744 0.415734768 0.733290493 -0.471396744 0.489969134 0.691341817 -0.555570245 0.461939752 0.681734324 0.634393334 0.364394546 0.623612404 0.707106769 0.33332786 0.587937653 0.707106769 0.392847508 0.642734706 0.634393334 0.429461539 0.681734324 -0.634393334 0.364394546 0.733290792 -0.555570245 0.391952038 0.691341817 -0.555570245 0.461939752 0.642734706 -0.634393334 0.429461539 0.733290792 0.555570245 0.391952038 0.681734324 0.634393334 0.364394546 0.642734706 0.634393334 0.429461539 0.691341817 0.555570245 0.461939752 0.623612404 -0.707106769 0.33332786 0.681734324 -0.634393334 0.364394546 0.642734706 -0.634393334 0.429461539 0.587937653 -0.707106769 0.392847508 0.777784884 0.471396744 0.415734768 0.733290792 0.555570245 0.391952038 0.691341817 0.555570245 0.461939752 0.733290493 0.471396744 0.489969134 0.391951948 -0.881921232 0.261893958 0.46194002 -0.831469595 0.308658361 0.429461867 -0.831469595 0.352450132 0.364394486 -0.881921232 0.299050868 0.815492988 0.195090324 0.544895053 0.795666695 0.290284693 0.531647503 0.739724755 0.290284693 0.607076466 0.758157134 0.195090324 0.622203529 0.0814982504 0.99518472 0.0544553995 0 1 -0 0.0757682472 0.99518472 0.0621814057 0.318189532 -0.923879504 0.212607473 0.391951948 -0.881921232 0.261893958 0.364394486 -0.881921232 0.299050868 0.29581818 -0.923879504 0.24277173 0.827465653 0.0980171412 0.55289501 0.815492988 0.195090324 0.544895053 0.758157134 0.195090324 0.622203529 0.769288003 0.0980171412 0.631338477 0.162211686 0.980785251 0.108386368 0.0814982504 0.99518472 0.0544553995 0.0757682472 0.99518472 0.0621814057 0.150806874 0.980785251 0.123763978 0.24136287 -0.956940353 0.161273539 0.318189532 -0.923879504 0.212607473 0.29581818 -0.923879504 0.24277173 0.22439307 -0.956940353 0.18415466 0.831469417 0 0.555570245 0.827465653 0.0980171412 0.55289501 0.769288003 0.0980171412 0.631338477 0.773010254 0 0.634393275 0.24136287 0.956940353 0.161273539 0.162211686 0.980785251 0.108386368 0.150806874 0.980785251 0.123763978 0.22439307 0.956940353 0.18415466 0.162211686 -0.980785251 0.108386368 0.24136287 -0.956940353 0.161273539 0.22439307 -0.956940353 0.18415466 0.150806874 -0.980785251 0.123763978 0.827465653 -0.0980171412 0.55289501 0.831469417 0 0.555570245 0.773010254 0 0.634393275 0.769288003 -0.0980171412 0.631338477 0.318189532 0.923879504 0.212607473 0.24136287 0.956940353 0.161273539 0.22439307 0.956940353 0.18415466 0.29581818 0.923879504 0.24277173 0.0814982504 -0.99518472 0.0544553995 0.162211686 -0.980785251 0.108386368 0.150806874 -0.980785251 0.123763978 0.0757682472 -0.99518472 0.0621814057 0.815492988 -0.195090324 0.544895053 0.827465653 -0.0980171412 0.55289501 0.769288003 -0.0980171412 0.631338477 0.758157134 -0.195090324 0.622203529 0.391951948 0.881921232 0.261893958 0.318189532 0.923879504 0.212607473 0.29581818 0.923879504 0.24277173 0.364394486 0.881921232 0.299050868 0 -1 -0 0.0814982504 -0.99518472 0.0544553995 0.0757682472 -0.99518472 0.0621814057 0.795666695 -0.290284693 0.531647503 0.815492988 -0.195090324 0.544895053 0.758157134 -0.195090324 0.622203529 0.739724755 -0.290284693 0.607076466 0.46194002 0.831469595 0.308658361 0.391951948 0.881921232 0.261893958 0.364394486 0.881921232 0.299050868 0.429461867 0.831469595 0.352450132 0.768177569 -0.382683456 0.513279915 0.795666695 -0.290284693 0.531647503 0.739724755 -0.290284693 0.607076466 0.71416831 -0.382683456 0.586102903 0.527478695 0.773010433 0.352449954 0.46194002 0.831469595 0.308658361 0.429461867 0.831469595 0.352450132 0.490392625 0.773010433 0.402454764 0.733290493 -0.471396744 0.489969134 0.768177569 -0.382683456 0.513279915 0.71416831 -0.382683456 0.586102903 0.681734145 -0.471396744 0.559484839 0.587937653 0.707106769 0.392847508 0.527478695 0.773010433 0.352449954 0.490392625 0.773010433 0.402454764 0.546600759 0.707106769 0.448583812 0.691341817 -0.555570245 0.461939752 0.733290493 -0.471396744 0.489969134 0.681734145 -0.471396744 0.559484839 0.642734826 -0.555570245 0.527478755 0.642734706 0.634393334 0.429461539 0.587937653 0.707106769 0.392847508 0.546600759 0.707106769 0.448583812 0.597545147 0.634393334 0.490392566 0.642734706 -0.634393334 0.429461539 0.691341817 -0.555570245 0.461939752 0.642734826 -0.555570245 0.527478755 0.597545147 -0.634393334 0.490392566 0.691341817 0.555570245 0.461939752 0.642734706 0.634393334 0.429461539 0.597545147 0.634393334 0.490392566 0.642734826 0.555570245 0.527478755 0.587937653 -0.707106769 0.392847508 0.642734706 -0.634393334 0.429461539 0.597545147 -0.634393334 0.490392566 0.546600759 -0.707106769 0.448583812 0.733290493 0.471396744 0.489969134 0.691341817 0.555570245 0.461939752 0.642734826 0.555570245 0.527478755 0.681734145 0.471396744 0.559484839 0.527478695 -0.773010433 0.352449954 0.587937653 -0.707106769 0.392847508 0.546600759 -0.707106769 0.448583812 0.490392625 -0.773010433 0.402454764 0.768177569 0.382683456 0.513279915 0.733290493 0.471396744 0.489969134 0.681734145 0.471396744 0.559484839 0.71416831 0.382683456 0.586102903 0.46194002 -0.831469595 0.308658361 0.527478695 -0.773010433 0.352449954 0.490392625 -0.773010433 0.402454764 0.429461867 -0.831469595 0.352450132 0.795666695 0.290284693 0.531647503 0.768177569 0.382683456 0.513279915 0.71416831 0.382683456 0.586102903 0.739724755 0.290284693 0.607076466 0.150806874 0.980785251 0.123763978 0.0757682472 0.99518472 0.0621814057 0.0693085566 0.99518472 0.0693085715 0.137949705 0.980785251 0.137949675 0.22439307 -0.956940353 0.18415466 0.29581818 -0.923879504 0.24277173 0.270597935 -0.923879504 0.270597965 0.205262244 -0.956940353 0.205262274 0.773010254 0 0.634393275 0.769288003 0.0980171412 0.631338477 0.703701675 0.0980171412 0.703701794 0.70710659 0 0.707106709 0.22439307 0.956940353 0.18415466 0.150806874 0.980785251 0.123763978 0.137949705 0.980785251 0.137949675 0.205262244 0.956940353 0.205262274 0.150806874 -0.980785251 0.123763978 0.22439307 -0.956940353 0.18415466 0.205262244 -0.956940353 0.205262274 0.137949705 -0.980785251 0.137949675 0.769288003 -0.0980171412 0.631338477 0.773010254 0 0.634393275 0.70710659 0 0.707106709 0.703701675 -0.0980171412 0.703701794 0.29581818 0.923879504 0.24277173 0.22439307 0.956940353 0.18415466 0.205262244 0.956940353 0.205262274 0.270597935 0.923879504 0.270597965 0.0757682472 -0.99518472 0.0621814057 0.150806874 -0.980785251 0.123763978 0.137949705 -0.980785251 0.137949675 0.0693085566 -0.99518472 0.0693085715 0.758157134 -0.195090324 0.622203529 0.769288003 -0.0980171412 0.631338477 0.703701675 -0.0980171412 0.703701794 0.693519771 -0.195090324 0.693519831 0.364394486 0.881921232 0.299050868 0.29581818 0.923879504 0.24277173 0.270597935 0.923879504 0.270597965 0.333327711 0.881921232 0.33332777 0 -1 -0 0.0757682472 -0.99518472 0.0621814057 0.0693085566 -0.99518472 0.0693085715 0.739724755 -0.290284693 0.607076466 0.758157134 -0.195090324 0.622203529 0.693519771 -0.195090324 0.693519831 0.676658869 -0.290284693 0.676658928 0.429461867 0.831469595 0.352450132 0.364394486 0.881921232 0.299050868 0.333327711 0.881921232 0.33332777 0.392847717 0.831469595 0.392847598 0.71416831 -0.382683456 0.586102903 0.739724755 -0.290284693 0.607076466 0.676658869 -0.290284693 0.676658928 0.653281212 -0.382683456 0.65328145 0.490392625 0.773010433 0.402454764 0.429461867 0.831469595 0.352450132 0.392847717 0.831469595 0.392847598 0.448583782 0.773010433 0.448583722 0.681734145 -0.471396744 0.559484839 0.71416831 -0.382683456 0.586102903 0.653281212 -0.382683456 0.65328145 0.623612285 -0.471396744 0.623612404 0.546600759 0.707106769 0.448583812 0.490392625 0.773010433 0.402454764 0.448583782 0.773010433 0.448583722 0.499999821 0.707106769 0.5 0.642734826 -0.555570245 0.527478755 0.681734145 -0.471396744 0.559484839 0.623612285 -0.471396744 0.623612404 0.587937891 -0.555570245 0.587937832 0.597545147 0.634393334 0.490392566 0.546600759 0.707106769 0.448583812 0.499999821 0.707106769 0.5 0.546600938 0.634393334 0.546600819 0.597545147 -0.634393334 0.490392566 0.642734826 -0.555570245 0.527478755 0.587937891 -0.555570245 0.587937832 0.546600938 -0.634393334 0.546600819 0.642734826 0.555570245 0.527478755 0.597545147 0.634393334 0.490392566 0.546600938 0.634393334 0.546600819 0.587937891 0.555570245 0.587937832 0.546600759 -0.707106769 0.448583812 0.597545147 -0.634393334 0.490392566 0.546600938 -0.634393334 0.546600819 0.499999821 -0.707106769 0.5 0.681734145 0.471396744 0.559484839 0.642734826 0.555570245 0.527478755 0.587937891 0.555570245 0.587937832 0.623612285 0.471396744 0.623612404 0.490392625 -0.773010433 0.402454764 0.546600759 -0.707106769 0.448583812 0.499999821 -0.707106769 0.5 0.448583782 -0.773010433 0.448583722 0.71416831 0.382683456 0.586102903 0.681734145 0.471396744 0.559484839 0.623612285 0.471396744 0.623612404 0.653281212 0.382683456 0.65328145 0.429461867 -0.831469595 0.352450132 0.490392625 -0.773010433 0.402454764 0.448583782 -0.773010433 0.448583722 0.392847717 -0.831469595 0.392847598 0.739724755 0.290284693 0.607076466 0.71416831 0.382683456 0.586102903 0.653281212 0.382683456 0.65328145 0.676658869 0.290284693 0.676658928 0.364394486 -0.881921232 0.299050868 0.429461867 -0.831469595 0.352450132 0.392847717 -0.831469595 0.392847598 0.333327711 -0.881921232 0.33332777 0.758157134 0.195090324 0.622203529 0.739724755 0.290284693 0.607076466 0.676658869 0.290284693 0.676658928 0.693519771 0.195090324 0.693519831 0.0757682472 0.99518472 0.0621814057 0 1 -0 0.0693085566 0.99518472 0.0693085715 0.29581818 -0.923879504 0.24277173 0.364394486 -0.881921232 0.299050868 0.333327711 -0.881921232 0.33332777 0.270597935 -0.923879504 0.270597965 0.769288003 0.0980171412 0.631338477 0.758157134 0.195090324 0.622203529 0.693519771 0.195090324 0.693519831 0.703701675 0.0980171412 0.703701794 0.270597935 0.923879504 0.270597965 0.205262244 0.956940353 0.205262274 0.18415463 0.956940353 0.2243931 0.242771685 0.923879504 0.29581818 0.0693085566 -0.99518472 0.0693085715 0.137949705 -0.980785251 0.137949675 0.123764008 -0.980785251 0.150806844 0.0621813871 -0.99518472 0.0757682547 0.693519771 -0.195090324 0.693519831 0.703701675 -0.0980171412 0.703701794 0.631338298 -0.0980171412 0.769288063 0.622203469 -0.195090324 0.758157194 0.333327711 0.881921232 0.33332777 0.270597935 0.923879504 0.270597965 0.242771685 0.923879504 0.29581818 0.299050808 0.881921232 0.364394546 0 -1 -0 0.0693085566 -0.99518472 0.0693085715 0.0621813871 -0.99518472 0.0757682547 0.676658869 -0.290284693 0.676658928 0.693519771 -0.195090324 0.693519831 0.622203469 -0.195090324 0.758157194 0.607076406 -0.290284693 0.739724815 0.392847717 0.831469595 0.392847598 0.333327711 0.881921232 0.33332777 0.299050808 0.881921232 0.364394546 0.352450252 0.831469595 0.429461747 0.653281212 -0.382683456 0.65328145 0.676658869 -0.290284693 0.676658928 0.607076406 -0.290284693 0.739724815 0.586102664 -0.382683456 0.714168429 0.448583782 0.773010433 0.448583722 0.392847717 0.831469595 0.392847598 0.352450252 0.831469595 0.429461747 0.402454853 0.773010433 0.490392566 0.623612285 -0.471396744 0.623612404 0.653281212 -0.382683456 0.65328145 0.586102664 -0.382683456 0.714168429 0.55948472 -0.471396744 0.681734204 0.499999821 0.707106769 0.5 0.448583782 0.773010433 0.448583722 0.402454853 0.773010433 0.490392566 0.448583603 0.707106769 0.546600938 0.587937891 -0.555570245 0.587937832 0.623612285 -0.471396744 0.623612404 0.55948472 -0.471396744 0.681734204 0.527478814 -0.555570245 0.642734706 0.546600938 0.634393334 0.546600819 0.499999821 0.707106769 0.5 0.448583603 0.707106769 0.546600938 0.490392655 0.634393334 0.597545028 0.546600938 -0.634393334 0.546600819 0.587937891 -0.555570245 0.587937832 0.527478814 -0.555570245 0.642734706 0.490392655 -0.634393334 0.597545028 0.587937891 0.555570245 0.587937832 0.546600938 0.634393334 0.546600819 0.490392655 0.634393334 0.597545028 0.527478814 0.555570245 0.642734706 0.499999821 -0.707106769 0.5 0.546600938 -0.634393334 0.546600819 0.490392655 -0.634393334 0.597545028 0.448583603 -0.707106769 0.546600938 0.623612285 0.471396744 0.623612404 0.587937891 0.555570245 0.587937832 0.527478814 0.555570245 0.642734706 0.55948472 0.471396744 0.681734204 0.448583782 -0.773010433 0.448583722 0.499999821 -0.707106769 0.5 0.448583603 -0.707106769 0.546600938 0.402454853 -0.773010433 0.490392566 0.653281212 0.382683456 0.65328145 0.623612285 0.471396744 0.623612404 0.55948472 0.471396744 0.681734204 0.586102664 0.382683456 0.714168429 0.392847717 -0.831469595 0.392847598 0.448583782 -0.773010433 0.448583722 0.402454853 -0.773010433 0.490392566 0.352450252 -0.831469595 0.429461747 0.676658869 0.290284693 0.676658928 0.653281212 0.382683456 0.65328145 0.586102664 0.382683456 0.714168429 0.607076406 0.290284693 0.739724815 0.333327711 -0.881921232 0.33332777 0.392847717 -0.831469595 0.392847598 0.352450252 -0.831469595 0.429461747 0.299050808 -0.881921232 0.364394546 0.693519771 0.195090324 0.693519831 0.676658869 0.290284693 0.676658928 0.607076406 0.290284693 0.739724815 0.622203469 0.195090324 0.758157194 0.0693085566 0.99518472 0.0693085715 0 1 -0 0.0621813871 0.99518472 0.0757682547 0.270597935 -0.923879504 0.270597965 0.333327711 -0.881921232 0.33332777 0.299050808 -0.881921232 0.364394546 0.242771685 -0.923879504 0.29581818 0.703701675 0.0980171412 0.703701794 0.693519771 0.195090324 0.693519831 0.622203469 0.195090324 0.758157194 0.631338298 0.0980171412 0.769288063 0.137949705 0.980785251 0.137949675 0.0693085566 0.99518472 0.0693085715 0.0621813871 0.99518472 0.0757682547 0.123764008 0.980785251 0.150806844 0.205262244 -0.956940353 0.205262274 0.270597935 -0.923879504 0.270597965 0.242771685 -0.923879504 0.29581818 0.18415463 -0.956940353 0.2243931 0.70710659 0 0.707106709 0.703701675 0.0980171412 0.703701794 0.631338298 0.0980171412 0.769288063 0.634393096 0 0.773010373 0.205262244 0.956940353 0.205262274 0.137949705 0.980785251 0.137949675 0.123764008 0.980785251 0.150806844 0.18415463 0.956940353 0.2243931 0.137949705 -0.980785251 0.137949675 0.205262244 -0.956940353 0.205262274 0.18415463 -0.956940353 0.2243931 0.123764008 -0.980785251 0.150806844 0.703701675 -0.0980171412 0.703701794 0.70710659 0 0.707106709 0.634393096 0 0.773010373 0.631338298 -0.0980171412 0.769288063 0.352450252 0.831469595 0.429461747 0.299050808 0.881921232 0.364394546 0.261893868 0.881921232 0.391951978 0.308658481 0.831469595 0.461939931 0.586102664 -0.382683456 0.714168429 0.607076406 -0.290284693 0.739724815 0.531647444 -0.290284693 0.795666754 0.513279676 -0.382683456 0.768177569 0.402454853 0.773010433 0.490392566 0.352450252 0.831469595 0.429461747 0.308658481 0.831469595 0.461939931 0.352450043 0.773010433 0.527478635 0.55948472 -0.471396744 0.681734204 0.586102664 -0.382683456 0.714168429 0.513279676 -0.382683456 0.768177569 0.489969015 -0.471396744 0.733290553 0.448583603 0.707106769 0.546600938 0.402454853 0.773010433 0.490392566 0.352450043 0.773010433 0.527478635 0.3928473 0.707106769 0.587937772 0.527478814 -0.555570245 0.642734706 0.55948472 -0.471396744 0.681734204 0.489969015 -0.471396744 0.733290553 0.461939871 -0.555570245 0.691341698 0.490392655 0.634393334 0.597545028 0.448583603 0.707106769 0.546600938 0.3928473 0.707106769 0.587937772 0.429461598 0.634393334 0.642734528 0.490392655 -0.634393334 0.597545028 0.527478814 -0.555570245 0.642734706 0.461939871 -0.555570245 0.691341698 0.429461598 -0.634393334 0.642734528 0.527478814 0.555570245 0.642734706 0.490392655 0.634393334 0.597545028 0.429461598 0.634393334 0.642734528 0.461939871 0.555570245 0.691341698 0.448583603 -0.707106769 0.546600938 0.490392655 -0.634393334 0.597545028 0.429461598 -0.634393334 0.642734528 0.3928473 -0.707106769 0.587937772 0.55948472 0.471396744 0.681734204 0.527478814 0.555570245 0.642734706 0.461939871 0.555570245 0.691341698 0.489969015 0.471396744 0.733290553 0.402454853 -0.773010433 0.490392566 0.448583603 -0.707106769 0.546600938 0.3928473 -0.707106769 0.587937772 0.352450043 -0.773010433 0.527478635 0.586102664 0.382683456 0.714168429 0.55948472 0.471396744 0.681734204 0.489969015 0.471396744 0.733290553 0.513279676 0.382683456 0.768177569 0.352450252 -0.831469595 0.429461747 0.402454853 -0.773010433 0.490392566 0.352450043 -0.773010433 0.527478635 0.308658481 -0.831469595 0.461939931 0.607076406 0.290284693 0.739724815 0.586102664 0.382683456 0.714168429 0.513279676 0.382683456 0.768177569 0.531647444 0.290284693 0.795666754 0.299050808 -0.881921232 0.364394546 0.352450252 -0.831469595 0.429461747 0.308658481 -0.831469595 0.461939931 0.261893868 -0.881921232 0.391951978 0.622203469 0.195090324 0.758157194 0.607076406 0.290284693 0.739724815 0.531647444 0.290284693 0.795666754 0.544894993 0.195090324 0.815493047 0.0621813871 0.99518472 0.0757682547 0 1 -0 0.0544553772 0.99518472 0.0814982504 0.242771685 -0.923879504 0.29581818 0.299050808 -0.881921232 0.364394546 0.261893868 -0.881921232 0.391951978 0.212607414 -0.923879504 0.318189502 0.631338298 0.0980171412 0.769288063 0.622203469 0.195090324 0.758157194 0.544894993 0.195090324 0.815493047 0.552894831 0.0980171412 0.827465713 0.123764008 0.980785251 0.150806844 0.0621813871 0.99518472 0.0757682547 0.0544553772 0.99518472 0.0814982504 0.108386397 0.980785251 0.162211657 0.18415463 -0.956940353 0.2243931 0.242771685 -0.923879504 0.29581818 0.212607414 -0.923879504 0.318189502 0.161273509 -0.956940353 0.2413629 0.634393096 0 0.773010373 0.631338298 0.0980171412 0.769288063 0.552894831 0.0980171412 0.827465713 0.555570006 0 0.831469536 0.18415463 0.956940353 0.2243931 0.123764008 0.980785251 0.150806844 0.108386397 0.980785251 0.162211657 0.161273509 0.956940353 0.2413629 0.123764008 -0.980785251 0.150806844 0.18415463 -0.956940353 0.2243931 0.161273509 -0.956940353 0.2413629 0.108386397 -0.980785251 0.162211657 0.631338298 -0.0980171412 0.769288063 0.634393096 0 0.773010373 0.555570006 0 0.831469536 0.552894831 -0.0980171412 0.827465713 0.242771685 0.923879504 0.29581818 0.18415463 0.956940353 0.2243931 0.161273509 0.956940353 0.2413629 0.212607414 0.923879504 0.318189502 0.0621813871 -0.99518472 0.0757682547 0.123764008 -0.980785251 0.150806844 0.108386397 -0.980785251 0.162211657 0.0544553772 -0.99518472 0.0814982504 0.622203469 -0.195090324 0.758157194 0.631338298 -0.0980171412 0.769288063 0.552894831 -0.0980171412 0.827465713 0.544894993 -0.195090324 0.815493047 0.299050808 0.881921232 0.364394546 0.242771685 0.923879504 0.29581818 0.212607414 0.923879504 0.318189502 0.261893868 0.881921232 0.391951978 0 -1 -0 0.0621813871 -0.99518472 0.0757682547 0.0544553772 -0.99518472 0.0814982504 0.607076406 -0.290284693 0.739724815 0.622203469 -0.195090324 0.758157194 0.544894993 -0.195090324 0.815493047 0.531647444 -0.290284693 0.795666754 0.555570006 0 0.831469536 0.552894831 0.0980171412 0.827465713 0.469126642 0.0980171412 0.87767446 0.471396506 0 0.881921172 0.161273509 0.956940353 0.2413629 0.108386397 0.980785251 0.162211657 0.0919649601 0.980785251 0.172054291 0.136839241 0.956940353 0.256008238 0.108386397 -0.980785251 0.162211657 0.161273509 -0.956940353 0.2413629 0.136839241 -0.956940353 0.256008238 0.0919649601 -0.980785251 0.172054291 0.552894831 -0.0980171412 0.827465713 0.555570006 0 0.831469536 0.471396506 0 0.881921172 0.469126642 -0.0980171412 0.87767446 0.212607414 0.923879504 0.318189502 0.161273509 0.956940353 0.2413629 0.136839241 0.956940353 0.256008238 0.180395618 0.923879504 0.337496519 0.0544553772 -0.99518472 0.0814982504 0.108386397 -0.980785251 0.162211657 0.0919649601 -0.980785251 0.172054291 0.046204932 -0.99518472 0.0864433721 0.544894993 -0.195090324 0.815493047 0.552894831 -0.0980171412 0.827465713 0.469126642 -0.0980171412 0.87767446 0.462338895 -0.195090324 0.864975274 0.261893868 0.881921232 0.391951978 0.212607414 0.923879504 0.318189502 0.180395618 0.923879504 0.337496519 0.222214773 0.881921232 0.415734708 0 -1 -0 0.0544553772 -0.99518472 0.0814982504 0.046204932 -0.99518472 0.0864433721 0.531647444 -0.290284693 0.795666754 0.544894993 -0.195090324 0.815493047 0.462338895 -0.195090324 0.864975274 0.451098442 -0.290284693 0.84394592 0.308658481 0.831469595 0.461939931 0.261893868 0.881921232 0.391951978 0.222214773 0.881921232 0.415734708 0.261894166 0.831469595 0.489969403 0.513279676 -0.382683456 0.768177569 0.531647444 -0.290284693 0.795666754 0.451098442 -0.290284693 0.84394592 0.435513556 -0.382683456 0.814788759 0.352450043 0.773010433 0.527478635 0.308658481 0.831469595 0.461939931 0.261894166 0.831469595 0.489969403 0.299050927 0.773010433 0.559484839 0.489969015 -0.471396744 0.733290553 0.513279676 -0.382683456 0.768177569 0.435513556 -0.382683456 0.814788759 0.415734649 -0.471396744 0.777784944 0.3928473 0.707106769 0.587937772 0.352450043 0.773010433 0.527478635 0.299050927 0.773010433 0.559484839 0.333327651 0.707106769 0.623612463 0.461939871 -0.555570245 0.691341698 0.489969015 -0.471396744 0.733290553 0.415734649 -0.471396744 0.777784944 0.391952187 -0.555570245 0.733290732 0.429461598 0.634393334 0.642734528 0.3928473 0.707106769 0.587937772 0.333327651 0.707106769 0.623612463 0.364394605 0.634393334 0.681734145 0.429461598 -0.634393334 0.642734528 0.461939871 -0.555570245 0.691341698 0.391952187 -0.555570245 0.733290732 0.364394605 -0.634393334 0.681734145 0.461939871 0.555570245 0.691341698 0.429461598 0.634393334 0.642734528 0.364394605 0.634393334 0.681734145 0.391952187 0.555570245 0.733290732 0.3928473 -0.707106769 0.587937772 0.429461598 -0.634393334 0.642734528 0.364394605 -0.634393334 0.681734145 0.333327651 -0.707106769 0.623612463 0.489969015 0.471396744 0.733290553 0.461939871 0.555570245 0.691341698 0.391952187 0.555570245 0.733290732 0.415734649 0.471396744 0.777784944 0.352450043 -0.773010433 0.527478635 0.3928473 -0.707106769 0.587937772 0.333327651 -0.707106769 0.623612463 0.299050927 -0.773010433 0.559484839 0.513279676 0.382683456 0.768177569 0.489969015 0.471396744 0.733290553 0.415734649 0.471396744 0.777784944 0.435513556 0.382683456 0.814788759 0.308658481 -0.831469595 0.461939931 0.352450043 -0.773010433 0.527478635 0.299050927 -0.773010433 0.559484839 0.261894166 -0.831469595 0.489969403 0.531647444 0.290284693 0.795666754 0.513279676 0.382683456 0.768177569 0.435513556 0.382683456 0.814788759 0.451098442 0.290284693 0.84394592 0.261893868 -0.881921232 0.391951978 0.308658481 -0.831469595 0.461939931 0.261894166 -0.831469595 0.489969403 0.222214773 -0.881921232 0.415734708 0.544894993 0.195090324 0.815493047 0.531647444 0.290284693 0.795666754 0.451098442 0.290284693 0.84394592 0.462338895 0.195090324 0.864975274 0.0544553772 0.99518472 0.0814982504 0 1 -0 0.046204932 0.99518472 0.0864433721 0.212607414 -0.923879504 0.318189502 0.261893868 -0.881921232 0.391951978 0.222214773 -0.881921232 0.415734708 0.180395618 -0.923879504 0.337496519 0.552894831 0.0980171412 0.827465713 0.544894993 0.195090324 0.815493047 0.462338895 0.195090324 0.864975274 0.469126642 0.0980171412 0.87767446 0.108386397 0.980785251 0.162211657 0.0544553772 0.99518472 0.0814982504 0.046204932 0.99518472 0.0864433721 0.0919649601 0.980785251 0.172054291 0.161273509 -0.956940353 0.2413629 0.212607414 -0.923879504 0.318189502 0.180395618 -0.923879504 0.337496519 0.136839241 -0.956940353 0.256008238 0.462338895 -0.195090324 0.864975274 0.469126642 -0.0980171412 0.87767446 0.38084051 -0.0980171412 0.919430673 0.37533021 -0.195090324 0.906127274 0.222214773 0.881921232 0.415734708 0.180395618 0.923879504 0.337496519 0.146446526 0.923879504 0.353553236 0.180395618 0.881921232 0.435513675 0 -1 -0 0.046204932 -0.99518472 0.0864433721 0.0375095084 -0.99518472 0.0905559957 0.451098442 -0.290284693 0.84394592 0.462338895 -0.195090324 0.864975274 0.37533021 -0.195090324 0.906127274 0.366205096 -0.290284693 0.884097457 0.261894166 0.831469595 0.489969403 0.222214773 0.881921232 0.415734708 0.180395618 0.881921232 0.435513675 0.212607682 0.831469595 0.513280213 0.435513556 -0.382683456 0.814788759 0.451098442 -0.290284693 0.84394592 0.366205096 -0.290284693 0.884097457 0.353553176 -0.382683456 0.853553116 0.299050927 0.773010433 0.559484839 0.261894166 0.831469595 0.489969403 0.212607682 0.831469595 0.513280213 0.242771804 0.773010433 0.586102903 0.415734649 -0.471396744 0.777784944 0.435513556 -0.382683456 0.814788759 0.353553176 -0.382683456 0.853553116 0.337496519 -0.471396744 0.814788818 0.333327651 0.707106769 0.623612463 0.299050927 0.773010433 0.559484839 0.242771804 0.773010433 0.586102903 0.270597875 0.707106769 0.653281391 0.391952187 -0.555570245 0.733290732 0.415734649 -0.471396744 0.777784944 0.337496519 -0.471396744 0.814788818 0.31818977 -0.555570245 0.768177807 0.364394605 0.634393334 0.681734145 0.333327651 0.707106769 0.623612463 0.270597875 0.707106769 0.653281391 0.295818299 0.634393334 0.71416831 0.364394605 -0.634393334 0.681734145 0.391952187 -0.555570245 0.733290732 0.31818977 -0.555570245 0.768177807 0.295818299 -0.634393334 0.71416831 0.391952187 0.555570245 0.733290732 0.364394605 0.634393334 0.681734145 0.295818299 0.634393334 0.71416831 0.31818977 0.555570245 0.768177807 0.333327651 -0.707106769 0.623612463 0.364394605 -0.634393334 0.681734145 0.295818299 -0.634393334 0.71416831 0.270597875 -0.707106769 0.653281391 0.415734649 0.471396744 0.777784944 0.391952187 0.555570245 0.733290732 0.31818977 0.555570245 0.768177807 0.337496519 0.471396744 0.814788818 0.299050927 -0.773010433 0.559484839 0.333327651 -0.707106769 0.623612463 0.270597875 -0.707106769 0.653281391 0.242771804 -0.773010433 0.586102903 0.435513556 0.382683456 0.814788759 0.415734649 0.471396744 0.777784944 0.337496519 0.471396744 0.814788818 0.353553176 0.382683456 0.853553116 0.261894166 -0.831469595 0.489969403 0.299050927 -0.773010433 0.559484839 0.242771804 -0.773010433 0.586102903 0.212607682 -0.831469595 0.513280213 0.451098442 0.290284693 0.84394592 0.435513556 0.382683456 0.814788759 0.353553176 0.382683456 0.853553116 0.366205096 0.290284693 0.884097457 0.222214773 -0.881921232 0.415734708 0.261894166 -0.831469595 0.489969403 0.212607682 -0.831469595 0.513280213 0.180395618 -0.881921232 0.435513675 0.462338895 0.195090324 0.864975274 0.451098442 0.290284693 0.84394592 0.366205096 0.290284693 0.884097457 0.37533021 0.195090324 0.906127274 0.046204932 0.99518472 0.0864433721 0 1 -0 0.0375095084 0.99518472 0.0905559957 0.180395618 -0.923879504 0.337496519 0.222214773 -0.881921232 0.415734708 0.180395618 -0.881921232 0.435513675 0.146446526 -0.923879504 0.353553236 0.469126642 0.0980171412 0.87767446 0.462338895 0.195090324 0.864975274 0.37533021 0.195090324 0.906127274 0.38084051 0.0980171412 0.919430673 0.0919649601 0.980785251 0.172054291 0.046204932 0.99518472 0.0864433721 0.0375095084 0.99518472 0.0905559957 0.07465785 0.980785251 0.180239946 0.136839241 -0.956940353 0.256008238 0.180395618 -0.923879504 0.337496519 0.146446526 -0.923879504 0.353553236 0.111087129 -0.956940353 0.268188089 0.471396506 0 0.881921172 0.469126642 0.0980171412 0.87767446 0.38084051 0.0980171412 0.919430673 0.382683218 0 0.923879385 0.136839241 0.956940353 0.256008238 0.0919649601 0.980785251 0.172054291 0.07465785 0.980785251 0.180239946 0.111087129 0.956940353 0.268188089 0.0919649601 -0.980785251 0.172054291 0.136839241 -0.956940353 0.256008238 0.111087129 -0.956940353 0.268188089 0.07465785 -0.980785251 0.180239946 0.469126642 -0.0980171412 0.87767446 0.471396506 0 0.881921172 0.382683218 0 0.923879385 0.38084051 -0.0980171412 0.919430673 0.180395618 0.923879504 0.337496519 0.136839241 0.956940353 0.256008238 0.111087129 0.956940353 0.268188089 0.146446526 0.923879504 0.353553236 0.046204932 -0.99518472 0.0864433721 0.0919649601 -0.980785251 0.172054291 0.07465785 -0.980785251 0.180239946 0.0375095084 -0.99518472 0.0905559957 0.353553176 -0.382683456 0.853553116 0.366205096 -0.290284693 0.884097457 0.277785003 -0.290284693 0.915734649 0.268187881 -0.382683456 0.884097278 0.242771804 0.773010433 0.586102903 0.212607682 0.831469595 0.513280213 0.161273658 0.831469595 0.531647861 0.18415466 0.773010433 0.607076466 0.337496519 -0.471396744 0.814788818 0.353553176 -0.382683456 0.853553116 0.268187881 -0.382683456 0.884097278 0.256008089 -0.471396744 0.843945861 0.270597875 0.707106769 0.653281391 0.242771804 0.773010433 0.586102903 0.18415466 0.773010433 0.607076466 0.205262095 0.707106769 0.676658869 0.31818977 -0.555570245 0.768177807 0.337496519 -0.471396744 0.814788818 0.256008089 -0.471396744 0.843945861 0.241363019 -0.555570245 0.795666873 0.295818299 0.634393334 0.71416831 0.270597875 0.707106769 0.653281391 0.205262095 0.707106769 0.676658869 0.2243931 0.634393334 0.739724636 0.295818299 -0.634393334 0.71416831 0.31818977 -0.555570245 0.768177807 0.241363019 -0.555570245 0.795666873 0.2243931 -0.634393334 0.739724636 0.31818977 0.555570245 0.768177807 0.295818299 0.634393334 0.71416831 0.2243931 0.634393334 0.739724636 0.241363019 0.555570245 0.795666873 0.270597875 -0.707106769 0.653281391 0.295818299 -0.634393334 0.71416831 0.2243931 -0.634393334 0.739724636 0.205262095 -0.707106769 0.676658869 0.337496519 0.471396744 0.814788818 0.31818977 0.555570245 0.768177807 0.241363019 0.555570245 0.795666873 0.256008089 0.471396744 0.843945861 0.242771804 -0.773010433 0.586102903 0.270597875 -0.707106769 0.653281391 0.205262095 -0.707106769 0.676658869 0.18415466 -0.773010433 0.607076466 0.353553176 0.382683456 0.853553116 0.337496519 0.471396744 0.814788818 0.256008089 0.471396744 0.843945861 0.268187881 0.382683456 0.884097278 0.212607682 -0.831469595 0.513280213 0.242771804 -0.773010433 0.586102903 0.18415466 -0.773010433 0.607076466 0.161273658 -0.831469595 0.531647861 0.366205096 0.290284693 0.884097457 0.353553176 0.382683456 0.853553116 0.268187881 0.382683456 0.884097278 0.277785003 0.290284693 0.915734649 0.180395618 -0.881921232 0.435513675 0.212607682 -0.831469595 0.513280213 0.161273658 -0.831469595 0.531647861 0.136839166 -0.881921232 0.451098412 0.37533021 0.195090324 0.906127274 0.366205096 0.290284693 0.884097457 0.277785003 0.290284693 0.915734649 0.284706891 0.195090324 0.938552856 0.0375095084 0.99518472 0.0905559957 0 1 -0 0.0284528509 0.99518472 0.0937965214 0.146446526 -0.923879504 0.353553236 0.180395618 -0.881921232 0.435513675 0.136839166 -0.881921232 0.451098412 0.111087069 -0.923879504 0.366205037 0.38084051 0.0980171412 0.919430673 0.37533021 0.195090324 0.906127274 0.284706891 0.195090324 0.938552856 0.288886696 0.0980171412 0.952332258 0.07465785 0.980785251 0.180239946 0.0375095084 0.99518472 0.0905559957 0.0284528509 0.99518472 0.0937965214 0.0566317476 0.980785251 0.186689794 0.111087129 -0.956940353 0.268188089 0.146446526 -0.923879504 0.353553236 0.111087069 -0.923879504 0.366205037 0.0842651874 -0.956940353 0.277785122 0.382683218 0 0.923879385 0.38084051 0.0980171412 0.919430673 0.288886696 0.0980171412 0.952332258 0.290284455 0 0.956940174 0.111087129 0.956940353 0.268188089 0.07465785 0.980785251 0.180239946 0.0566317476 0.980785251 0.186689794 0.0842651874 0.956940353 0.277785122 0.07465785 -0.980785251 0.180239946 0.111087129 -0.956940353 0.268188089 0.0842651874 -0.956940353 0.277785122 0.0566317476 -0.980785251 0.186689794 0.38084051 -0.0980171412 0.919430673 0.382683218 0 0.923879385 0.290284455 0 0.956940174 0.288886696 -0.0980171412 0.952332258 0.146446526 0.923879504 0.353553236 0.111087129 0.956940353 0.268188089 0.0842651874 0.956940353 0.277785122 0.111087069 0.923879504 0.366205037 0.0375095084 -0.99518472 0.0905559957 0.07465785 -0.980785251 0.180239946 0.0566317476 -0.980785251 0.186689794 0.0284528509 -0.99518472 0.0937965214 0.37533021 -0.195090324 0.906127274 0.38084051 -0.0980171412 0.919430673 0.288886696 -0.0980171412 0.952332258 0.284706891 -0.195090324 0.938552856 0.180395618 0.881921232 0.435513675 0.146446526 0.923879504 0.353553236 0.111087069 0.923879504 0.366205037 0.136839166 0.881921232 0.451098412 0 -1 -0 0.0375095084 -0.99518472 0.0905559957 0.0284528509 -0.99518472 0.0937965214 0.366205096 -0.290284693 0.884097457 0.37533021 -0.195090324 0.906127274 0.284706891 -0.195090324 0.938552856 0.277785003 -0.290284693 0.915734649 0.212607682 0.831469595 0.513280213 0.180395618 0.881921232 0.435513675 0.136839166 0.881921232 0.451098412 0.161273658 0.831469595 0.531647861 0.241363019 -0.555570245 0.795666873 0.256008089 -0.471396744 0.843945861 0.172054186 -0.471396744 0.864975214 0.162211806 -0.555570245 0.815493226 0.2243931 0.634393334 0.739724636 0.205262095 0.707106769 0.676658869 0.137949526 0.707106769 0.693519771 0.150806889 0.634393334 0.758157015 0.2243931 -0.634393334 0.739724636 0.241363019 -0.555570245 0.795666873 0.162211806 -0.555570245 0.815493226 0.150806889 -0.634393334 0.758157015 0.241363019 0.555570245 0.795666873 0.2243931 0.634393334 0.739724636 0.150806889 0.634393334 0.758157015 0.162211806 0.555570245 0.815493226 0.205262095 -0.707106769 0.676658869 0.2243931 -0.634393334 0.739724636 0.150806889 -0.634393334 0.758157015 0.137949526 -0.707106769 0.693519771 0.256008089 0.471396744 0.843945861 0.241363019 0.555570245 0.795666873 0.162211806 0.555570245 0.815493226 0.172054186 0.471396744 0.864975214 0.18415466 -0.773010433 0.607076466 0.205262095 -0.707106769 0.676658869 0.137949526 -0.707106769 0.693519771 0.123764008 -0.773010433 0.622203529 0.268187881 0.382683456 0.884097278 0.256008089 0.471396744 0.843945861 0.172054186 0.471396744 0.864975214 0.180239797 0.382683456 0.906127095 0.161273658 -0.831469595 0.531647861 0.18415466 -0.773010433 0.607076466 0.123764008 -0.773010433 0.622203529 0.108386479 -0.831469595 0.544895411 0.277785003 0.290284693 0.915734649 0.268187881 0.382683456 0.884097278 0.180239797 0.382683456 0.906127095 0.18668969 0.290284693 0.938552856 0.136839166 -0.881921232 0.451098412 0.161273658 -0.831469595 0.531647861 0.108386479 -0.831469595 0.544895411 0.0919648707 -0.881921232 0.462338835 0.284706891 0.195090324 0.938552856 0.277785003 0.290284693 0.915734649 0.18668969 0.290284693 0.938552856 0.191341683 0.195090324 0.961939633 0.0284528509 0.99518472 0.0937965214 0 1 -0 0.0191221759 0.99518472 0.0961337313 0.111087069 -0.923879504 0.366205037 0.136839166 -0.881921232 0.451098412 0.0919648707 -0.881921232 0.462338835 0.0746577829 -0.923879504 0.375330091 0.288886696 0.0980171412 0.952332258 0.284706891 0.195090324 0.938552856 0.191341683 0.195090324 0.961939633 0.194150731 0.0980171412 0.976062357 0.0566317476 0.980785251 0.186689794 0.0284528509 0.99518472 0.0937965214 0.0191221759 0.99518472 0.0961337313 0.0380602479 0.980785251 0.191341713 0.0842651874 -0.956940353 0.277785122 0.111087069 -0.923879504 0.366205037 0.0746577829 -0.923879504 0.375330091 0.0566317253 -0.956940353 0.28470695 0.290284455 0 0.956940174 0.288886696 0.0980171412 0.952332258 0.194150731 0.0980171412 0.976062357 0.195090115 0 0.980785131 0.0842651874 0.956940353 0.277785122 0.0566317476 0.980785251 0.186689794 0.0380602479 0.980785251 0.191341713 0.0566317253 0.956940353 0.28470695 0.0566317476 -0.980785251 0.186689794 0.0842651874 -0.956940353 0.277785122 0.0566317253 -0.956940353 0.28470695 0.0380602479 -0.980785251 0.191341713 0.288886696 -0.0980171412 0.952332258 0.290284455 0 0.956940174 0.195090115 0 0.980785131 0.194150731 -0.0980171412 0.976062357 0.111087069 0.923879504 0.366205037 0.0842651874 0.956940353 0.277785122 0.0566317253 0.956940353 0.28470695 0.0746577829 0.923879504 0.375330091 0.0284528509 -0.99518472 0.0937965214 0.0566317476 -0.980785251 0.186689794 0.0380602479 -0.980785251 0.191341713 0.0191221759 -0.99518472 0.0961337313 0.284706891 -0.195090324 0.938552856 0.288886696 -0.0980171412 0.952332258 0.194150731 -0.0980171412 0.976062357 0.191341683 -0.195090324 0.961939633 0.136839166 0.881921232 0.451098412 0.111087069 0.923879504 0.366205037 0.0746577829 0.923879504 0.375330091 0.0919648707 0.881921232 0.462338835 0 -1 -0 0.0284528509 -0.99518472 0.0937965214 0.0191221759 -0.99518472 0.0961337313 0.277785003 -0.290284693 0.915734649 0.284706891 -0.195090324 0.938552856 0.191341683 -0.195090324 0.961939633 0.18668969 -0.290284693 0.938552856 0.161273658 0.831469595 0.531647861 0.136839166 0.881921232 0.451098412 0.0919648707 0.881921232 0.462338835 0.108386479 0.831469595 0.544895411 0.268187881 -0.382683456 0.884097278 0.277785003 -0.290284693 0.915734649 0.18668969 -0.290284693 0.938552856 0.180239797 -0.382683456 0.906127095 0.18415466 0.773010433 0.607076466 0.161273658 0.831469595 0.531647861 0.108386479 0.831469595 0.544895411 0.123764008 0.773010433 0.622203529 0.256008089 -0.471396744 0.843945861 0.268187881 -0.382683456 0.884097278 0.180239797 -0.382683456 0.906127095 0.172054186 -0.471396744 0.864975214 0.205262095 0.707106769 0.676658869 0.18415466 0.773010433 0.607076466 0.123764008 0.773010433 0.622203529 0.137949526 0.707106769 0.693519771 0.137949526 -0.707106769 0.693519771 0.150806889 -0.634393334 0.758157015 0.0757683292 -0.634393334 0.769287944 0.0693084374 -0.707106769 0.703701735 0.172054186 0.471396744 0.864975214 0.162211806 0.555570245 0.815493226 0.0814983994 0.555570245 0.827465951 0.0864432976 0.471396744 0.877674341 0.123764008 -0.773010433 0.622203529 0.137949526 -0.707106769 0.693519771 0.0693084374 -0.707106769 0.703701735 0.0621814393 -0.773010433 0.631338418 0.180239797 0.382683456 0.906127095 0.172054186 0.471396744 0.864975214 0.0864432976 0.471396744 0.877674341 0.0905559063 0.382683456 0.919430435 0.108386479 -0.831469595 0.544895411 0.123764008 -0.773010433 0.622203529 0.0621814393 -0.773010433 0.631338418 0.054455474 -0.831469595 0.552895367 0.18668969 0.290284693 0.938552856 0.180239797 0.382683456 0.906127095 0.0905559063 0.382683456 0.919430435 0.0937964618 0.290284693 0.952332258 0.0919648707 -0.881921232 0.462338835 0.108386479 -0.831469595 0.544895411 0.054455474 -0.831469595 0.552895367 0.0462048985 -0.881921232 0.469126672 0.191341683 0.195090324 0.961939633 0.18668969 0.290284693 0.938552856 0.0937964618 0.290284693 0.952332258 0.0961337388 0.195090324 0.976062417 0.0191221759 0.99518472 0.0961337313 0 1 -0 0.00960734393 0.99518472 0.0975451171 0.0746577829 -0.923879504 0.375330091 0.0919648707 -0.881921232 0.462338835 0.0462048985 -0.881921232 0.469126672 0.037509501 -0.923879504 0.38084051 0.194150731 0.0980171412 0.976062357 0.191341683 0.195090324 0.961939633 0.0961337388 0.195090324 0.976062417 0.0975450054 0.0980171412 0.990392447 0.0380602479 0.980785251 0.191341713 0.0191221759 0.99518472 0.0961337313 0.00960734393 0.99518472 0.0975451171 0.0191222113 0.980785251 0.194150895 0.0566317253 -0.956940353 0.28470695 0.0746577829 -0.923879504 0.375330091 0.037509501 -0.923879504 0.38084051 0.0284528658 -0.956940353 0.288886905 0.195090115 0 0.980785131 0.194150731 0.0980171412 0.976062357 0.0975450054 0.0980171412 0.990392447 0.0980169475 0 0.995184541 0.0566317253 0.956940353 0.28470695 0.0380602479 0.980785251 0.191341713 0.0191222113 0.980785251 0.194150895 0.0284528658 0.956940353 0.288886905 0.0380602479 -0.980785251 0.191341713 0.0566317253 -0.956940353 0.28470695 0.0284528658 -0.956940353 0.288886905 0.0191222113 -0.980785251 0.194150895 0.194150731 -0.0980171412 0.976062357 0.195090115 0 0.980785131 0.0980169475 0 0.995184541 0.0975450054 -0.0980171412 0.990392447 0.0746577829 0.923879504 0.375330091 0.0566317253 0.956940353 0.28470695 0.0284528658 0.956940353 0.288886905 0.037509501 0.923879504 0.38084051 0.0191221759 -0.99518472 0.0961337313 0.0380602479 -0.980785251 0.191341713 0.0191222113 -0.980785251 0.194150895 0.00960734393 -0.99518472 0.0975451171 0.191341683 -0.195090324 0.961939633 0.194150731 -0.0980171412 0.976062357 0.0975450054 -0.0980171412 0.990392447 0.0961337388 -0.195090324 0.976062417 0.0919648707 0.881921232 0.462338835 0.0746577829 0.923879504 0.375330091 0.037509501 0.923879504 0.38084051 0.0462048985 0.881921232 0.469126672 0 -1 -0 0.0191221759 -0.99518472 0.0961337313 0.00960734393 -0.99518472 0.0975451171 0.18668969 -0.290284693 0.938552856 0.191341683 -0.195090324 0.961939633 0.0961337388 -0.195090324 0.976062417 0.0937964618 -0.290284693 0.952332258 0.108386479 0.831469595 0.544895411 0.0919648707 0.881921232 0.462338835 0.0462048985 0.881921232 0.469126672 0.054455474 0.831469595 0.552895367 0.180239797 -0.382683456 0.906127095 0.18668969 -0.290284693 0.938552856 0.0937964618 -0.290284693 0.952332258 0.0905559063 -0.382683456 0.919430435 0.123764008 0.773010433 0.622203529 0.108386479 0.831469595 0.544895411 0.054455474 0.831469595 0.552895367 0.0621814393 0.773010433 0.631338418 0.172054186 -0.471396744 0.864975214 0.180239797 -0.382683456 0.906127095 0.0905559063 -0.382683456 0.919430435 0.0864432976 -0.471396744 0.877674341 0.137949526 0.707106769 0.693519771 0.123764008 0.773010433 0.622203529 0.0621814393 0.773010433 0.631338418 0.0693084374 0.707106769 0.703701735 0.162211806 -0.555570245 0.815493226 0.172054186 -0.471396744 0.864975214 0.0864432976 -0.471396744 0.877674341 0.0814983994 -0.555570245 0.827465951 0.150806889 0.634393334 0.758157015 0.137949526 0.707106769 0.693519771 0.0693084374 0.707106769 0.703701735 0.0757683292 0.634393334 0.769287944 0.150806889 -0.634393334 0.758157015 0.162211806 -0.555570245 0.815493226 0.0814983994 -0.555570245 0.827465951 0.0757683292 -0.634393334 0.769287944 0.162211806 0.555570245 0.815493226 0.150806889 0.634393334 0.758157015 0.0757683292 0.634393334 0.769287944 0.0814983994 0.555570245 0.827465951 0.054455474 -0.831469595 0.552895367 0.0621814393 -0.773010433 0.631338418 3.35276127e-08 -0.773010433 0.634393215 2.98023224e-08 -0.831469595 0.555570602 0.0937964618 0.290284693 0.952332258 0.0905559063 0.382683456 0.919430435 -8.94069672e-08 0.382683456 0.923879147 -7.4505806e-08 0.290284693 0.956940174 0.0462048985 -0.881921232 0.469126672 0.054455474 -0.831469595 0.552895367 2.98023224e-08 -0.831469595 0.555570602 -4.47034836e-08 -0.881921232 0.471396565 0.0961337388 0.195090324 0.976062417 0.0937964618 0.290284693 0.952332258 -7.4505806e-08 0.290284693 0.956940174 -2.23517418e-08 0.195090324 0.980785191 0.00960734393 0.99518472 0.0975451171 0 1 -0 -1.21071935e-08 0.99518472 0.0980170965 0.037509501 -0.923879504 0.38084051 0.0462048985 -0.881921232 0.469126672 -4.47034836e-08 -0.881921232 0.471396565 -1.49011612e-08 -0.923879504 0.382683218 0.0975450054 0.0980171412 0.990392447 0.0961337388 0.195090324 0.976062417 -2.23517418e-08 0.195090324 0.980785191 -1.41561031e-07 0.0980171412 0.995184481 0.0191222113 0.980785251 0.194150895 0.00960734393 0.99518472 0.0975451171 -1.21071935e-08 0.99518472 0.0980170965 1.67638063e-08 0.980785251 0.195090309 0.0284528658 -0.956940353 0.288886905 0.037509501 -0.923879504 0.38084051 -1.49011612e-08 -0.923879504 0.382683218 -1.11758709e-08 -0.956940353 0.290284693 0.0980169475 0 0.995184541 0.0975450054 0.0980171412 0.990392447 -1.41561031e-07 0.0980171412 0.995184481 -1.78813934e-07 0 0.999999762 0.0284528658 0.956940353 0.288886905 0.0191222113 0.980785251 0.194150895 1.67638063e-08 0.980785251 0.195090309 -1.11758709e-08 0.956940353 0.290284693 0.0191222113 -0.980785251 0.194150895 0.0284528658 -0.956940353 0.288886905 -1.11758709e-08 -0.956940353 0.290284693 1.67638063e-08 -0.980785251 0.195090309 0.0975450054 -0.0980171412 0.990392447 0.0980169475 0 0.995184541 -1.78813934e-07 0 0.999999762 -1.41561031e-07 -0.0980171412 0.995184481 0.037509501 0.923879504 0.38084051 0.0284528658 0.956940353 0.288886905 -1.11758709e-08 0.956940353 0.290284693 -1.49011612e-08 0.923879504 0.382683218 0.00960734393 -0.99518472 0.0975451171 0.0191222113 -0.980785251 0.194150895 1.67638063e-08 -0.980785251 0.195090309 -1.21071935e-08 -0.99518472 0.0980170965 0.0961337388 -0.195090324 0.976062417 0.0975450054 -0.0980171412 0.990392447 -1.41561031e-07 -0.0980171412 0.995184481 -2.23517418e-08 -0.195090324 0.980785191 0.0462048985 0.881921232 0.469126672 0.037509501 0.923879504 0.38084051 -1.49011612e-08 0.923879504 0.382683218 -4.47034836e-08 0.881921232 0.471396565 0 -1 -0 0.00960734393 -0.99518472 0.0975451171 -1.21071935e-08 -0.99518472 0.0980170965 0.0937964618 -0.290284693 0.952332258 0.0961337388 -0.195090324 0.976062417 -2.23517418e-08 -0.195090324 0.980785191 -7.4505806e-08 -0.290284693 0.956940174 0.054455474 0.831469595 0.552895367 0.0462048985 0.881921232 0.469126672 -4.47034836e-08 0.881921232 0.471396565 2.98023224e-08 0.831469595 0.555570602 0.0905559063 -0.382683456 0.919430435 0.0937964618 -0.290284693 0.952332258 -7.4505806e-08 -0.290284693 0.956940174 -8.94069672e-08 -0.382683456 0.923879147 0.0621814393 0.773010433 0.631338418 0.054455474 0.831469595 0.552895367 2.98023224e-08 0.831469595 0.555570602 3.35276127e-08 0.773010433 0.634393215 0.0864432976 -0.471396744 0.877674341 0.0905559063 -0.382683456 0.919430435 -8.94069672e-08 -0.382683456 0.923879147 -8.19563866e-08 -0.471396744 0.881920993 0.0693084374 0.707106769 0.703701735 0.0621814393 0.773010433 0.631338418 3.35276127e-08 0.773010433 0.634393215 -1.34110451e-07 0.707106769 0.70710665 0.0814983994 -0.555570245 0.827465951 0.0864432976 -0.471396744 0.877674341 -8.19563866e-08 -0.471396744 0.881920993 1.11758709e-07 -0.555570245 0.831469715 0.0757683292 0.634393334 0.769287944 0.0693084374 0.707106769 0.703701735 -1.34110451e-07 0.707106769 0.70710665 7.4505806e-08 0.634393334 0.773010254 0.0757683292 -0.634393334 0.769287944 0.0814983994 -0.555570245 0.827465951 1.11758709e-07 -0.555570245 0.831469715 7.4505806e-08 -0.634393334 0.773010254 0.0814983994 0.555570245 0.827465951 0.0757683292 0.634393334 0.769287944 7.4505806e-08 0.634393334 0.773010254 1.11758709e-07 0.555570245 0.831469715 0.0693084374 -0.707106769 0.703701735 0.0757683292 -0.634393334 0.769287944 7.4505806e-08 -0.634393334 0.773010254 -1.34110451e-07 -0.707106769 0.70710665 0.0864432976 0.471396744 0.877674341 0.0814983994 0.555570245 0.827465951 1.11758709e-07 0.555570245 0.831469715 -8.19563866e-08 0.471396744 0.881920993 0.0621814393 -0.773010433 0.631338418 0.0693084374 -0.707106769 0.703701735 -1.34110451e-07 -0.707106769 0.70710665 3.35276127e-08 -0.773010433 0.634393215 0.0905559063 0.382683456 0.919430435 0.0864432976 0.471396744 0.877674341 -8.19563866e-08 0.471396744 0.881920993 -8.94069672e-08 0.382683456 0.923879147 -1.49011612e-08 -0.923879504 0.382683218 -4.47034836e-08 -0.881921232 0.471396565 -0.0462049879 -0.881921232 0.469126672 -0.0375095308 -0.923879504 0.38084048 -1.41561031e-07 0.0980171412 0.995184481 -2.23517418e-08 0.195090324 0.980785191 -0.0961337835 0.195090324 0.976062417 -0.0975452811 0.0980171412 0.990392387 1.67638063e-08 0.980785251 0.195090309 -1.21071935e-08 0.99518472 0.0980170965 -0.00960736815 0.99518472 0.0975451171 -0.0191221777 0.980785251 0.194150895 -1.11758709e-08 -0.956940353 0.290284693 -1.49011612e-08 -0.923879504 0.382683218 -0.0375095308 -0.923879504 0.38084048 -0.0284528863 -0.956940353 0.288886905 -1.78813934e-07 0 0.999999762 -1.41561031e-07 0.0980171412 0.995184481 -0.0975452811 0.0980171412 0.990392387 -0.0980172977 0 0.995184481 -1.11758709e-08 0.956940353 0.290284693 1.67638063e-08 0.980785251 0.195090309 -0.0191221777 0.980785251 0.194150895 -0.0284528863 0.956940353 0.288886905 1.67638063e-08 -0.980785251 0.195090309 -1.11758709e-08 -0.956940353 0.290284693 -0.0284528863 -0.956940353 0.288886905 -0.0191221777 -0.980785251 0.194150895 -1.41561031e-07 -0.0980171412 0.995184481 -1.78813934e-07 0 0.999999762 -0.0980172977 0 0.995184481 -0.0975452811 -0.0980171412 0.990392387 -1.49011612e-08 0.923879504 0.382683218 -1.11758709e-08 0.956940353 0.290284693 -0.0284528863 0.956940353 0.288886905 -0.0375095308 0.923879504 0.38084048 -1.21071935e-08 -0.99518472 0.0980170965 1.67638063e-08 -0.980785251 0.195090309 -0.0191221777 -0.980785251 0.194150895 -0.00960736815 -0.99518472 0.0975451171 -2.23517418e-08 -0.195090324 0.980785191 -1.41561031e-07 -0.0980171412 0.995184481 -0.0975452811 -0.0980171412 0.990392387 -0.0961337835 -0.195090324 0.976062417 -4.47034836e-08 0.881921232 0.471396565 -1.49011612e-08 0.923879504 0.382683218 -0.0375095308 0.923879504 0.38084048 -0.0462049879 0.881921232 0.469126672 0 -1 -0 -1.21071935e-08 -0.99518472 0.0980170965 -0.00960736815 -0.99518472 0.0975451171 -7.4505806e-08 -0.290284693 0.956940174 -2.23517418e-08 -0.195090324 0.980785191 -0.0961337835 -0.195090324 0.976062417 -0.0937966183 -0.290284693 0.952332258 2.98023224e-08 0.831469595 0.555570602 -4.47034836e-08 0.881921232 0.471396565 -0.0462049879 0.881921232 0.469126672 -0.0544554107 0.831469595 0.552895367 -8.94069672e-08 -0.382683456 0.923879147 -7.4505806e-08 -0.290284693 0.956940174 -0.0937966183 -0.290284693 0.952332258 -0.0905560851 -0.382683456 0.919430435 3.35276127e-08 0.773010433 0.634393215 2.98023224e-08 0.831469595 0.555570602 -0.0544554107 0.831469595 0.552895367 -0.0621813759 0.773010433 0.631338418 -8.19563866e-08 -0.471396744 0.881920993 -8.94069672e-08 -0.382683456 0.923879147 -0.0905560851 -0.382683456 0.919430435 -0.086443454 -0.471396744 0.877674282 -1.34110451e-07 0.707106769 0.70710665 3.35276127e-08 0.773010433 0.634393215 -0.0621813759 0.773010433 0.631338418 -0.0693087056 0.707106769 0.703701735 1.11758709e-07 -0.555570245 0.831469715 -8.19563866e-08 -0.471396744 0.881920993 -0.086443454 -0.471396744 0.877674282 -0.0814981759 -0.555570245 0.827465951 7.4505806e-08 0.634393334 0.773010254 -1.34110451e-07 0.707106769 0.70710665 -0.0693087056 0.707106769 0.703701735 -0.0757681802 0.634393334 0.769288003 7.4505806e-08 -0.634393334 0.773010254 1.11758709e-07 -0.555570245 0.831469715 -0.0814981759 -0.555570245 0.827465951 -0.0757681802 -0.634393334 0.769288003 1.11758709e-07 0.555570245 0.831469715 7.4505806e-08 0.634393334 0.773010254 -0.0757681802 0.634393334 0.769288003 -0.0814981759 0.555570245 0.827465951 -1.34110451e-07 -0.707106769 0.70710665 7.4505806e-08 -0.634393334 0.773010254 -0.0757681802 -0.634393334 0.769288003 -0.0693087056 -0.707106769 0.703701735 -8.19563866e-08 0.471396744 0.881920993 1.11758709e-07 0.555570245 0.831469715 -0.0814981759 0.555570245 0.827465951 -0.086443454 0.471396744 0.877674282 3.35276127e-08 -0.773010433 0.634393215 -1.34110451e-07 -0.707106769 0.70710665 -0.0693087056 -0.707106769 0.703701735 -0.0621813759 -0.773010433 0.631338418 -8.94069672e-08 0.382683456 0.923879147 -8.19563866e-08 0.471396744 0.881920993 -0.086443454 0.471396744 0.877674282 -0.0905560851 0.382683456 0.919430435 2.98023224e-08 -0.831469595 0.555570602 3.35276127e-08 -0.773010433 0.634393215 -0.0621813759 -0.773010433 0.631338418 -0.0544554107 -0.831469595 0.552895367 -7.4505806e-08 0.290284693 0.956940174 -8.94069672e-08 0.382683456 0.923879147 -0.0905560851 0.382683456 0.919430435 -0.0937966183 0.290284693 0.952332258 -4.47034836e-08 -0.881921232 0.471396565 2.98023224e-08 -0.831469595 0.555570602 -0.0544554107 -0.831469595 0.552895367 -0.0462049879 -0.881921232 0.469126672 -2.23517418e-08 0.195090324 0.980785191 -7.4505806e-08 0.290284693 0.956940174 -0.0937966183 0.290284693 0.952332258 -0.0961337835 0.195090324 0.976062417 -1.21071935e-08 0.99518472 0.0980170965 0 1 -0 -0.00960736815 0.99518472 0.0975451171 -0.0191221777 -0.980785251 0.194150895 -0.0284528863 -0.956940353 0.288886905 -0.0566317439 -0.956940353 0.28470695 -0.0380602181 -0.980785251 0.191341713 -0.0975452811 -0.0980171412 0.990392387 -0.0980172977 0 0.995184481 -0.195090458 0 0.980785012 -0.194151014 -0.0980171412 0.976062238 -0.0375095308 0.923879504 0.38084048 -0.0284528863 0.956940353 0.288886905 -0.0566317439 0.956940353 0.28470695 -0.0746578053 0.923879504 0.375330061 -0.00960736815 -0.99518472 0.0975451171 -0.0191221777 -0.980785251 0.194150895 -0.0380602181 -0.980785251 0.191341713 -0.0191221982 -0.99518472 0.0961337239 -0.0961337835 -0.195090324 0.976062417 -0.0975452811 -0.0980171412 0.990392387 -0.194151014 -0.0980171412 0.976062238 -0.191341728 -0.195090324 0.961939633 -0.0462049879 0.881921232 0.469126672 -0.0375095308 0.923879504 0.38084048 -0.0746578053 0.923879504 0.375330061 -0.0919649526 0.881921232 0.462338805 0 -1 -0 -0.00960736815 -0.99518472 0.0975451171 -0.0191221982 -0.99518472 0.0961337239 -0.0937966183 -0.290284693 0.952332258 -0.0961337835 -0.195090324 0.976062417 -0.191341728 -0.195090324 0.961939633 -0.186689854 -0.290284693 0.938552856 -0.0544554107 0.831469595 0.552895367 -0.0462049879 0.881921232 0.469126672 -0.0919649526 0.881921232 0.462338805 -0.108386412 0.831469595 0.54489547 -0.0905560851 -0.382683456 0.919430435 -0.0937966183 -0.290284693 0.952332258 -0.186689854 -0.290284693 0.938552856 -0.180239975 -0.382683456 0.906127095 -0.0621813759 0.773010433 0.631338418 -0.0544554107 0.831469595 0.552895367 -0.108386412 0.831469595 0.54489547 -0.123763941 0.773010433 0.622203529 -0.086443454 -0.471396744 0.877674282 -0.0905560851 -0.382683456 0.919430435 -0.180239975 -0.382683456 0.906127095 -0.172054321 -0.471396744 0.864975095 -0.0693087056 0.707106769 0.703701735 -0.0621813759 0.773010433 0.631338418 -0.123763941 0.773010433 0.622203529 -0.137949795 0.707106769 0.693519771 -0.0814981759 -0.555570245 0.827465951 -0.086443454 -0.471396744 0.877674282 -0.172054321 -0.471396744 0.864975095 -0.162211597 -0.555570245 0.815493286 -0.0757681802 0.634393334 0.769288003 -0.0693087056 0.707106769 0.703701735 -0.137949795 0.707106769 0.693519771 -0.15080674 0.634393334 0.758157134 -0.0757681802 -0.634393334 0.769288003 -0.0814981759 -0.555570245 0.827465951 -0.162211597 -0.555570245 0.815493286 -0.15080674 -0.634393334 0.758157134 -0.0814981759 0.555570245 0.827465951 -0.0757681802 0.634393334 0.769288003 -0.15080674 0.634393334 0.758157134 -0.162211597 0.555570245 0.815493286 -0.0693087056 -0.707106769 0.703701735 -0.0757681802 -0.634393334 0.769288003 -0.15080674 -0.634393334 0.758157134 -0.137949795 -0.707106769 0.693519771 -0.086443454 0.471396744 0.877674282 -0.0814981759 0.555570245 0.827465951 -0.162211597 0.555570245 0.815493286 -0.172054321 0.471396744 0.864975095 -0.0621813759 -0.773010433 0.631338418 -0.0693087056 -0.707106769 0.703701735 -0.137949795 -0.707106769 0.693519771 -0.123763941 -0.773010433 0.622203529 -0.0905560851 0.382683456 0.919430435 -0.086443454 0.471396744 0.877674282 -0.172054321 0.471396744 0.864975095 -0.180239975 0.382683456 0.906127095 -0.0544554107 -0.831469595 0.552895367 -0.0621813759 -0.773010433 0.631338418 -0.123763941 -0.773010433 0.622203529 -0.108386412 -0.831469595 0.54489547 -0.0937966183 0.290284693 0.952332258 -0.0905560851 0.382683456 0.919430435 -0.180239975 0.382683456 0.906127095 -0.186689854 0.290284693 0.938552856 -0.0462049879 -0.881921232 0.469126672 -0.0544554107 -0.831469595 0.552895367 -0.108386412 -0.831469595 0.54489547 -0.0919649526 -0.881921232 0.462338805 -0.0961337835 0.195090324 0.976062417 -0.0937966183 0.290284693 0.952332258 -0.186689854 0.290284693 0.938552856 -0.191341728 0.195090324 0.961939633 -0.00960736815 0.99518472 0.0975451171 0 1 -0 -0.0191221982 0.99518472 0.0961337239 -0.0375095308 -0.923879504 0.38084048 -0.0462049879 -0.881921232 0.469126672 -0.0919649526 -0.881921232 0.462338805 -0.0746578053 -0.923879504 0.375330061 -0.0975452811 0.0980171412 0.990392387 -0.0961337835 0.195090324 0.976062417 -0.191341728 0.195090324 0.961939633 -0.194151014 0.0980171412 0.976062238 -0.0191221777 0.980785251 0.194150895 -0.00960736815 0.99518472 0.0975451171 -0.0191221982 0.99518472 0.0961337239 -0.0380602181 0.980785251 0.191341713 -0.0284528863 -0.956940353 0.288886905 -0.0375095308 -0.923879504 0.38084048 -0.0746578053 -0.923879504 0.375330061 -0.0566317439 -0.956940353 0.28470695 -0.0980172977 0 0.995184481 -0.0975452811 0.0980171412 0.990392387 -0.194151014 0.0980171412 0.976062238 -0.195090458 0 0.980785012 -0.0284528863 0.956940353 0.288886905 -0.0191221777 0.980785251 0.194150895 -0.0380602181 0.980785251 0.191341713 -0.0566317439 0.956940353 0.28470695 0 -1 -0 -0.0191221982 -0.99518472 0.0961337239 -0.0284528732 -0.99518472 0.0937965065 -0.186689854 -0.290284693 0.938552856 -0.191341728 -0.195090324 0.961939633 -0.28470695 -0.195090324 0.938552856 -0.277785182 -0.290284693 0.915734649 -0.108386412 0.831469595 0.54489547 -0.0919649526 0.881921232 0.462338805 -0.136839241 0.881921232 0.451098382 -0.161273599 0.831469595 0.531647921 -0.180239975 -0.382683456 0.906127095 -0.186689854 -0.290284693 0.938552856 -0.277785182 -0.290284693 0.915734649 -0.268188059 -0.382683456 0.884097278 -0.123763941 0.773010433 0.622203529 -0.108386412 0.831469595 0.54489547 -0.161273599 0.831469595 0.531647921 -0.1841546 0.773010433 0.607076466 -0.172054321 -0.471396744 0.864975095 -0.180239975 -0.382683456 0.906127095 -0.268188059 -0.382683456 0.884097278 -0.256008208 -0.471396744 0.843945682 -0.137949795 0.707106769 0.693519771 -0.123763941 0.773010433 0.622203529 -0.1841546 0.773010433 0.607076466 -0.205262363 0.707106769 0.676658869 -0.162211597 -0.555570245 0.815493286 -0.172054321 -0.471396744 0.864975095 -0.256008208 -0.471396744 0.843945682 -0.241362825 -0.555570245 0.795666933 -0.15080674 0.634393334 0.758157134 -0.137949795 0.707106769 0.693519771 -0.205262363 0.707106769 0.676658869 -0.224392951 0.634393334 0.739724755 -0.15080674 -0.634393334 0.758157134 -0.162211597 -0.555570245 0.815493286 -0.241362825 -0.555570245 0.795666933 -0.224392951 -0.634393334 0.739724755 -0.162211597 0.555570245 0.815493286 -0.15080674 0.634393334 0.758157134 -0.224392951 0.634393334 0.739724755 -0.241362825 0.555570245 0.795666933 -0.137949795 -0.707106769 0.693519771 -0.15080674 -0.634393334 0.758157134 -0.224392951 -0.634393334 0.739724755 -0.205262363 -0.707106769 0.676658869 -0.172054321 0.471396744 0.864975095 -0.162211597 0.555570245 0.815493286 -0.241362825 0.555570245 0.795666933 -0.256008208 0.471396744 0.843945682 -0.123763941 -0.773010433 0.622203529 -0.137949795 -0.707106769 0.693519771 -0.205262363 -0.707106769 0.676658869 -0.1841546 -0.773010433 0.607076466 -0.180239975 0.382683456 0.906127095 -0.172054321 0.471396744 0.864975095 -0.256008208 0.471396744 0.843945682 -0.268188059 0.382683456 0.884097278 -0.108386412 -0.831469595 0.54489547 -0.123763941 -0.773010433 0.622203529 -0.1841546 -0.773010433 0.607076466 -0.161273599 -0.831469595 0.531647921 -0.186689854 0.290284693 0.938552856 -0.180239975 0.382683456 0.906127095 -0.268188059 0.382683456 0.884097278 -0.277785182 0.290284693 0.915734649 -0.0919649526 -0.881921232 0.462338805 -0.108386412 -0.831469595 0.54489547 -0.161273599 -0.831469595 0.531647921 -0.136839241 -0.881921232 0.451098382 -0.191341728 0.195090324 0.961939633 -0.186689854 0.290284693 0.938552856 -0.277785182 0.290284693 0.915734649 -0.28470695 0.195090324 0.938552856 -0.0191221982 0.99518472 0.0961337239 0 1 -0 -0.0284528732 0.99518472 0.0937965065 -0.0746578053 -0.923879504 0.375330061 -0.0919649526 -0.881921232 0.462338805 -0.136839241 -0.881921232 0.451098382 -0.111087084 -0.923879504 0.366204977 -0.194151014 0.0980171412 0.976062238 -0.191341728 0.195090324 0.961939633 -0.28470695 0.195090324 0.938552856 -0.288886935 0.0980171412 0.952332079 -0.0380602181 0.980785251 0.191341713 -0.0191221982 0.99518472 0.0961337239 -0.0284528732 0.99518472 0.0937965065 -0.0566317141 0.980785251 0.186689794 -0.0566317439 -0.956940353 0.28470695 -0.0746578053 -0.923879504 0.375330061 -0.111087084 -0.923879504 0.366204977 -0.0842652023 -0.956940353 0.277785122 -0.195090458 0 0.980785012 -0.194151014 0.0980171412 0.976062238 -0.288886935 0.0980171412 0.952332079 -0.290284783 0 0.956940055 -0.0566317439 0.956940353 0.28470695 -0.0380602181 0.980785251 0.191341713 -0.0566317141 0.980785251 0.186689794 -0.0842652023 0.956940353 0.277785122 -0.0380602181 -0.980785251 0.191341713 -0.0566317439 -0.956940353 0.28470695 -0.0842652023 -0.956940353 0.277785122 -0.0566317141 -0.980785251 0.186689794 -0.194151014 -0.0980171412 0.976062238 -0.195090458 0 0.980785012 -0.290284783 0 0.956940055 -0.288886935 -0.0980171412 0.952332079 -0.0746578053 0.923879504 0.375330061 -0.0566317439 0.956940353 0.28470695 -0.0842652023 0.956940353 0.277785122 -0.111087084 0.923879504 0.366204977 -0.0191221982 -0.99518472 0.0961337239 -0.0380602181 -0.980785251 0.191341713 -0.0566317141 -0.980785251 0.186689794 -0.0284528732 -0.99518472 0.0937965065 -0.191341728 -0.195090324 0.961939633 -0.194151014 -0.0980171412 0.976062238 -0.288886935 -0.0980171412 0.952332079 -0.28470695 -0.195090324 0.938552856 -0.0919649526 0.881921232 0.462338805 -0.0746578053 0.923879504 0.375330061 -0.111087084 0.923879504 0.366204977 -0.136839241 0.881921232 0.451098382 -0.256008208 -0.471396744 0.843945682 -0.268188059 -0.382683456 0.884097278 -0.353553355 -0.382683456 0.853553057 -0.337496608 -0.471396744 0.81478864 -0.205262363 0.707106769 0.676658869 -0.1841546 0.773010433 0.607076466 -0.242771745 0.773010433 0.586102903 -0.270598143 0.707106769 0.653281331 -0.241362825 -0.555570245 0.795666933 -0.256008208 -0.471396744 0.843945682 -0.337496608 -0.471396744 0.81478864 -0.318189591 -0.555570245 0.768177867 -0.224392951 0.634393334 0.739724755 -0.205262363 0.707106769 0.676658869 -0.270598143 0.707106769 0.653281331 -0.29581815 0.634393334 0.714168429 -0.224392951 -0.634393334 0.739724755 -0.241362825 -0.555570245 0.795666933 -0.318189591 -0.555570245 0.768177867 -0.29581815 -0.634393334 0.714168429 -0.241362825 0.555570245 0.795666933 -0.224392951 0.634393334 0.739724755 -0.29581815 0.634393334 0.714168429 -0.318189591 0.555570245 0.768177867 -0.205262363 -0.707106769 0.676658869 -0.224392951 -0.634393334 0.739724755 -0.29581815 -0.634393334 0.714168429 -0.270598143 -0.707106769 0.653281331 -0.256008208 0.471396744 0.843945682 -0.241362825 0.555570245 0.795666933 -0.318189591 0.555570245 0.768177867 -0.337496608 0.471396744 0.81478864 -0.1841546 -0.773010433 0.607076466 -0.205262363 -0.707106769 0.676658869 -0.270598143 -0.707106769 0.653281331 -0.242771745 -0.773010433 0.586102903 -0.268188059 0.382683456 0.884097278 -0.256008208 0.471396744 0.843945682 -0.337496608 0.471396744 0.81478864 -0.353553355 0.382683456 0.853553057 -0.161273599 -0.831469595 0.531647921 -0.1841546 -0.773010433 0.607076466 -0.242771745 -0.773010433 0.586102903 -0.212607637 -0.831469595 0.513280332 -0.277785182 0.290284693 0.915734649 -0.268188059 0.382683456 0.884097278 -0.353553355 0.382683456 0.853553057 -0.366205275 0.290284693 0.884097457 -0.136839241 -0.881921232 0.451098382 -0.161273599 -0.831469595 0.531647921 -0.212607637 -0.831469595 0.513280332 -0.180395693 -0.881921232 0.435513616 -0.28470695 0.195090324 0.938552856 -0.277785182 0.290284693 0.915734649 -0.366205275 0.290284693 0.884097457 -0.375330269 0.195090324 0.906127274 -0.0284528732 0.99518472 0.0937965065 0 1 -0 -0.0375095308 0.99518472 0.0905559808 -0.111087084 -0.923879504 0.366204977 -0.136839241 -0.881921232 0.451098382 -0.180395693 -0.881921232 0.435513616 -0.146446526 -0.923879504 0.353553176 -0.288886935 0.0980171412 0.952332079 -0.28470695 0.195090324 0.938552856 -0.375330269 0.195090324 0.906127274 -0.380840719 0.0980171412 0.919430494 -0.0566317141 0.980785251 0.186689794 -0.0284528732 0.99518472 0.0937965065 -0.0375095308 0.99518472 0.0905559808 -0.0746578127 0.980785251 0.180239961 -0.0842652023 -0.956940353 0.277785122 -0.111087084 -0.923879504 0.366204977 -0.146446526 -0.923879504 0.353553176 -0.111087143 -0.956940353 0.268188059 -0.290284783 0 0.956940055 -0.288886935 0.0980171412 0.952332079 -0.380840719 0.0980171412 0.919430494 -0.382683516 0 0.923879266 -0.0842652023 0.956940353 0.277785122 -0.0566317141 0.980785251 0.186689794 -0.0746578127 0.980785251 0.180239961 -0.111087143 0.956940353 0.268188059 -0.0566317141 -0.980785251 0.186689794 -0.0842652023 -0.956940353 0.277785122 -0.111087143 -0.956940353 0.268188059 -0.0746578127 -0.980785251 0.180239961 -0.288886935 -0.0980171412 0.952332079 -0.290284783 0 0.956940055 -0.382683516 0 0.923879266 -0.380840719 -0.0980171412 0.919430494 -0.111087084 0.923879504 0.366204977 -0.0842652023 0.956940353 0.277785122 -0.111087143 0.956940353 0.268188059 -0.146446526 0.923879504 0.353553176 -0.0284528732 -0.99518472 0.0937965065 -0.0566317141 -0.980785251 0.186689794 -0.0746578127 -0.980785251 0.180239961 -0.0375095308 -0.99518472 0.0905559808 -0.28470695 -0.195090324 0.938552856 -0.288886935 -0.0980171412 0.952332079 -0.380840719 -0.0980171412 0.919430494 -0.375330269 -0.195090324 0.906127274 -0.136839241 0.881921232 0.451098382 -0.111087084 0.923879504 0.366204977 -0.146446526 0.923879504 0.353553176 -0.180395693 0.881921232 0.435513616 0 -1 -0 -0.0284528732 -0.99518472 0.0937965065 -0.0375095308 -0.99518472 0.0905559808 -0.277785182 -0.290284693 0.915734649 -0.28470695 -0.195090324 0.938552856 -0.375330269 -0.195090324 0.906127274 -0.366205275 -0.290284693 0.884097457 -0.161273599 0.831469595 0.531647921 -0.136839241 0.881921232 0.451098382 -0.180395693 0.881921232 0.435513616 -0.212607637 0.831469595 0.513280332 -0.268188059 -0.382683456 0.884097278 -0.277785182 -0.290284693 0.915734649 -0.366205275 -0.290284693 0.884097457 -0.353553355 -0.382683456 0.853553057 -0.1841546 0.773010433 0.607076466 -0.161273599 0.831469595 0.531647921 -0.212607637 0.831469595 0.513280332 -0.242771745 0.773010433 0.586102903 -0.29581815 -0.634393334 0.714168429 -0.318189591 -0.555570245 0.768177867 -0.391952038 -0.555570245 0.733290851 -0.364394426 -0.634393334 0.681734204 -0.318189591 0.555570245 0.768177867 -0.29581815 0.634393334 0.714168429 -0.364394426 0.634393334 0.681734204 -0.391952038 0.555570245 0.733290851 -0.270598143 -0.707106769 0.653281331 -0.29581815 -0.634393334 0.714168429 -0.364394426 -0.634393334 0.681734204 -0.333327889 -0.707106769 0.623612344 -0.337496608 0.471396744 0.81478864 -0.318189591 0.555570245 0.768177867 -0.391952038 0.555570245 0.733290851 -0.415734708 0.471396744 0.777784765 -0.242771745 -0.773010433 0.586102903 -0.270598143 -0.707106769 0.653281331 -0.333327889 -0.707106769 0.623612344 -0.299050868 -0.773010433 0.559484899 -0.353553355 0.382683456 0.853553057 -0.337496608 0.471396744 0.81478864 -0.415734708 0.471396744 0.777784765 -0.435513735 0.382683456 0.814788699 -0.212607637 -0.831469595 0.513280332 -0.242771745 -0.773010433 0.586102903 -0.299050868 -0.773010433 0.559484899 -0.261894137 -0.831469595 0.489969581 -0.366205275 0.290284693 0.884097457 -0.353553355 0.382683456 0.853553057 -0.435513735 0.382683456 0.814788699 -0.451098621 0.290284693 0.843945861 -0.180395693 -0.881921232 0.435513616 -0.212607637 -0.831469595 0.513280332 -0.261894137 -0.831469595 0.489969581 -0.222214833 -0.881921232 0.415734619 -0.375330269 0.195090324 0.906127274 -0.366205275 0.290284693 0.884097457 -0.451098621 0.290284693 0.843945861 -0.462338924 0.195090324 0.864975214 -0.0375095308 0.99518472 0.0905559808 0 1 -0 -0.0462049469 0.99518472 0.0864433497 -0.146446526 -0.923879504 0.353553176 -0.180395693 -0.881921232 0.435513616 -0.222214833 -0.881921232 0.415734619 -0.180395618 -0.923879504 0.337496459 -0.380840719 0.0980171412 0.919430494 -0.375330269 0.195090324 0.906127274 -0.462338924 0.195090324 0.864975214 -0.469126821 0.0980171412 0.877674282 -0.0746578127 0.980785251 0.180239961 -0.0375095308 0.99518472 0.0905559808 -0.0462049469 0.99518472 0.0864433497 -0.0919649228 0.980785251 0.172054306 -0.111087143 -0.956940353 0.268188059 -0.146446526 -0.923879504 0.353553176 -0.180395618 -0.923879504 0.337496459 -0.136839256 -0.956940353 0.256008208 -0.382683516 0 0.923879266 -0.380840719 0.0980171412 0.919430494 -0.469126821 0.0980171412 0.877674282 -0.471396774 0 0.881920993 -0.111087143 0.956940353 0.268188059 -0.0746578127 0.980785251 0.180239961 -0.0919649228 0.980785251 0.172054306 -0.136839256 0.956940353 0.256008208 -0.0746578127 -0.980785251 0.180239961 -0.111087143 -0.956940353 0.268188059 -0.136839256 -0.956940353 0.256008208 -0.0919649228 -0.980785251 0.172054306 -0.380840719 -0.0980171412 0.919430494 -0.382683516 0 0.923879266 -0.471396774 0 0.881920993 -0.469126821 -0.0980171412 0.877674282 -0.146446526 0.923879504 0.353553176 -0.111087143 0.956940353 0.268188059 -0.136839256 0.956940353 0.256008208 -0.180395618 0.923879504 0.337496459 -0.0375095308 -0.99518472 0.0905559808 -0.0746578127 -0.980785251 0.180239961 -0.0919649228 -0.980785251 0.172054306 -0.0462049469 -0.99518472 0.0864433497 -0.375330269 -0.195090324 0.906127274 -0.380840719 -0.0980171412 0.919430494 -0.469126821 -0.0980171412 0.877674282 -0.462338924 -0.195090324 0.864975214 -0.180395693 0.881921232 0.435513616 -0.146446526 0.923879504 0.353553176 -0.180395618 0.923879504 0.337496459 -0.222214833 0.881921232 0.415734619 0 -1 -0 -0.0375095308 -0.99518472 0.0905559808 -0.0462049469 -0.99518472 0.0864433497 -0.366205275 -0.290284693 0.884097457 -0.375330269 -0.195090324 0.906127274 -0.462338924 -0.195090324 0.864975214 -0.451098621 -0.290284693 0.843945861 -0.212607637 0.831469595 0.513280332 -0.180395693 0.881921232 0.435513616 -0.222214833 0.881921232 0.415734619 -0.261894137 0.831469595 0.489969581 -0.353553355 -0.382683456 0.853553057 -0.366205275 -0.290284693 0.884097457 -0.451098621 -0.290284693 0.843945861 -0.435513735 -0.382683456 0.814788699 -0.242771745 0.773010433 0.586102903 -0.212607637 0.831469595 0.513280332 -0.261894137 0.831469595 0.489969581 -0.299050868 0.773010433 0.559484899 -0.337496608 -0.471396744 0.81478864 -0.353553355 -0.382683456 0.853553057 -0.435513735 -0.382683456 0.814788699 -0.415734708 -0.471396744 0.777784765 -0.270598143 0.707106769 0.653281331 -0.242771745 0.773010433 0.586102903 -0.299050868 0.773010433 0.559484899 -0.333327889 0.707106769 0.623612344 -0.318189591 -0.555570245 0.768177867 -0.337496608 -0.471396744 0.81478864 -0.415734708 -0.471396744 0.777784765 -0.391952038 -0.555570245 0.733290851 -0.29581815 0.634393334 0.714168429 -0.270598143 0.707106769 0.653281331 -0.333327889 0.707106769 0.623612344 -0.364394426 0.634393334 0.681734204 -0.299050868 -0.773010433 0.559484899 -0.333327889 -0.707106769 0.623612344 -0.392847538 -0.707106769 0.587937593 -0.352449954 -0.773010433 0.527478695 -0.435513735 0.382683456 0.814788699 -0.415734708 0.471396744 0.777784765 -0.489969075 0.471396744 0.733290374 -0.513279855 0.382683456 0.76817745 -0.261894137 -0.831469595 0.489969581 -0.299050868 -0.773010433 0.559484899 -0.352449954 -0.773010433 0.527478695 -0.308658481 -0.831469595 0.46194014 -0.451098621 0.290284693 0.843945861 -0.435513735 0.382683456 0.814788699 -0.513279855 0.382683456 0.76817745 -0.531647623 0.290284693 0.795666635 -0.222214833 -0.881921232 0.415734619 -0.261894137 -0.831469595 0.489969581 -0.308658481 -0.831469595 0.46194014 -0.261893928 -0.881921232 0.391951859 -0.462338924 0.195090324 0.864975214 -0.451098621 0.290284693 0.843945861 -0.531647623 0.290284693 0.795666635 -0.544895053 0.195090324 0.815492988 -0.0462049469 0.99518472 0.0864433497 0 1 -0 -0.0544553883 0.99518472 0.0814982206 -0.180395618 -0.923879504 0.337496459 -0.222214833 -0.881921232 0.415734619 -0.261893928 -0.881921232 0.391951859 -0.212607414 -0.923879504 0.318189442 -0.469126821 0.0980171412 0.877674282 -0.462338924 0.195090324 0.864975214 -0.544895053 0.195090324 0.815492988 -0.55289495 0.0980171412 0.827465534 -0.0919649228 0.980785251 0.172054306 -0.0462049469 0.99518472 0.0864433497 -0.0544553883 0.99518472 0.0814982206 -0.108386353 0.980785251 0.162211671 -0.136839256 -0.956940353 0.256008208 -0.180395618 -0.923879504 0.337496459 -0.212607414 -0.923879504 0.318189442 -0.161273539 -0.956940353 0.24136287 -0.471396774 0 0.881920993 -0.469126821 0.0980171412 0.877674282 -0.55289495 0.0980171412 0.827465534 -0.555570245 0 0.831469297 -0.136839256 0.956940353 0.256008208 -0.0919649228 0.980785251 0.172054306 -0.108386353 0.980785251 0.162211671 -0.161273539 0.956940353 0.24136287 -0.0919649228 -0.980785251 0.172054306 -0.136839256 -0.956940353 0.256008208 -0.161273539 -0.956940353 0.24136287 -0.108386353 -0.980785251 0.162211671 -0.469126821 -0.0980171412 0.877674282 -0.471396774 0 0.881920993 -0.555570245 0 0.831469297 -0.55289495 -0.0980171412 0.827465534 -0.180395618 0.923879504 0.337496459 -0.136839256 0.956940353 0.256008208 -0.161273539 0.956940353 0.24136287 -0.212607414 0.923879504 0.318189442 -0.0462049469 -0.99518472 0.0864433497 -0.0919649228 -0.980785251 0.172054306 -0.108386353 -0.980785251 0.162211671 -0.0544553883 -0.99518472 0.0814982206 -0.462338924 -0.195090324 0.864975214 -0.469126821 -0.0980171412 0.877674282 -0.55289495 -0.0980171412 0.827465534 -0.544895053 -0.195090324 0.815492988 -0.222214833 0.881921232 0.415734619 -0.180395618 0.923879504 0.337496459 -0.212607414 0.923879504 0.318189442 -0.261893928 0.881921232 0.391951859 0 -1 -0 -0.0462049469 -0.99518472 0.0864433497 -0.0544553883 -0.99518472 0.0814982206 -0.451098621 -0.290284693 0.843945861 -0.462338924 -0.195090324 0.864975214 -0.544895053 -0.195090324 0.815492988 -0.531647623 -0.290284693 0.795666635 -0.261894137 0.831469595 0.489969581 -0.222214833 0.881921232 0.415734619 -0.261893928 0.881921232 0.391951859 -0.308658481 0.831469595 0.46194014 -0.435513735 -0.382683456 0.814788699 -0.451098621 -0.290284693 0.843945861 -0.531647623 -0.290284693 0.795666635 -0.513279855 -0.382683456 0.76817745 -0.299050868 0.773010433 0.559484899 -0.261894137 0.831469595 0.489969581 -0.308658481 0.831469595 0.46194014 -0.352449954 0.773010433 0.527478695 -0.415734708 -0.471396744 0.777784765 -0.435513735 -0.382683456 0.814788699 -0.513279855 -0.382683456 0.76817745 -0.489969075 -0.471396744 0.733290374 -0.333327889 0.707106769 0.623612344 -0.299050868 0.773010433 0.559484899 -0.352449954 0.773010433 0.527478695 -0.392847538 0.707106769 0.587937593 -0.391952038 -0.555570245 0.733290851 -0.415734708 -0.471396744 0.777784765 -0.489969075 -0.471396744 0.733290374 -0.461939752 -0.555570245 0.691341877 -0.364394426 0.634393334 0.681734204 -0.333327889 0.707106769 0.623612344 -0.392847538 0.707106769 0.587937593 -0.42946139 0.634393334 0.642734587 -0.364394426 -0.634393334 0.681734204 -0.391952038 -0.555570245 0.733290851 -0.461939752 -0.555570245 0.691341877 -0.42946139 -0.634393334 0.642734587 -0.391952038 0.555570245 0.733290851 -0.364394426 0.634393334 0.681734204 -0.42946139 0.634393334 0.642734587 -0.461939752 0.555570245 0.691341877 -0.333327889 -0.707106769 0.623612344 -0.364394426 -0.634393334 0.681734204 -0.42946139 -0.634393334 0.642734587 -0.392847538 -0.707106769 0.587937593 -0.415734708 0.471396744 0.777784765 -0.391952038 0.555570245 0.733290851 -0.461939752 0.555570245 0.691341877 -0.489969075 0.471396744 0.733290374 -0.261893928 -0.881921232 0.391951859 -0.308658481 -0.831469595 0.46194014 -0.352450252 -0.831469595 0.429461926 -0.299050838 -0.881921232 0.364394426 -0.544895053 0.195090324 0.815492988 -0.531647623 0.290284693 0.795666635 -0.607076585 0.290284693 0.739724696 -0.622203529 0.195090324 0.758157134 -0.0544553883 0.99518472 0.0814982206 0 1 -0 -0.0621813908 0.99518472 0.0757682249 -0.212607414 -0.923879504 0.318189442 -0.261893928 -0.881921232 0.391951859 -0.299050838 -0.881921232 0.364394426 -0.242771655 -0.923879504 0.29581809 -0.55289495 0.0980171412 0.827465534 -0.544895053 0.195090324 0.815492988 -0.622203529 0.195090324 0.758157134 -0.631338418 0.0980171412 0.769287884 -0.108386353 0.980785251 0.162211671 -0.0544553883 0.99518472 0.0814982206 -0.0621813908 0.99518472 0.0757682249 -0.123763964 0.980785251 0.150806859 -0.161273539 -0.956940353 0.24136287 -0.212607414 -0.923879504 0.318189442 -0.242771655 -0.923879504 0.29581809 -0.18415466 -0.956940353 0.22439307 -0.555570245 0 0.831469297 -0.55289495 0.0980171412 0.827465534 -0.631338418 0.0980171412 0.769287884 -0.634393275 0 0.773010135 -0.161273539 0.956940353 0.24136287 -0.108386353 0.980785251 0.162211671 -0.123763964 0.980785251 0.150806859 -0.18415466 0.956940353 0.22439307 -0.108386353 -0.980785251 0.162211671 -0.161273539 -0.956940353 0.24136287 -0.18415466 -0.956940353 0.22439307 -0.123763964 -0.980785251 0.150806859 -0.55289495 -0.0980171412 0.827465534 -0.555570245 0 0.831469297 -0.634393275 0 0.773010135 -0.631338418 -0.0980171412 0.769287884 -0.212607414 0.923879504 0.318189442 -0.161273539 0.956940353 0.24136287 -0.18415466 0.956940353 0.22439307 -0.242771655 0.923879504 0.29581809 -0.0544553883 -0.99518472 0.0814982206 -0.108386353 -0.980785251 0.162211671 -0.123763964 -0.980785251 0.150806859 -0.0621813908 -0.99518472 0.0757682249 -0.544895053 -0.195090324 0.815492988 -0.55289495 -0.0980171412 0.827465534 -0.631338418 -0.0980171412 0.769287884 -0.622203529 -0.195090324 0.758157134 -0.261893928 0.881921232 0.391951859 -0.212607414 0.923879504 0.318189442 -0.242771655 0.923879504 0.29581809 -0.299050838 0.881921232 0.364394426 0 -1 -0 -0.0544553883 -0.99518472 0.0814982206 -0.0621813908 -0.99518472 0.0757682249 -0.531647623 -0.290284693 0.795666635 -0.544895053 -0.195090324 0.815492988 -0.622203529 -0.195090324 0.758157134 -0.607076585 -0.290284693 0.739724696 -0.308658481 0.831469595 0.46194014 -0.261893928 0.881921232 0.391951859 -0.299050838 0.881921232 0.364394426 -0.352450252 0.831469595 0.429461926 -0.513279855 -0.382683456 0.76817745 -0.531647623 -0.290284693 0.795666635 -0.607076585 -0.290284693 0.739724696 -0.586102843 -0.382683456 0.714168191 -0.352449954 0.773010433 0.527478695 -0.308658481 0.831469595 0.46194014 -0.352450252 0.831469595 0.429461926 -0.402454764 0.773010433 0.490392625 -0.489969075 -0.471396744 0.733290374 -0.513279855 -0.382683456 0.76817745 -0.586102843 -0.382683456 0.714168191 -0.55948478 -0.471396744 0.681734025 -0.392847538 0.707106769 0.587937593 -0.352449954 0.773010433 0.527478695 -0.402454764 0.773010433 0.490392625 -0.448583841 0.707106769 0.546600699 -0.461939752 -0.555570245 0.691341877 -0.489969075 -0.471396744 0.733290374 -0.55948478 -0.471396744 0.681734025 -0.527478755 -0.555570245 0.642734885 -0.42946139 0.634393334 0.642734587 -0.392847538 0.707106769 0.587937593 -0.448583841 0.707106769 0.546600699 -0.490392417 0.634393334 0.597545028 -0.42946139 -0.634393334 0.642734587 -0.461939752 -0.555570245 0.691341877 -0.527478755 -0.555570245 0.642734885 -0.490392417 -0.634393334 0.597545028 -0.461939752 0.555570245 0.691341877 -0.42946139 0.634393334 0.642734587 -0.490392417 0.634393334 0.597545028 -0.527478755 0.555570245 0.642734885 -0.392847538 -0.707106769 0.587937593 -0.42946139 -0.634393334 0.642734587 -0.490392417 -0.634393334 0.597545028 -0.448583841 -0.707106769 0.546600699 -0.489969075 0.471396744 0.733290374 -0.461939752 0.555570245 0.691341877 -0.527478755 0.555570245 0.642734885 -0.55948478 0.471396744 0.681734025 -0.352449954 -0.773010433 0.527478695 -0.392847538 -0.707106769 0.587937593 -0.448583841 -0.707106769 0.546600699 -0.402454764 -0.773010433 0.490392625 -0.513279855 0.382683456 0.76817745 -0.489969075 0.471396744 0.733290374 -0.55948478 0.471396744 0.681734025 -0.586102843 0.382683456 0.714168191 -0.308658481 -0.831469595 0.46194014 -0.352449954 -0.773010433 0.527478695 -0.402454764 -0.773010433 0.490392625 -0.352450252 -0.831469595 0.429461926 -0.531647623 0.290284693 0.795666635 -0.513279855 0.382683456 0.76817745 -0.586102843 0.382683456 0.714168191 -0.607076585 0.290284693 0.739724696 -0.123763964 0.980785251 0.150806859 -0.0621813908 0.99518472 0.0757682249 -0.0693085566 0.99518472 0.0693085343 -0.13794966 0.980785251 0.13794969 -0.18415466 -0.956940353 0.22439307 -0.242771655 -0.923879504 0.29581809 -0.270597875 -0.923879504 0.270597845 -0.205262274 -0.956940353 0.205262244 -0.634393275 0 0.773010135 -0.631338418 0.0980171412 0.769287884 -0.703701735 0.0980171412 0.703701615 -0.707106709 0 0.707106471 -0.18415466 0.956940353 0.22439307 -0.123763964 0.980785251 0.150806859 -0.13794966 0.980785251 0.13794969 -0.205262274 0.956940353 0.205262244 -0.123763964 -0.980785251 0.150806859 -0.18415466 -0.956940353 0.22439307 -0.205262274 -0.956940353 0.205262244 -0.13794966 -0.980785251 0.13794969 -0.631338418 -0.0980171412 0.769287884 -0.634393275 0 0.773010135 -0.707106709 0 0.707106471 -0.703701735 -0.0980171412 0.703701615 -0.242771655 0.923879504 0.29581809 -0.18415466 0.956940353 0.22439307 -0.205262274 0.956940353 0.205262244 -0.270597875 0.923879504 0.270597845 -0.0621813908 -0.99518472 0.0757682249 -0.123763964 -0.980785251 0.150806859 -0.13794966 -0.980785251 0.13794969 -0.0693085566 -0.99518472 0.0693085343 -0.622203529 -0.195090324 0.758157134 -0.631338418 -0.0980171412 0.769287884 -0.703701735 -0.0980171412 0.703701615 -0.693519831 -0.195090324 0.693519771 -0.299050838 0.881921232 0.364394426 -0.242771655 0.923879504 0.29581809 -0.270597875 0.923879504 0.270597845 -0.333327711 0.881921232 0.333327651 0 -1 -0 -0.0621813908 -0.99518472 0.0757682249 -0.0693085566 -0.99518472 0.0693085343 -0.607076585 -0.290284693 0.739724696 -0.622203529 -0.195090324 0.758157134 -0.693519831 -0.195090324 0.693519771 -0.676659048 -0.290284693 0.676658809 -0.352450252 0.831469595 0.429461926 -0.299050838 0.881921232 0.364394426 -0.333327711 0.881921232 0.333327651 -0.392847717 0.831469595 0.392847776 -0.586102843 -0.382683456 0.714168191 -0.607076585 -0.290284693 0.739724696 -0.676659048 -0.290284693 0.676658809 -0.653281331 -0.382683456 0.653281093 -0.402454764 0.773010433 0.490392625 -0.352450252 0.831469595 0.429461926 -0.392847717 0.831469595 0.392847776 -0.448583722 0.773010433 0.448583782 -0.55948478 -0.471396744 0.681734025 -0.586102843 -0.382683456 0.714168191 -0.653281331 -0.382683456 0.653281093 -0.623612344 -0.471396744 0.623612225 -0.448583841 0.707106769 0.546600699 -0.402454764 0.773010433 0.490392625 -0.448583722 0.773010433 0.448583782 -0.50000006 0.707106769 0.499999762 -0.527478755 -0.555570245 0.642734885 -0.55948478 -0.471396744 0.681734025 -0.623612344 -0.471396744 0.623612225 -0.587937832 -0.555570245 0.587937951 -0.490392417 0.634393334 0.597545028 -0.448583841 0.707106769 0.546600699 -0.50000006 0.707106769 0.499999762 -0.546600699 0.634393334 0.546600819 -0.490392417 -0.634393334 0.597545028 -0.527478755 -0.555570245 0.642734885 -0.587937832 -0.555570245 0.587937951 -0.546600699 -0.634393334 0.546600819 -0.527478755 0.555570245 0.642734885 -0.490392417 0.634393334 0.597545028 -0.546600699 0.634393334 0.546600819 -0.587937832 0.555570245 0.587937951 -0.448583841 -0.707106769 0.546600699 -0.490392417 -0.634393334 0.597545028 -0.546600699 -0.634393334 0.546600819 -0.50000006 -0.707106769 0.499999762 -0.55948478 0.471396744 0.681734025 -0.527478755 0.555570245 0.642734885 -0.587937832 0.555570245 0.587937951 -0.623612344 0.471396744 0.623612225 -0.402454764 -0.773010433 0.490392625 -0.448583841 -0.707106769 0.546600699 -0.50000006 -0.707106769 0.499999762 -0.448583722 -0.773010433 0.448583782 -0.586102843 0.382683456 0.714168191 -0.55948478 0.471396744 0.681734025 -0.623612344 0.471396744 0.623612225 -0.653281331 0.382683456 0.653281093 -0.352450252 -0.831469595 0.429461926 -0.402454764 -0.773010433 0.490392625 -0.448583722 -0.773010433 0.448583782 -0.392847717 -0.831469595 0.392847776 -0.607076585 0.290284693 0.739724696 -0.586102843 0.382683456 0.714168191 -0.653281331 0.382683456 0.653281093 -0.676659048 0.290284693 0.676658809 -0.299050838 -0.881921232 0.364394426 -0.352450252 -0.831469595 0.429461926 -0.392847717 -0.831469595 0.392847776 -0.333327711 -0.881921232 0.333327651 -0.622203529 0.195090324 0.758157134 -0.607076585 0.290284693 0.739724696 -0.676659048 0.290284693 0.676658809 -0.693519831 0.195090324 0.693519771 -0.0621813908 0.99518472 0.0757682249 0 1 -0 -0.0693085566 0.99518472 0.0693085343 -0.242771655 -0.923879504 0.29581809 -0.299050838 -0.881921232 0.364394426 -0.333327711 -0.881921232 0.333327651 -0.270597875 -0.923879504 0.270597845 -0.631338418 0.0980171412 0.769287884 -0.622203529 0.195090324 0.758157134 -0.693519831 0.195090324 0.693519771 -0.703701735 0.0980171412 0.703701615 -0.270597875 0.923879504 0.270597845 -0.205262274 0.956940353 0.205262244 -0.2243931 0.956940353 0.18415463 -0.29581809 0.923879504 0.242771596 -0.0693085566 -0.99518472 0.0693085343 -0.13794966 -0.980785251 0.13794969 -0.150806829 -0.980785251 0.123763993 -0.0757682398 -0.99518472 0.0621813685 -0.693519831 -0.195090324 0.693519771 -0.703701735 -0.0980171412 0.703701615 -0.769288063 -0.0980171412 0.631338239 -0.758157194 -0.195090324 0.622203469 -0.333327711 0.881921232 0.333327651 -0.270597875 0.923879504 0.270597845 -0.29581809 0.923879504 0.242771596 -0.364394486 0.881921232 0.299050748 0 -1 -0 -0.0693085566 -0.99518472 0.0693085343 -0.0757682398 -0.99518472 0.0621813685 -0.676659048 -0.290284693 0.676658809 -0.693519831 -0.195090324 0.693519771 -0.758157194 -0.195090324 0.622203469 -0.739724934 -0.290284693 0.607076347 -0.392847717 0.831469595 0.392847776 -0.333327711 0.881921232 0.333327651 -0.364394486 0.881921232 0.299050748 -0.429461867 0.831469595 0.352450281 -0.653281331 -0.382683456 0.653281093 -0.676659048 -0.290284693 0.676658809 -0.739724934 -0.290284693 0.607076347 -0.71416831 -0.382683456 0.586102545 -0.448583722 0.773010433 0.448583782 -0.392847717 0.831469595 0.392847776 -0.429461867 0.831469595 0.352450281 -0.490392566 0.773010433 0.402454853 -0.623612344 -0.471396744 0.623612225 -0.653281331 -0.382683456 0.653281093 -0.71416831 -0.382683456 0.586102545 -0.681734145 -0.471396744 0.559484661 -0.50000006 0.707106769 0.499999762 -0.448583722 0.773010433 0.448583782 -0.490392566 0.773010433 0.402454853 -0.546600938 0.707106769 0.448583543 -0.587937832 -0.555570245 0.587937951 -0.623612344 -0.471396744 0.623612225 -0.681734145 -0.471396744 0.559484661 -0.642734706 -0.555570245 0.527478874 -0.546600699 0.634393334 0.546600819 -0.50000006 0.707106769 0.499999762 -0.546600938 0.707106769 0.448583543 -0.597544909 0.634393334 0.490392566 -0.546600699 -0.634393334 0.546600819 -0.587937832 -0.555570245 0.587937951 -0.642734706 -0.555570245 0.527478874 -0.597544909 -0.634393334 0.490392566 -0.587937832 0.555570245 0.587937951 -0.546600699 0.634393334 0.546600819 -0.597544909 0.634393334 0.490392566 -0.642734706 0.555570245 0.527478874 -0.50000006 -0.707106769 0.499999762 -0.546600699 -0.634393334 0.546600819 -0.597544909 -0.634393334 0.490392566 -0.546600938 -0.707106769 0.448583543 -0.623612344 0.471396744 0.623612225 -0.587937832 0.555570245 0.587937951 -0.642734706 0.555570245 0.527478874 -0.681734145 0.471396744 0.559484661 -0.448583722 -0.773010433 0.448583782 -0.50000006 -0.707106769 0.499999762 -0.546600938 -0.707106769 0.448583543 -0.490392566 -0.773010433 0.402454853 -0.653281331 0.382683456 0.653281093 -0.623612344 0.471396744 0.623612225 -0.681734145 0.471396744 0.559484661 -0.71416831 0.382683456 0.586102545 -0.392847717 -0.831469595 0.392847776 -0.448583722 -0.773010433 0.448583782 -0.490392566 -0.773010433 0.402454853 -0.429461867 -0.831469595 0.352450281 -0.676659048 0.290284693 0.676658809 -0.653281331 0.382683456 0.653281093 -0.71416831 0.382683456 0.586102545 -0.739724934 0.290284693 0.607076347 -0.333327711 -0.881921232 0.333327651 -0.392847717 -0.831469595 0.392847776 -0.429461867 -0.831469595 0.352450281 -0.364394486 -0.881921232 0.299050748 -0.693519831 0.195090324 0.693519771 -0.676659048 0.290284693 0.676658809 -0.739724934 0.290284693 0.607076347 -0.758157194 0.195090324 0.622203469 -0.0693085566 0.99518472 0.0693085343 0 1 -0 -0.0757682398 0.99518472 0.0621813685 -0.270597875 -0.923879504 0.270597845 -0.333327711 -0.881921232 0.333327651 -0.364394486 -0.881921232 0.299050748 -0.29581809 -0.923879504 0.242771596 -0.703701735 0.0980171412 0.703701615 -0.693519831 0.195090324 0.693519771 -0.758157194 0.195090324 0.622203469 -0.769288063 0.0980171412 0.631338239 -0.13794966 0.980785251 0.13794969 -0.0693085566 0.99518472 0.0693085343 -0.0757682398 0.99518472 0.0621813685 -0.150806829 0.980785251 0.123763993 -0.205262274 -0.956940353 0.205262244 -0.270597875 -0.923879504 0.270597845 -0.29581809 -0.923879504 0.242771596 -0.2243931 -0.956940353 0.18415463 -0.707106709 0 0.707106471 -0.703701735 0.0980171412 0.703701615 -0.769288063 0.0980171412 0.631338239 -0.773010373 0 0.634392977 -0.205262274 0.956940353 0.205262244 -0.13794966 0.980785251 0.13794969 -0.150806829 0.980785251 0.123763993 -0.2243931 0.956940353 0.18415463 -0.13794966 -0.980785251 0.13794969 -0.205262274 -0.956940353 0.205262244 -0.2243931 -0.956940353 0.18415463 -0.150806829 -0.980785251 0.123763993 -0.703701735 -0.0980171412 0.703701615 -0.707106709 0 0.707106471 -0.773010373 0 0.634392977 -0.769288063 -0.0980171412 0.631338239 -0.429461867 0.831469595 0.352450281 -0.364394486 0.881921232 0.299050748 -0.391951919 0.881921232 0.261893809 -0.46194005 0.831469595 0.30865851 -0.71416831 -0.382683456 0.586102545 -0.739724934 -0.290284693 0.607076347 -0.795666873 -0.290284693 0.531647384 -0.76817745 -0.382683456 0.513279557 -0.490392566 0.773010433 0.402454853 -0.429461867 0.831469595 0.352450281 -0.46194005 0.831469595 0.30865851 -0.527478635 0.773010433 0.352450043 -0.681734145 -0.471396744 0.559484661 -0.71416831 -0.382683456 0.586102545 -0.76817745 -0.382683456 0.513279557 -0.733290493 -0.471396744 0.489968956 -0.546600938 0.707106769 0.448583543 -0.490392566 0.773010433 0.402454853 -0.527478635 0.773010433 0.352450043 -0.587937772 0.707106769 0.39284724 -0.642734706 -0.555570245 0.527478874 -0.681734145 -0.471396744 0.559484661 -0.733290493 -0.471396744 0.489968956 -0.691341698 -0.555570245 0.461939931 -0.597544909 0.634393334 0.490392566 -0.546600938 0.707106769 0.448583543 -0.587937772 0.707106769 0.39284724 -0.642734408 0.634393334 0.429461539 -0.597544909 -0.634393334 0.490392566 -0.642734706 -0.555570245 0.527478874 -0.691341698 -0.555570245 0.461939931 -0.642734408 -0.634393334 0.429461539 -0.642734706 0.555570245 0.527478874 -0.597544909 0.634393334 0.490392566 -0.642734408 0.634393334 0.429461539 -0.691341698 0.555570245 0.461939931 -0.546600938 -0.707106769 0.448583543 -0.597544909 -0.634393334 0.490392566 -0.642734408 -0.634393334 0.429461539 -0.587937772 -0.707106769 0.39284724 -0.681734145 0.471396744 0.559484661 -0.642734706 0.555570245 0.527478874 -0.691341698 0.555570245 0.461939931 -0.733290493 0.471396744 0.489968956 -0.490392566 -0.773010433 0.402454853 -0.546600938 -0.707106769 0.448583543 -0.587937772 -0.707106769 0.39284724 -0.527478635 -0.773010433 0.352450043 -0.71416831 0.382683456 0.586102545 -0.681734145 0.471396744 0.559484661 -0.733290493 0.471396744 0.489968956 -0.76817745 0.382683456 0.513279557 -0.429461867 -0.831469595 0.352450281 -0.490392566 -0.773010433 0.402454853 -0.527478635 -0.773010433 0.352450043 -0.46194005 -0.831469595 0.30865851 -0.739724934 0.290284693 0.607076347 -0.71416831 0.382683456 0.586102545 -0.76817745 0.382683456 0.513279557 -0.795666873 0.290284693 0.531647384 -0.364394486 -0.881921232 0.299050748 -0.429461867 -0.831469595 0.352450281 -0.46194005 -0.831469595 0.30865851 -0.391951919 -0.881921232 0.261893809 -0.758157194 0.195090324 0.622203469 -0.739724934 0.290284693 0.607076347 -0.795666873 0.290284693 0.531647384 -0.815493047 0.195090324 0.544894993 -0.0757682398 0.99518472 0.0621813685 0 1 -0 -0.0814982355 0.99518472 0.0544553623 -0.29581809 -0.923879504 0.242771596 -0.364394486 -0.881921232 0.299050748 -0.391951919 -0.881921232 0.261893809 -0.318189412 -0.923879504 0.212607339 -0.769288063 0.0980171412 0.631338239 -0.758157194 0.195090324 0.622203469 -0.815493047 0.195090324 0.544894993 -0.827465713 0.0980171412 0.552894771 -0.150806829 0.980785251 0.123763993 -0.0757682398 0.99518472 0.0621813685 -0.0814982355 0.99518472 0.0544553623 -0.162211642 0.980785251 0.108386382 -0.2243931 -0.956940353 0.18415463 -0.29581809 -0.923879504 0.242771596 -0.318189412 -0.923879504 0.212607339 -0.2413629 -0.956940353 0.161273509 -0.773010373 0 0.634392977 -0.769288063 0.0980171412 0.631338239 -0.827465713 0.0980171412 0.552894771 -0.831469536 0 0.555569887 -0.2243931 0.956940353 0.18415463 -0.150806829 0.980785251 0.123763993 -0.162211642 0.980785251 0.108386382 -0.2413629 0.956940353 0.161273509 -0.150806829 -0.980785251 0.123763993 -0.2243931 -0.956940353 0.18415463 -0.2413629 -0.956940353 0.161273509 -0.162211642 -0.980785251 0.108386382 -0.769288063 -0.0980171412 0.631338239 -0.773010373 0 0.634392977 -0.831469536 0 0.555569887 -0.827465713 -0.0980171412 0.552894771 -0.29581809 0.923879504 0.242771596 -0.2243931 0.956940353 0.18415463 -0.2413629 0.956940353 0.161273509 -0.318189412 0.923879504 0.212607339 -0.0757682398 -0.99518472 0.0621813685 -0.150806829 -0.980785251 0.123763993 -0.162211642 -0.980785251 0.108386382 -0.0814982355 -0.99518472 0.0544553623 -0.758157194 -0.195090324 0.622203469 -0.769288063 -0.0980171412 0.631338239 -0.827465713 -0.0980171412 0.552894771 -0.815493047 -0.195090324 0.544894993 -0.364394486 0.881921232 0.299050748 -0.29581809 0.923879504 0.242771596 -0.318189412 0.923879504 0.212607339 -0.391951919 0.881921232 0.261893809 0 -1 -0 -0.0757682398 -0.99518472 0.0621813685 -0.0814982355 -0.99518472 0.0544553623 -0.739724934 -0.290284693 0.607076347 -0.758157194 -0.195090324 0.622203469 -0.815493047 -0.195090324 0.544894993 -0.795666873 -0.290284693 0.531647384 -0.587937772 0.707106769 0.39284724 -0.527478635 0.773010433 0.352450043 -0.559484839 0.773010433 0.299050927 -0.623612404 0.707106769 0.333327591 -0.691341698 -0.555570245 0.461939931 -0.733290493 -0.471396744 0.489968956 -0.777784884 -0.471396744 0.415734589 -0.733290732 -0.555570245 0.391952246 -0.642734408 0.634393334 0.429461539 -0.587937772 0.707106769 0.39284724 -0.623612404 0.707106769 0.333327591 -0.681734025 0.634393334 0.364394575 -0.642734408 -0.634393334 0.429461539 -0.691341698 -0.555570245 0.461939931 -0.733290732 -0.555570245 0.391952246 -0.681734025 -0.634393334 0.364394575 -0.691341698 0.555570245 0.461939931 -0.642734408 0.634393334 0.429461539 -0.681734025 0.634393334 0.364394575 -0.733290732 0.555570245 0.391952246 -0.587937772 -0.707106769 0.39284724 -0.642734408 -0.634393334 0.429461539 -0.681734025 -0.634393334 0.364394575 -0.623612404 -0.707106769 0.333327591 -0.733290493 0.471396744 0.489968956 -0.691341698 0.555570245 0.461939931 -0.733290732 0.555570245 0.391952246 -0.777784884 0.471396744 0.415734589 -0.527478635 -0.773010433 0.352450043 -0.587937772 -0.707106769 0.39284724 -0.623612404 -0.707106769 0.333327591 -0.559484839 -0.773010433 0.299050927 -0.76817745 0.382683456 0.513279557 -0.733290493 0.471396744 0.489968956 -0.777784884 0.471396744 0.415734589 -0.81478864 0.382683456 0.435513437 -0.46194005 -0.831469595 0.30865851 -0.527478635 -0.773010433 0.352450043 -0.559484839 -0.773010433 0.299050927 -0.489969492 -0.831469595 0.261894196 -0.795666873 0.290284693 0.531647384 -0.76817745 0.382683456 0.513279557 -0.81478864 0.382683456 0.435513437 -0.84394604 0.290284693 0.451098382 -0.391951919 -0.881921232 0.261893809 -0.46194005 -0.831469595 0.30865851 -0.489969492 -0.831469595 0.261894196 -0.415734649 -0.881921232 0.222214714 -0.815493047 0.195090324 0.544894993 -0.795666873 0.290284693 0.531647384 -0.84394604 0.290284693 0.451098382 -0.864975274 0.195090324 0.462338895 -0.0814982355 0.99518472 0.0544553623 0 1 -0 -0.0864433572 0.99518472 0.0462049171 -0.318189412 -0.923879504 0.212607339 -0.391951919 -0.881921232 0.261893809 -0.415734649 -0.881921232 0.222214714 -0.3374964 -0.923879504 0.180395558 -0.827465713 0.0980171412 0.552894771 -0.815493047 0.195090324 0.544894993 -0.864975274 0.195090324 0.462338895 -0.877674401 0.0980171412 0.469126582 -0.162211642 0.980785251 0.108386382 -0.0814982355 0.99518472 0.0544553623 -0.0864433572 0.99518472 0.0462049171 -0.172054276 0.980785251 0.0919649452 -0.2413629 -0.956940353 0.161273509 -0.318189412 -0.923879504 0.212607339 -0.3374964 -0.923879504 0.180395558 -0.256008238 -0.956940353 0.136839241 -0.831469536 0 0.555569887 -0.827465713 0.0980171412 0.552894771 -0.877674401 0.0980171412 0.469126582 -0.881921172 0 0.471396387 -0.2413629 0.956940353 0.161273509 -0.162211642 0.980785251 0.108386382 -0.172054276 0.980785251 0.0919649452 -0.256008238 0.956940353 0.136839241 -0.162211642 -0.980785251 0.108386382 -0.2413629 -0.956940353 0.161273509 -0.256008238 -0.956940353 0.136839241 -0.172054276 -0.980785251 0.0919649452 -0.827465713 -0.0980171412 0.552894771 -0.831469536 0 0.555569887 -0.881921172 0 0.471396387 -0.877674401 -0.0980171412 0.469126582 -0.318189412 0.923879504 0.212607339 -0.2413629 0.956940353 0.161273509 -0.256008238 0.956940353 0.136839241 -0.3374964 0.923879504 0.180395558 -0.0814982355 -0.99518472 0.0544553623 -0.162211642 -0.980785251 0.108386382 -0.172054276 -0.980785251 0.0919649452 -0.0864433572 -0.99518472 0.0462049171 -0.815493047 -0.195090324 0.544894993 -0.827465713 -0.0980171412 0.552894771 -0.877674401 -0.0980171412 0.469126582 -0.864975274 -0.195090324 0.462338895 -0.391951919 0.881921232 0.261893809 -0.318189412 0.923879504 0.212607339 -0.3374964 0.923879504 0.180395558 -0.415734649 0.881921232 0.222214714 0 -1 -0 -0.0814982355 -0.99518472 0.0544553623 -0.0864433572 -0.99518472 0.0462049171 -0.795666873 -0.290284693 0.531647384 -0.815493047 -0.195090324 0.544894993 -0.864975274 -0.195090324 0.462338895 -0.84394604 -0.290284693 0.451098382 -0.46194005 0.831469595 0.30865851 -0.391951919 0.881921232 0.261893809 -0.415734649 0.881921232 0.222214714 -0.489969492 0.831469595 0.261894196 -0.76817745 -0.382683456 0.513279557 -0.795666873 -0.290284693 0.531647384 -0.84394604 -0.290284693 0.451098382 -0.81478864 -0.382683456 0.435513437 -0.527478635 0.773010433 0.352450043 -0.46194005 0.831469595 0.30865851 -0.489969492 0.831469595 0.261894196 -0.559484839 0.773010433 0.299050927 -0.733290493 -0.471396744 0.489968956 -0.76817745 -0.382683456 0.513279557 -0.81478864 -0.382683456 0.435513437 -0.777784884 -0.471396744 0.415734589 -0.733290732 0.555570245 0.391952246 -0.681734025 0.634393334 0.364394575 -0.714168191 0.634393334 0.295818269 -0.768177807 0.555570245 0.31818983 -0.623612404 -0.707106769 0.333327591 -0.681734025 -0.634393334 0.364394575 -0.714168191 -0.634393334 0.295818269 -0.653281331 -0.707106769 0.270597816 -0.777784884 0.471396744 0.415734589 -0.733290732 0.555570245 0.391952246 -0.768177807 0.555570245 0.31818983 -0.814788759 0.471396744 0.337496459 -0.559484839 -0.773010433 0.299050927 -0.623612404 -0.707106769 0.333327591 -0.653281331 -0.707106769 0.270597816 -0.586102903 -0.773010433 0.242771804 -0.81478864 0.382683456 0.435513437 -0.777784884 0.471396744 0.415734589 -0.814788759 0.471396744 0.337496459 -0.853552997 0.382683456 0.353553057 -0.489969492 -0.831469595 0.261894196 -0.559484839 -0.773010433 0.299050927 -0.586102903 -0.773010433 0.242771804 -0.513280272 -0.831469595 0.212607697 -0.84394604 0.290284693 0.451098382 -0.81478864 0.382683456 0.435513437 -0.853552997 0.382683456 0.353553057 -0.884097576 0.290284693 0.366205037 -0.415734649 -0.881921232 0.222214714 -0.489969492 -0.831469595 0.261894196 -0.513280272 -0.831469595 0.212607697 -0.435513616 -0.881921232 0.180395573 -0.864975274 0.195090324 0.462338895 -0.84394604 0.290284693 0.451098382 -0.884097576 0.290284693 0.366205037 -0.906127274 0.195090324 0.37533021 -0.0864433572 0.99518472 0.0462049171 0 1 -0 -0.0905559808 0.99518472 0.0375094973 -0.3374964 -0.923879504 0.180395558 -0.415734649 -0.881921232 0.222214714 -0.435513616 -0.881921232 0.180395573 -0.353553116 -0.923879504 0.146446481 -0.877674401 0.0980171412 0.469126582 -0.864975274 0.195090324 0.462338895 -0.906127274 0.195090324 0.37533021 -0.919430554 0.0980171412 0.380840451 -0.172054276 0.980785251 0.0919649452 -0.0864433572 0.99518472 0.0462049171 -0.0905559808 0.99518472 0.0375094973 -0.180239931 0.980785251 0.0746578351 -0.256008238 -0.956940353 0.136839241 -0.3374964 -0.923879504 0.180395558 -0.353553116 -0.923879504 0.146446481 -0.268188089 -0.956940353 0.111087129 -0.881921172 0 0.471396387 -0.877674401 0.0980171412 0.469126582 -0.919430554 0.0980171412 0.380840451 -0.923879385 0 0.382683098 -0.256008238 0.956940353 0.136839241 -0.172054276 0.980785251 0.0919649452 -0.180239931 0.980785251 0.0746578351 -0.268188089 0.956940353 0.111087129 -0.172054276 -0.980785251 0.0919649452 -0.256008238 -0.956940353 0.136839241 -0.268188089 -0.956940353 0.111087129 -0.180239931 -0.980785251 0.0746578351 -0.877674401 -0.0980171412 0.469126582 -0.881921172 0 0.471396387 -0.923879385 0 0.382683098 -0.919430554 -0.0980171412 0.380840451 -0.3374964 0.923879504 0.180395558 -0.256008238 0.956940353 0.136839241 -0.268188089 0.956940353 0.111087129 -0.353553116 0.923879504 0.146446481 -0.0864433572 -0.99518472 0.0462049171 -0.172054276 -0.980785251 0.0919649452 -0.180239931 -0.980785251 0.0746578351 -0.0905559808 -0.99518472 0.0375094973 -0.864975274 -0.195090324 0.462338895 -0.877674401 -0.0980171412 0.469126582 -0.919430554 -0.0980171412 0.380840451 -0.906127274 -0.195090324 0.37533021 -0.415734649 0.881921232 0.222214714 -0.3374964 0.923879504 0.180395558 -0.353553116 0.923879504 0.146446481 -0.435513616 0.881921232 0.180395573 0 -1 -0 -0.0864433572 -0.99518472 0.0462049171 -0.0905559808 -0.99518472 0.0375094973 -0.84394604 -0.290284693 0.451098382 -0.864975274 -0.195090324 0.462338895 -0.906127274 -0.195090324 0.37533021 -0.884097576 -0.290284693 0.366205037 -0.489969492 0.831469595 0.261894196 -0.415734649 0.881921232 0.222214714 -0.435513616 0.881921232 0.180395573 -0.513280272 0.831469595 0.212607697 -0.81478864 -0.382683456 0.435513437 -0.84394604 -0.290284693 0.451098382 -0.884097576 -0.290284693 0.366205037 -0.853552997 -0.382683456 0.353553057 -0.559484839 0.773010433 0.299050927 -0.489969492 0.831469595 0.261894196 -0.513280272 0.831469595 0.212607697 -0.586102903 0.773010433 0.242771804 -0.777784884 -0.471396744 0.415734589 -0.81478864 -0.382683456 0.435513437 -0.853552997 -0.382683456 0.353553057 -0.814788759 -0.471396744 0.337496459 -0.623612404 0.707106769 0.333327591 -0.559484839 0.773010433 0.299050927 -0.586102903 0.773010433 0.242771804 -0.653281331 0.707106769 0.270597816 -0.733290732 -0.555570245 0.391952246 -0.777784884 -0.471396744 0.415734589 -0.814788759 -0.471396744 0.337496459 -0.768177807 -0.555570245 0.31818983 -0.681734025 0.634393334 0.364394575 -0.623612404 0.707106769 0.333327591 -0.653281331 0.707106769 0.270597816 -0.714168191 0.634393334 0.295818269 -0.681734025 -0.634393334 0.364394575 -0.733290732 -0.555570245 0.391952246 -0.768177807 -0.555570245 0.31818983 -0.714168191 -0.634393334 0.295818269 -0.853552997 0.382683456 0.353553057 -0.814788759 0.471396744 0.337496459 -0.843945801 0.471396744 0.256008029 -0.884097159 0.382683456 0.268187761 -0.513280272 -0.831469595 0.212607697 -0.586102903 -0.773010433 0.242771804 -0.607076466 -0.773010433 0.18415466 -0.531647921 -0.831469595 0.161273658 -0.884097576 0.290284693 0.366205037 -0.853552997 0.382683456 0.353553057 -0.884097159 0.382683456 0.268187761 -0.915734768 0.290284693 0.277784944 -0.435513616 -0.881921232 0.180395573 -0.513280272 -0.831469595 0.212607697 -0.531647921 -0.831469595 0.161273658 -0.451098353 -0.881921232 0.136839122 -0.906127274 0.195090324 0.37533021 -0.884097576 0.290284693 0.366205037 -0.915734768 0.290284693 0.277784944 -0.938552856 0.195090324 0.284706891 -0.0905559808 0.99518472 0.0375094973 0 1 -0 -0.0937964991 0.99518472 0.0284528416 -0.353553116 -0.923879504 0.146446481 -0.435513616 -0.881921232 0.180395573 -0.451098353 -0.881921232 0.136839122 -0.366204917 -0.923879504 0.111087032 -0.919430554 0.0980171412 0.380840451 -0.906127274 0.195090324 0.37533021 -0.938552856 0.195090324 0.284706891 -0.952332139 0.0980171412 0.288886636 -0.180239931 0.980785251 0.0746578351 -0.0905559808 0.99518472 0.0375094973 -0.0937964991 0.99518472 0.0284528416 -0.186689779 0.980785251 0.0566317365 -0.268188089 -0.956940353 0.111087129 -0.353553116 -0.923879504 0.146446481 -0.366204917 -0.923879504 0.111087032 -0.277785122 -0.956940353 0.0842651874 -0.923879385 0 0.382683098 -0.919430554 0.0980171412 0.380840451 -0.952332139 0.0980171412 0.288886636 -0.956940174 0 0.290284336 -0.268188089 0.956940353 0.111087129 -0.180239931 0.980785251 0.0746578351 -0.186689779 0.980785251 0.0566317365 -0.277785122 0.956940353 0.0842651874 -0.180239931 -0.980785251 0.0746578351 -0.268188089 -0.956940353 0.111087129 -0.277785122 -0.956940353 0.0842651874 -0.186689779 -0.980785251 0.0566317365 -0.919430554 -0.0980171412 0.380840451 -0.923879385 0 0.382683098 -0.956940174 0 0.290284336 -0.952332139 -0.0980171412 0.288886636 -0.353553116 0.923879504 0.146446481 -0.268188089 0.956940353 0.111087129 -0.277785122 0.956940353 0.0842651874 -0.366204917 0.923879504 0.111087032 -0.0905559808 -0.99518472 0.0375094973 -0.180239931 -0.980785251 0.0746578351 -0.186689779 -0.980785251 0.0566317365 -0.0937964991 -0.99518472 0.0284528416 -0.906127274 -0.195090324 0.37533021 -0.919430554 -0.0980171412 0.380840451 -0.952332139 -0.0980171412 0.288886636 -0.938552856 -0.195090324 0.284706891 -0.435513616 0.881921232 0.180395573 -0.353553116 0.923879504 0.146446481 -0.366204917 0.923879504 0.111087032 -0.451098353 0.881921232 0.136839122 0 -1 -0 -0.0905559808 -0.99518472 0.0375094973 -0.0937964991 -0.99518472 0.0284528416 -0.884097576 -0.290284693 0.366205037 -0.906127274 -0.195090324 0.37533021 -0.938552856 -0.195090324 0.284706891 -0.915734768 -0.290284693 0.277784944 -0.513280272 0.831469595 0.212607697 -0.435513616 0.881921232 0.180395573 -0.451098353 0.881921232 0.136839122 -0.531647921 0.831469595 0.161273658 -0.853552997 -0.382683456 0.353553057 -0.884097576 -0.290284693 0.366205037 -0.915734768 -0.290284693 0.277784944 -0.884097159 -0.382683456 0.268187761 -0.586102903 0.773010433 0.242771804 -0.513280272 0.831469595 0.212607697 -0.531647921 0.831469595 0.161273658 -0.607076466 0.773010433 0.18415466 -0.814788759 -0.471396744 0.337496459 -0.853552997 -0.382683456 0.353553057 -0.884097159 -0.382683456 0.268187761 -0.843945801 -0.471396744 0.256008029 -0.653281331 0.707106769 0.270597816 -0.586102903 0.773010433 0.242771804 -0.607076466 0.773010433 0.18415466 -0.676658809 0.707106769 0.205262035 -0.768177807 -0.555570245 0.31818983 -0.814788759 -0.471396744 0.337496459 -0.843945801 -0.471396744 0.256008029 -0.795666873 -0.555570245 0.241363078 -0.714168191 0.634393334 0.295818269 -0.653281331 0.707106769 0.270597816 -0.676658809 0.707106769 0.205262035 -0.739724517 0.634393334 0.224393085 -0.714168191 -0.634393334 0.295818269 -0.768177807 -0.555570245 0.31818983 -0.795666873 -0.555570245 0.241363078 -0.739724517 -0.634393334 0.224393085 -0.768177807 0.555570245 0.31818983 -0.714168191 0.634393334 0.295818269 -0.739724517 0.634393334 0.224393085 -0.795666873 0.555570245 0.241363078 -0.653281331 -0.707106769 0.270597816 -0.714168191 -0.634393334 0.295818269 -0.739724517 -0.634393334 0.224393085 -0.676658809 -0.707106769 0.205262035 -0.814788759 0.471396744 0.337496459 -0.768177807 0.555570245 0.31818983 -0.795666873 0.555570245 0.241363078 -0.843945801 0.471396744 0.256008029 -0.586102903 -0.773010433 0.242771804 -0.653281331 -0.707106769 0.270597816 -0.676658809 -0.707106769 0.205262035 -0.607076466 -0.773010433 0.18415466 -0.938552856 0.195090324 0.284706891 -0.915734768 0.290284693 0.277784944 -0.938552976 0.290284693 0.186689615 -0.961939633 0.195090324 0.191341683 -0.0937964991 0.99518472 0.0284528416 0 1 -0 -0.096133709 0.99518472 0.0191221684 -0.366204917 -0.923879504 0.111087032 -0.451098353 -0.881921232 0.136839122 -0.462338746 -0.881921232 0.0919648409 -0.375329971 -0.923879504 0.0746577531 -0.952332139 0.0980171412 0.288886636 -0.938552856 0.195090324 0.284706891 -0.961939633 0.195090324 0.191341683 -0.976062238 0.0980171412 0.194150686 -0.186689779 0.980785251 0.0566317365 -0.0937964991 0.99518472 0.0284528416 -0.096133709 0.99518472 0.0191221684 -0.191341698 0.980785251 0.0380602404 -0.277785122 -0.956940353 0.0842651874 -0.366204917 -0.923879504 0.111087032 -0.375329971 -0.923879504 0.0746577531 -0.28470695 -0.956940353 0.0566317253 -0.956940174 0 0.290284336 -0.952332139 0.0980171412 0.288886636 -0.976062238 0.0980171412 0.194150686 -0.980785072 0 0.195089996 -0.277785122 0.956940353 0.0842651874 -0.186689779 0.980785251 0.0566317365 -0.191341698 0.980785251 0.0380602404 -0.28470695 0.956940353 0.0566317253 -0.186689779 -0.980785251 0.0566317365 -0.277785122 -0.956940353 0.0842651874 -0.28470695 -0.956940353 0.0566317253 -0.191341698 -0.980785251 0.0380602404 -0.952332139 -0.0980171412 0.288886636 -0.956940174 0 0.290284336 -0.980785072 0 0.195089996 -0.976062238 -0.0980171412 0.194150686 -0.366204917 0.923879504 0.111087032 -0.277785122 0.956940353 0.0842651874 -0.28470695 0.956940353 0.0566317253 -0.375329971 0.923879504 0.0746577531 -0.0937964991 -0.99518472 0.0284528416 -0.186689779 -0.980785251 0.0566317365 -0.191341698 -0.980785251 0.0380602404 -0.096133709 -0.99518472 0.0191221684 -0.938552856 -0.195090324 0.284706891 -0.952332139 -0.0980171412 0.288886636 -0.976062238 -0.0980171412 0.194150686 -0.961939633 -0.195090324 0.191341683 -0.451098353 0.881921232 0.136839122 -0.366204917 0.923879504 0.111087032 -0.375329971 0.923879504 0.0746577531 -0.462338746 0.881921232 0.0919648409 0 -1 -0 -0.0937964991 -0.99518472 0.0284528416 -0.096133709 -0.99518472 0.0191221684 -0.915734768 -0.290284693 0.277784944 -0.938552856 -0.195090324 0.284706891 -0.961939633 -0.195090324 0.191341683 -0.938552976 -0.290284693 0.186689615 -0.531647921 0.831469595 0.161273658 -0.451098353 0.881921232 0.136839122 -0.462338746 0.881921232 0.0919648409 -0.54489547 0.831469595 0.108386472 -0.884097159 -0.382683456 0.268187761 -0.915734768 -0.290284693 0.277784944 -0.938552976 -0.290284693 0.186689615 -0.906126976 -0.382683456 0.180239692 -0.607076466 0.773010433 0.18415466 -0.531647921 0.831469595 0.161273658 -0.54489547 0.831469595 0.108386472 -0.622203529 0.773010433 0.123764008 -0.843945801 -0.471396744 0.256008029 -0.884097159 -0.382683456 0.268187761 -0.906126976 -0.382683456 0.180239692 -0.864975154 -0.471396744 0.172054142 -0.676658809 0.707106769 0.205262035 -0.607076466 0.773010433 0.18415466 -0.622203529 0.773010433 0.123764008 -0.693519711 0.707106769 0.137949482 -0.795666873 -0.555570245 0.241363078 -0.843945801 -0.471396744 0.256008029 -0.864975154 -0.471396744 0.172054142 -0.815493226 -0.555570245 0.162211865 -0.739724517 0.634393334 0.224393085 -0.676658809 0.707106769 0.205262035 -0.693519711 0.707106769 0.137949482 -0.758156896 0.634393334 0.150806889 -0.739724517 -0.634393334 0.224393085 -0.795666873 -0.555570245 0.241363078 -0.815493226 -0.555570245 0.162211865 -0.758156896 -0.634393334 0.150806889 -0.795666873 0.555570245 0.241363078 -0.739724517 0.634393334 0.224393085 -0.758156896 0.634393334 0.150806889 -0.815493226 0.555570245 0.162211865 -0.676658809 -0.707106769 0.205262035 -0.739724517 -0.634393334 0.224393085 -0.758156896 -0.634393334 0.150806889 -0.693519711 -0.707106769 0.137949482 -0.843945801 0.471396744 0.256008029 -0.795666873 0.555570245 0.241363078 -0.815493226 0.555570245 0.162211865 -0.864975154 0.471396744 0.172054142 -0.607076466 -0.773010433 0.18415466 -0.676658809 -0.707106769 0.205262035 -0.693519711 -0.707106769 0.137949482 -0.622203529 -0.773010433 0.123764008 -0.884097159 0.382683456 0.268187761 -0.843945801 0.471396744 0.256008029 -0.864975154 0.471396744 0.172054142 -0.906126976 0.382683456 0.180239692 -0.531647921 -0.831469595 0.161273658 -0.607076466 -0.773010433 0.18415466 -0.622203529 -0.773010433 0.123764008 -0.54489547 -0.831469595 0.108386472 -0.915734768 0.290284693 0.277784944 -0.884097159 0.382683456 0.268187761 -0.906126976 0.382683456 0.180239692 -0.938552976 0.290284693 0.186689615 -0.451098353 -0.881921232 0.136839122 -0.531647921 -0.831469595 0.161273658 -0.54489547 -0.831469595 0.108386472 -0.462338746 -0.881921232 0.0919648409 -0.980785072 0 0.195089996 -0.976062238 0.0980171412 0.194150686 -0.990392327 0.0980171412 0.0975449756 -0.995184481 0 0.0980168357 -0.28470695 0.956940353 0.0566317253 -0.191341698 0.980785251 0.0380602404 -0.19415088 0.980785251 0.0191222057 -0.288886905 0.956940353 0.0284528658 -0.191341698 -0.980785251 0.0380602404 -0.28470695 -0.956940353 0.0566317253 -0.288886905 -0.956940353 0.0284528658 -0.19415088 -0.980785251 0.0191222057 -0.976062238 -0.0980171412 0.194150686 -0.980785072 0 0.195089996 -0.995184481 0 0.0980168357 -0.990392327 -0.0980171412 0.0975449756 -0.375329971 0.923879504 0.0746577531 -0.28470695 0.956940353 0.0566317253 -0.288886905 0.956940353 0.0284528658 -0.380840391 0.923879504 0.0375094861 -0.096133709 -0.99518472 0.0191221684 -0.191341698 -0.980785251 0.0380602404 -0.19415088 -0.980785251 0.0191222057 -0.0975450948 -0.99518472 0.00960733928 -0.961939633 -0.195090324 0.191341683 -0.976062238 -0.0980171412 0.194150686 -0.990392327 -0.0980171412 0.0975449756 -0.976062417 -0.195090324 0.0961337388 -0.462338746 0.881921232 0.0919648409 -0.375329971 0.923879504 0.0746577531 -0.380840391 0.923879504 0.0375094861 -0.469126582 0.881921232 0.0462048799 0 -1 -0 -0.096133709 -0.99518472 0.0191221684 -0.0975450948 -0.99518472 0.00960733928 -0.938552976 -0.290284693 0.186689615 -0.961939633 -0.195090324 0.191341683 -0.976062417 -0.195090324 0.0961337388 -0.952332377 -0.290284693 0.0937963799 -0.54489547 0.831469595 0.108386472 -0.462338746 0.881921232 0.0919648409 -0.469126582 0.881921232 0.0462048799 -0.552895427 0.831469595 0.0544554628 -0.906126976 -0.382683456 0.180239692 -0.938552976 -0.290284693 0.186689615 -0.952332377 -0.290284693 0.0937963799 -0.919430315 -0.382683456 0.0905558169 -0.622203529 0.773010433 0.123764008 -0.54489547 0.831469595 0.108386472 -0.552895427 0.831469595 0.0544554628 -0.631338418 0.773010433 0.0621814393 -0.864975154 -0.471396744 0.172054142 -0.906126976 -0.382683456 0.180239692 -0.919430315 -0.382683456 0.0905558169 -0.877674282 -0.471396744 0.0864432603 -0.693519711 0.707106769 0.137949482 -0.622203529 0.773010433 0.123764008 -0.631338418 0.773010433 0.0621814393 -0.703701675 0.707106769 0.0693084002 -0.815493226 -0.555570245 0.162211865 -0.864975154 -0.471396744 0.172054142 -0.877674282 -0.471396744 0.0864432603 -0.827465951 -0.555570245 0.081498459 -0.758156896 0.634393334 0.150806889 -0.693519711 0.707106769 0.137949482 -0.703701675 0.707106769 0.0693084002 -0.769287825 0.634393334 0.0757683367 -0.758156896 -0.634393334 0.150806889 -0.815493226 -0.555570245 0.162211865 -0.827465951 -0.555570245 0.081498459 -0.769287825 -0.634393334 0.0757683367 -0.815493226 0.555570245 0.162211865 -0.758156896 0.634393334 0.150806889 -0.769287825 0.634393334 0.0757683367 -0.827465951 0.555570245 0.081498459 -0.693519711 -0.707106769 0.137949482 -0.758156896 -0.634393334 0.150806889 -0.769287825 -0.634393334 0.0757683367 -0.703701675 -0.707106769 0.0693084002 -0.864975154 0.471396744 0.172054142 -0.815493226 0.555570245 0.162211865 -0.827465951 0.555570245 0.081498459 -0.877674282 0.471396744 0.0864432603 -0.622203529 -0.773010433 0.123764008 -0.693519711 -0.707106769 0.137949482 -0.703701675 -0.707106769 0.0693084002 -0.631338418 -0.773010433 0.0621814393 -0.906126976 0.382683456 0.180239692 -0.864975154 0.471396744 0.172054142 -0.877674282 0.471396744 0.0864432603 -0.919430315 0.382683456 0.0905558169 -0.54489547 -0.831469595 0.108386472 -0.622203529 -0.773010433 0.123764008 -0.631338418 -0.773010433 0.0621814393 -0.552895427 -0.831469595 0.0544554628 -0.938552976 0.290284693 0.186689615 -0.906126976 0.382683456 0.180239692 -0.919430315 0.382683456 0.0905558169 -0.952332377 0.290284693 0.0937963799 -0.462338746 -0.881921232 0.0919648409 -0.54489547 -0.831469595 0.108386472 -0.552895427 -0.831469595 0.0544554628 -0.469126582 -0.881921232 0.0462048799 -0.961939633 0.195090324 0.191341683 -0.938552976 0.290284693 0.186689615 -0.952332377 0.290284693 0.0937963799 -0.976062417 0.195090324 0.0961337388 -0.096133709 0.99518472 0.0191221684 0 1 -0 -0.0975450948 0.99518472 0.00960733928 -0.375329971 -0.923879504 0.0746577531 -0.462338746 -0.881921232 0.0919648409 -0.469126582 -0.881921232 0.0462048799 -0.380840391 -0.923879504 0.0375094861 -0.976062238 0.0980171412 0.194150686 -0.961939633 0.195090324 0.191341683 -0.976062417 0.195090324 0.0961337388 -0.990392327 0.0980171412 0.0975449756 -0.191341698 0.980785251 0.0380602404 -0.096133709 0.99518472 0.0191221684 -0.0975450948 0.99518472 0.00960733928 -0.19415088 0.980785251 0.0191222057 -0.28470695 -0.956940353 0.0566317253 -0.375329971 -0.923879504 0.0746577531 -0.380840391 -0.923879504 0.0375094861 -0.288886905 -0.956940353 0.0284528658 -0.976062417 -0.195090324 0.0961337388 -0.990392327 -0.0980171412 0.0975449756 -0.995184362 -0.0980171412 -1.56462193e-07 -0.980785191 -0.195090324 -2.23517418e-08 -0.469126582 0.881921232 0.0462048799 -0.380840391 0.923879504 0.0375094861 -0.382683098 0.923879504 -1.86264515e-08 -0.471396476 0.881921232 -5.58793545e-08 0 -1 -0 -0.0975450948 -0.99518472 0.00960733928 -0.0980170742 -0.99518472 -1.39698386e-08 -0.952332377 -0.290284693 0.0937963799 -0.976062417 -0.195090324 0.0961337388 -0.980785191 -0.195090324 -2.23517418e-08 -0.956940293 -0.290284693 -1.71363354e-07 -0.552895427 0.831469595 0.0544554628 -0.469126582 0.881921232 0.0462048799 -0.471396476 0.881921232 -5.58793545e-08 -0.555570662 0.831469595 1.49011612e-08 -0.919430315 -0.382683456 0.0905558169 -0.952332377 -0.290284693 0.0937963799 -0.956940293 -0.290284693 -1.71363354e-07 -0.923879027 -0.382683456 -1.63912773e-07 -0.631338418 0.773010433 0.0621814393 -0.552895427 0.831469595 0.0544554628 -0.555570662 0.831469595 1.49011612e-08 -0.634393215 0.773010433 3.35276127e-08 -0.877674282 -0.471396744 0.0864432603 -0.919430315 -0.382683456 0.0905558169 -0.923879027 -0.382683456 -1.63912773e-07 -0.881920934 -0.471396744 -1.11758709e-07 -0.703701675 0.707106769 0.0693084002 -0.631338418 0.773010433 0.0621814393 -0.634393215 0.773010433 3.35276127e-08 -0.70710659 0.707106769 -1.63912773e-07 -0.827465951 -0.555570245 0.081498459 -0.877674282 -0.471396744 0.0864432603 -0.881920934 -0.471396744 -1.11758709e-07 -0.831469774 -0.555570245 1.71363354e-07 -0.769287825 0.634393334 0.0757683367 -0.703701675 0.707106769 0.0693084002 -0.70710659 0.707106769 -1.63912773e-07 -0.773010135 0.634393334 9.68575478e-08 -0.769287825 -0.634393334 0.0757683367 -0.827465951 -0.555570245 0.081498459 -0.831469774 -0.555570245 1.71363354e-07 -0.773010135 -0.634393334 9.68575478e-08 -0.827465951 0.555570245 0.081498459 -0.769287825 0.634393334 0.0757683367 -0.773010135 0.634393334 9.68575478e-08 -0.831469774 0.555570245 1.71363354e-07 -0.703701675 -0.707106769 0.0693084002 -0.769287825 -0.634393334 0.0757683367 -0.773010135 -0.634393334 9.68575478e-08 -0.70710659 -0.707106769 -1.63912773e-07 -0.877674282 0.471396744 0.0864432603 -0.827465951 0.555570245 0.081498459 -0.831469774 0.555570245 1.71363354e-07 -0.881920934 0.471396744 -1.11758709e-07 -0.631338418 -0.773010433 0.0621814393 -0.703701675 -0.707106769 0.0693084002 -0.70710659 -0.707106769 -1.63912773e-07 -0.634393215 -0.773010433 3.35276127e-08 -0.919430315 0.382683456 0.0905558169 -0.877674282 0.471396744 0.0864432603 -0.881920934 0.471396744 -1.11758709e-07 -0.923879027 0.382683456 -1.63912773e-07 -0.552895427 -0.831469595 0.0544554628 -0.631338418 -0.773010433 0.0621814393 -0.634393215 -0.773010433 3.35276127e-08 -0.555570662 -0.831469595 1.49011612e-08 -0.952332377 0.290284693 0.0937963799 -0.919430315 0.382683456 0.0905558169 -0.923879027 0.382683456 -1.63912773e-07 -0.956940293 0.290284693 -1.71363354e-07 -0.469126582 -0.881921232 0.0462048799 -0.552895427 -0.831469595 0.0544554628 -0.555570662 -0.831469595 1.49011612e-08 -0.471396476 -0.881921232 -5.58793545e-08 -0.976062417 0.195090324 0.0961337388 -0.952332377 0.290284693 0.0937963799 -0.956940293 0.290284693 -1.71363354e-07 -0.980785191 0.195090324 -2.23517418e-08 -0.0975450948 0.99518472 0.00960733928 0 1 -0 -0.0980170742 0.99518472 -1.39698386e-08 -0.380840391 -0.923879504 0.0375094861 -0.469126582 -0.881921232 0.0462048799 -0.471396476 -0.881921232 -5.58793545e-08 -0.382683098 -0.923879504 -1.86264515e-08 -0.990392327 0.0980171412 0.0975449756 -0.976062417 0.195090324 0.0961337388 -0.980785191 0.195090324 -2.23517418e-08 -0.995184362 0.0980171412 -1.56462193e-07 -0.19415088 0.980785251 0.0191222057 -0.0975450948 0.99518472 0.00960733928 -0.0980170742 0.99518472 -1.39698386e-08 -0.195090294 0.980785251 1.3038516e-08 -0.288886905 -0.956940353 0.0284528658 -0.380840391 -0.923879504 0.0375094861 -0.382683098 -0.923879504 -1.86264515e-08 -0.290284693 -0.956940353 -1.11758709e-08 -0.995184481 0 0.0980168357 -0.990392327 0.0980171412 0.0975449756 -0.995184362 0.0980171412 -1.56462193e-07 -0.999999702 0 -2.83122063e-07 -0.288886905 0.956940353 0.0284528658 -0.19415088 0.980785251 0.0191222057 -0.195090294 0.980785251 1.3038516e-08 -0.290284693 0.956940353 -1.11758709e-08 -0.19415088 -0.980785251 0.0191222057 -0.288886905 -0.956940353 0.0284528658 -0.290284693 -0.956940353 -1.11758709e-08 -0.195090294 -0.980785251 1.3038516e-08 -0.990392327 -0.0980171412 0.0975449756 -0.995184481 0 0.0980168357 -0.999999702 0 -2.83122063e-07 -0.995184362 -0.0980171412 -1.56462193e-07 -0.380840391 0.923879504 0.0375094861 -0.288886905 0.956940353 0.0284528658 -0.290284693 0.956940353 -1.11758709e-08 -0.382683098 0.923879504 -1.86264515e-08 -0.0975450948 -0.99518472 0.00960733928 -0.19415088 -0.980785251 0.0191222057 -0.195090294 -0.980785251 1.3038516e-08 -0.0980170742 -0.99518472 -1.39698386e-08 -0.923879027 -0.382683456 -1.63912773e-07 -0.956940293 -0.290284693 -1.71363354e-07 -0.952332377 -0.290284693 -0.0937967226 -0.919430315 -0.382683456 -0.0905561447 -0.634393215 0.773010433 3.35276127e-08 -0.555570662 0.831469595 1.49011612e-08 -0.552895427 0.831469595 -0.054455433 -0.631338418 0.773010433 -0.0621813759 -0.881920934 -0.471396744 -1.11758709e-07 -0.923879027 -0.382683456 -1.63912773e-07 -0.919430315 -0.382683456 -0.0905561447 -0.877674222 -0.471396744 -0.0864434838 -0.70710659 0.707106769 -1.63912773e-07 -0.634393215 0.773010433 3.35276127e-08 -0.631338418 0.773010433 -0.0621813759 -0.703701675 0.707106769 -0.069308728 -0.831469774 -0.555570245 1.71363354e-07 -0.881920934 -0.471396744 -1.11758709e-07 -0.877674222 -0.471396744 -0.0864434838 -0.827466011 -0.555570245 -0.0814981163 -0.773010135 0.634393334 9.68575478e-08 -0.70710659 0.707106769 -1.63912773e-07 -0.703701675 0.707106769 -0.069308728 -0.769287884 0.634393334 -0.0757681504 -0.773010135 -0.634393334 9.68575478e-08 -0.831469774 -0.555570245 1.71363354e-07 -0.827466011 -0.555570245 -0.0814981163 -0.769287884 -0.634393334 -0.0757681504 -0.831469774 0.555570245 1.71363354e-07 -0.773010135 0.634393334 9.68575478e-08 -0.769287884 0.634393334 -0.0757681504 -0.827466011 0.555570245 -0.0814981163 -0.70710659 -0.707106769 -1.63912773e-07 -0.773010135 -0.634393334 9.68575478e-08 -0.769287884 -0.634393334 -0.0757681504 -0.703701675 -0.707106769 -0.069308728 -0.881920934 0.471396744 -1.11758709e-07 -0.831469774 0.555570245 1.71363354e-07 -0.827466011 0.555570245 -0.0814981163 -0.877674222 0.471396744 -0.0864434838 -0.634393215 -0.773010433 3.35276127e-08 -0.70710659 -0.707106769 -1.63912773e-07 -0.703701675 -0.707106769 -0.069308728 -0.631338418 -0.773010433 -0.0621813759 -0.923879027 0.382683456 -1.63912773e-07 -0.881920934 0.471396744 -1.11758709e-07 -0.877674222 0.471396744 -0.0864434838 -0.919430315 0.382683456 -0.0905561447 -0.555570662 -0.831469595 1.49011612e-08 -0.634393215 -0.773010433 3.35276127e-08 -0.631338418 -0.773010433 -0.0621813759 -0.552895427 -0.831469595 -0.054455433 -0.956940293 0.290284693 -1.71363354e-07 -0.923879027 0.382683456 -1.63912773e-07 -0.919430315 0.382683456 -0.0905561447 -0.952332377 0.290284693 -0.0937967226 -0.471396476 -0.881921232 -5.58793545e-08 -0.555570662 -0.831469595 1.49011612e-08 -0.552895427 -0.831469595 -0.054455433 -0.469126582 -0.881921232 -0.0462049916 -0.980785191 0.195090324 -2.23517418e-08 -0.956940293 0.290284693 -1.71363354e-07 -0.952332377 0.290284693 -0.0937967226 -0.976062417 0.195090324 -0.0961337835 -0.0980170742 0.99518472 -1.39698386e-08 0 1 -0 -0.0975450948 0.99518472 -0.00960736722 -0.382683098 -0.923879504 -1.86264515e-08 -0.471396476 -0.881921232 -5.58793545e-08 -0.469126582 -0.881921232 -0.0462049916 -0.380840361 -0.923879504 -0.0375095233 -0.995184362 0.0980171412 -1.56462193e-07 -0.980785191 0.195090324 -2.23517418e-08 -0.976062417 0.195090324 -0.0961337835 -0.990392268 0.0980171412 -0.0975452811 -0.195090294 0.980785251 1.3038516e-08 -0.0980170742 0.99518472 -1.39698386e-08 -0.0975450948 0.99518472 -0.00960736722 -0.19415088 0.980785251 -0.0191221796 -0.290284693 -0.956940353 -1.11758709e-08 -0.382683098 -0.923879504 -1.86264515e-08 -0.380840361 -0.923879504 -0.0375095233 -0.288886905 -0.956940353 -0.0284528863 -0.999999702 0 -2.83122063e-07 -0.995184362 0.0980171412 -1.56462193e-07 -0.990392268 0.0980171412 -0.0975452811 -0.995184422 0 -0.0980173945 -0.290284693 0.956940353 -1.11758709e-08 -0.195090294 0.980785251 1.3038516e-08 -0.19415088 0.980785251 -0.0191221796 -0.288886905 0.956940353 -0.0284528863 -0.195090294 -0.980785251 1.3038516e-08 -0.290284693 -0.956940353 -1.11758709e-08 -0.288886905 -0.956940353 -0.0284528863 -0.19415088 -0.980785251 -0.0191221796 -0.995184362 -0.0980171412 -1.56462193e-07 -0.999999702 0 -2.83122063e-07 -0.995184422 0 -0.0980173945 -0.990392268 -0.0980171412 -0.0975452811 -0.382683098 0.923879504 -1.86264515e-08 -0.290284693 0.956940353 -1.11758709e-08 -0.288886905 0.956940353 -0.0284528863 -0.380840361 0.923879504 -0.0375095233 -0.0980170742 -0.99518472 -1.39698386e-08 -0.195090294 -0.980785251 1.3038516e-08 -0.19415088 -0.980785251 -0.0191221796 -0.0975450948 -0.99518472 -0.00960736722 -0.980785191 -0.195090324 -2.23517418e-08 -0.995184362 -0.0980171412 -1.56462193e-07 -0.990392268 -0.0980171412 -0.0975452811 -0.976062417 -0.195090324 -0.0961337835 -0.471396476 0.881921232 -5.58793545e-08 -0.382683098 0.923879504 -1.86264515e-08 -0.380840361 0.923879504 -0.0375095233 -0.469126582 0.881921232 -0.0462049916 0 -1 -0 -0.0980170742 -0.99518472 -1.39698386e-08 -0.0975450948 -0.99518472 -0.00960736722 -0.956940293 -0.290284693 -1.71363354e-07 -0.980785191 -0.195090324 -2.23517418e-08 -0.976062417 -0.195090324 -0.0961337835 -0.952332377 -0.290284693 -0.0937967226 -0.555570662 0.831469595 1.49011612e-08 -0.471396476 0.881921232 -5.58793545e-08 -0.469126582 0.881921232 -0.0462049916 -0.552895427 0.831469595 -0.054455433 -0.827466011 -0.555570245 -0.0814981163 -0.877674222 -0.471396744 -0.0864434838 -0.864975035 -0.471396744 -0.17205435 -0.815493345 -0.555570245 -0.162211537 -0.769287884 0.634393334 -0.0757681504 -0.703701675 0.707106769 -0.069308728 -0.693519711 0.707106769 -0.137949809 -0.758157015 0.634393334 -0.150806695 -0.769287884 -0.634393334 -0.0757681504 -0.827466011 -0.555570245 -0.0814981163 -0.815493345 -0.555570245 -0.162211537 -0.758157015 -0.634393334 -0.150806695 -0.827466011 0.555570245 -0.0814981163 -0.769287884 0.634393334 -0.0757681504 -0.758157015 0.634393334 -0.150806695 -0.815493345 0.555570245 -0.162211537 -0.703701675 -0.707106769 -0.069308728 -0.769287884 -0.634393334 -0.0757681504 -0.758157015 -0.634393334 -0.150806695 -0.693519711 -0.707106769 -0.137949809 -0.877674222 0.471396744 -0.0864434838 -0.827466011 0.555570245 -0.0814981163 -0.815493345 0.555570245 -0.162211537 -0.864975035 0.471396744 -0.17205435 -0.631338418 -0.773010433 -0.0621813759 -0.703701675 -0.707106769 -0.069308728 -0.693519711 -0.707106769 -0.137949809 -0.622203529 -0.773010433 -0.123763941 -0.919430315 0.382683456 -0.0905561447 -0.877674222 0.471396744 -0.0864434838 -0.864975035 0.471396744 -0.17205435 -0.906126976 0.382683456 -0.18024002 -0.552895427 -0.831469595 -0.054455433 -0.631338418 -0.773010433 -0.0621813759 -0.622203529 -0.773010433 -0.123763941 -0.54489553 -0.831469595 -0.108386442 -0.952332377 0.290284693 -0.0937967226 -0.919430315 0.382683456 -0.0905561447 -0.906126976 0.382683456 -0.18024002 -0.938552976 0.290284693 -0.186689973 -0.469126582 -0.881921232 -0.0462049916 -0.552895427 -0.831469595 -0.054455433 -0.54489553 -0.831469595 -0.108386442 -0.462338716 -0.881921232 -0.0919649452 -0.976062417 0.195090324 -0.0961337835 -0.952332377 0.290284693 -0.0937967226 -0.938552976 0.290284693 -0.186689973 -0.961939633 0.195090324 -0.191341728 -0.0975450948 0.99518472 -0.00960736722 0 1 -0 -0.0961337015 0.99518472 -0.0191221964 -0.380840361 -0.923879504 -0.0375095233 -0.469126582 -0.881921232 -0.0462049916 -0.462338716 -0.881921232 -0.0919649452 -0.375329942 -0.923879504 -0.0746577829 -0.990392268 0.0980171412 -0.0975452811 -0.976062417 0.195090324 -0.0961337835 -0.961939633 0.195090324 -0.191341728 -0.976062119 0.0980171412 -0.194150984 -0.19415088 0.980785251 -0.0191221796 -0.0975450948 0.99518472 -0.00960736722 -0.0961337015 0.99518472 -0.0191221964 -0.191341698 0.980785251 -0.0380602181 -0.288886905 -0.956940353 -0.0284528863 -0.380840361 -0.923879504 -0.0375095233 -0.375329942 -0.923879504 -0.0746577829 -0.28470695 -0.956940353 -0.0566317439 -0.995184422 0 -0.0980173945 -0.990392268 0.0980171412 -0.0975452811 -0.976062119 0.0980171412 -0.194150984 -0.980784953 0 -0.195090547 -0.288886905 0.956940353 -0.0284528863 -0.19415088 0.980785251 -0.0191221796 -0.191341698 0.980785251 -0.0380602181 -0.28470695 0.956940353 -0.0566317439 -0.19415088 -0.980785251 -0.0191221796 -0.288886905 -0.956940353 -0.0284528863 -0.28470695 -0.956940353 -0.0566317439 -0.191341698 -0.980785251 -0.0380602181 -0.990392268 -0.0980171412 -0.0975452811 -0.995184422 0 -0.0980173945 -0.980784953 0 -0.195090547 -0.976062119 -0.0980171412 -0.194150984 -0.380840361 0.923879504 -0.0375095233 -0.288886905 0.956940353 -0.0284528863 -0.28470695 0.956940353 -0.0566317439 -0.375329942 0.923879504 -0.0746577829 -0.0975450948 -0.99518472 -0.00960736722 -0.19415088 -0.980785251 -0.0191221796 -0.191341698 -0.980785251 -0.0380602181 -0.0961337015 -0.99518472 -0.0191221964 -0.976062417 -0.195090324 -0.0961337835 -0.990392268 -0.0980171412 -0.0975452811 -0.976062119 -0.0980171412 -0.194150984 -0.961939633 -0.195090324 -0.191341728 -0.469126582 0.881921232 -0.0462049916 -0.380840361 0.923879504 -0.0375095233 -0.375329942 0.923879504 -0.0746577829 -0.462338716 0.881921232 -0.0919649452 0 -1 -0 -0.0975450948 -0.99518472 -0.00960736722 -0.0961337015 -0.99518472 -0.0191221964 -0.952332377 -0.290284693 -0.0937967226 -0.976062417 -0.195090324 -0.0961337835 -0.961939633 -0.195090324 -0.191341728 -0.938552976 -0.290284693 -0.186689973 -0.552895427 0.831469595 -0.054455433 -0.469126582 0.881921232 -0.0462049916 -0.462338716 0.881921232 -0.0919649452 -0.54489553 0.831469595 -0.108386442 -0.919430315 -0.382683456 -0.0905561447 -0.952332377 -0.290284693 -0.0937967226 -0.938552976 -0.290284693 -0.186689973 -0.906126976 -0.382683456 -0.18024002 -0.631338418 0.773010433 -0.0621813759 -0.552895427 0.831469595 -0.054455433 -0.54489553 0.831469595 -0.108386442 -0.622203529 0.773010433 -0.123763941 -0.877674222 -0.471396744 -0.0864434838 -0.919430315 -0.382683456 -0.0905561447 -0.906126976 -0.382683456 -0.18024002 -0.864975035 -0.471396744 -0.17205435 -0.703701675 0.707106769 -0.069308728 -0.631338418 0.773010433 -0.0621813759 -0.622203529 0.773010433 -0.123763941 -0.693519711 0.707106769 -0.137949809 -0.693519711 -0.707106769 -0.137949809 -0.758157015 -0.634393334 -0.150806695 -0.739724636 -0.634393334 -0.224392891 -0.676658809 -0.707106769 -0.205262363 -0.864975035 0.471396744 -0.17205435 -0.815493345 0.555570245 -0.162211537 -0.795666993 0.555570245 -0.24136278 -0.843945622 0.471396744 -0.256008238 -0.622203529 -0.773010433 -0.123763941 -0.693519711 -0.707106769 -0.137949809 -0.676658809 -0.707106769 -0.205262363 -0.607076466 -0.773010433 -0.1841546 -0.906126976 0.382683456 -0.18024002 -0.864975035 0.471396744 -0.17205435 -0.843945622 0.471396744 -0.256008238 -0.884097099 0.382683456 -0.268188089 -0.54489553 -0.831469595 -0.108386442 -0.622203529 -0.773010433 -0.123763941 -0.607076466 -0.773010433 -0.1841546 -0.53164798 -0.831469595 -0.161273628 -0.938552976 0.290284693 -0.186689973 -0.906126976 0.382683456 -0.18024002 -0.884097099 0.382683456 -0.268188089 -0.915734768 0.290284693 -0.277785301 -0.462338716 -0.881921232 -0.0919649452 -0.54489553 -0.831469595 -0.108386442 -0.53164798 -0.831469595 -0.161273628 -0.451098293 -0.881921232 -0.136839226 -0.961939633 0.195090324 -0.191341728 -0.938552976 0.290284693 -0.186689973 -0.915734768 0.290284693 -0.277785301 -0.938552856 0.195090324 -0.28470695 -0.0961337015 0.99518472 -0.0191221964 0 1 -0 -0.0937964842 0.99518472 -0.0284528695 -0.375329942 -0.923879504 -0.0746577829 -0.462338716 -0.881921232 -0.0919649452 -0.451098293 -0.881921232 -0.136839226 -0.366204858 -0.923879504 -0.111087054 -0.976062119 0.0980171412 -0.194150984 -0.961939633 0.195090324 -0.191341728 -0.938552856 0.195090324 -0.28470695 -0.95233202 0.0980171412 -0.288886905 -0.191341698 0.980785251 -0.0380602181 -0.0961337015 0.99518472 -0.0191221964 -0.0937964842 0.99518472 -0.0284528695 -0.186689779 0.980785251 -0.0566317141 -0.28470695 -0.956940353 -0.0566317439 -0.375329942 -0.923879504 -0.0746577829 -0.366204858 -0.923879504 -0.111087054 -0.277785122 -0.956940353 -0.0842652023 -0.980784953 0 -0.195090547 -0.976062119 0.0980171412 -0.194150984 -0.95233202 0.0980171412 -0.288886905 -0.956939936 0 -0.290284872 -0.28470695 0.956940353 -0.0566317439 -0.191341698 0.980785251 -0.0380602181 -0.186689779 0.980785251 -0.0566317141 -0.277785122 0.956940353 -0.0842652023 -0.191341698 -0.980785251 -0.0380602181 -0.28470695 -0.956940353 -0.0566317439 -0.277785122 -0.956940353 -0.0842652023 -0.186689779 -0.980785251 -0.0566317141 -0.976062119 -0.0980171412 -0.194150984 -0.980784953 0 -0.195090547 -0.956939936 0 -0.290284872 -0.95233202 -0.0980171412 -0.288886905 -0.375329942 0.923879504 -0.0746577829 -0.28470695 0.956940353 -0.0566317439 -0.277785122 0.956940353 -0.0842652023 -0.366204858 0.923879504 -0.111087054 -0.0961337015 -0.99518472 -0.0191221964 -0.191341698 -0.980785251 -0.0380602181 -0.186689779 -0.980785251 -0.0566317141 -0.0937964842 -0.99518472 -0.0284528695 -0.961939633 -0.195090324 -0.191341728 -0.976062119 -0.0980171412 -0.194150984 -0.95233202 -0.0980171412 -0.288886905 -0.938552856 -0.195090324 -0.28470695 -0.462338716 0.881921232 -0.0919649452 -0.375329942 0.923879504 -0.0746577829 -0.366204858 0.923879504 -0.111087054 -0.451098293 0.881921232 -0.136839226 0 -1 -0 -0.0961337015 -0.99518472 -0.0191221964 -0.0937964842 -0.99518472 -0.0284528695 -0.938552976 -0.290284693 -0.186689973 -0.961939633 -0.195090324 -0.191341728 -0.938552856 -0.195090324 -0.28470695 -0.915734768 -0.290284693 -0.277785301 -0.54489553 0.831469595 -0.108386442 -0.462338716 0.881921232 -0.0919649452 -0.451098293 0.881921232 -0.136839226 -0.53164798 0.831469595 -0.161273628 -0.906126976 -0.382683456 -0.18024002 -0.938552976 -0.290284693 -0.186689973 -0.915734768 -0.290284693 -0.277785301 -0.884097099 -0.382683456 -0.268188089 -0.622203529 0.773010433 -0.123763941 -0.54489553 0.831469595 -0.108386442 -0.53164798 0.831469595 -0.161273628 -0.607076466 0.773010433 -0.1841546 -0.864975035 -0.471396744 -0.17205435 -0.906126976 -0.382683456 -0.18024002 -0.884097099 -0.382683456 -0.268188089 -0.843945622 -0.471396744 -0.256008238 -0.693519711 0.707106769 -0.137949809 -0.622203529 0.773010433 -0.123763941 -0.607076466 0.773010433 -0.1841546 -0.676658809 0.707106769 -0.205262363 -0.815493345 -0.555570245 -0.162211537 -0.864975035 -0.471396744 -0.17205435 -0.843945622 -0.471396744 -0.256008238 -0.795666993 -0.555570245 -0.24136278 -0.758157015 0.634393334 -0.150806695 -0.693519711 0.707106769 -0.137949809 -0.676658809 0.707106769 -0.205262363 -0.739724636 0.634393334 -0.224392891 -0.758157015 -0.634393334 -0.150806695 -0.815493345 -0.555570245 -0.162211537 -0.795666993 -0.555570245 -0.24136278 -0.739724636 -0.634393334 -0.224392891 -0.815493345 0.555570245 -0.162211537 -0.758157015 0.634393334 -0.150806695 -0.739724636 0.634393334 -0.224392891 -0.795666993 0.555570245 -0.24136278 -0.607076466 -0.773010433 -0.1841546 -0.676658809 -0.707106769 -0.205262363 -0.653281271 -0.707106769 -0.270598114 -0.586102903 -0.773010433 -0.242771745 -0.884097099 0.382683456 -0.268188089 -0.843945622 0.471396744 -0.256008238 -0.81478858 0.471396744 -0.337496638 -0.853552878 0.382683456 -0.353553355 -0.53164798 -0.831469595 -0.161273628 -0.607076466 -0.773010433 -0.1841546 -0.586102903 -0.773010433 -0.242771745 -0.513280392 -0.831469595 -0.212607667 -0.915734768 0.290284693 -0.277785301 -0.884097099 0.382683456 -0.268188089 -0.853552878 0.382683456 -0.353553355 -0.884097576 0.290284693 -0.366205394 -0.451098293 -0.881921232 -0.136839226 -0.53164798 -0.831469595 -0.161273628 -0.513280392 -0.831469595 -0.212607667 -0.435513526 -0.881921232 -0.180395678 -0.938552856 0.195090324 -0.28470695 -0.915734768 0.290284693 -0.277785301 -0.884097576 0.290284693 -0.366205394 -0.906127274 0.195090324 -0.375330269 -0.0937964842 0.99518472 -0.0284528695 0 1 -0 -0.0905559584 0.99518472 -0.0375095233 -0.366204858 -0.923879504 -0.111087054 -0.451098293 -0.881921232 -0.136839226 -0.435513526 -0.881921232 -0.180395678 -0.353553057 -0.923879504 -0.146446496 -0.95233202 0.0980171412 -0.288886905 -0.938552856 0.195090324 -0.28470695 -0.906127274 0.195090324 -0.375330269 -0.919430435 0.0980171412 -0.380840689 -0.186689779 0.980785251 -0.0566317141 -0.0937964842 0.99518472 -0.0284528695 -0.0905559584 0.99518472 -0.0375095233 -0.180239946 0.980785251 -0.0746578127 -0.277785122 -0.956940353 -0.0842652023 -0.366204858 -0.923879504 -0.111087054 -0.353553057 -0.923879504 -0.146446496 -0.268188059 -0.956940353 -0.111087143 -0.956939936 0 -0.290284872 -0.95233202 0.0980171412 -0.288886905 -0.919430435 0.0980171412 -0.380840689 -0.923879147 0 -0.382683605 -0.277785122 0.956940353 -0.0842652023 -0.186689779 0.980785251 -0.0566317141 -0.180239946 0.980785251 -0.0746578127 -0.268188059 0.956940353 -0.111087143 -0.186689779 -0.980785251 -0.0566317141 -0.277785122 -0.956940353 -0.0842652023 -0.268188059 -0.956940353 -0.111087143 -0.180239946 -0.980785251 -0.0746578127 -0.95233202 -0.0980171412 -0.288886905 -0.956939936 0 -0.290284872 -0.923879147 0 -0.382683605 -0.919430435 -0.0980171412 -0.380840689 -0.366204858 0.923879504 -0.111087054 -0.277785122 0.956940353 -0.0842652023 -0.268188059 0.956940353 -0.111087143 -0.353553057 0.923879504 -0.146446496 -0.0937964842 -0.99518472 -0.0284528695 -0.186689779 -0.980785251 -0.0566317141 -0.180239946 -0.980785251 -0.0746578127 -0.0905559584 -0.99518472 -0.0375095233 -0.938552856 -0.195090324 -0.28470695 -0.95233202 -0.0980171412 -0.288886905 -0.919430435 -0.0980171412 -0.380840689 -0.906127274 -0.195090324 -0.375330269 -0.451098293 0.881921232 -0.136839226 -0.366204858 0.923879504 -0.111087054 -0.353553057 0.923879504 -0.146446496 -0.435513526 0.881921232 -0.180395678 0 -1 -0 -0.0937964842 -0.99518472 -0.0284528695 -0.0905559584 -0.99518472 -0.0375095233 -0.915734768 -0.290284693 -0.277785301 -0.938552856 -0.195090324 -0.28470695 -0.906127274 -0.195090324 -0.375330269 -0.884097576 -0.290284693 -0.366205394 -0.53164798 0.831469595 -0.161273628 -0.451098293 0.881921232 -0.136839226 -0.435513526 0.881921232 -0.180395678 -0.513280392 0.831469595 -0.212607667 -0.884097099 -0.382683456 -0.268188089 -0.915734768 -0.290284693 -0.277785301 -0.884097576 -0.290284693 -0.366205394 -0.853552878 -0.382683456 -0.353553355 -0.607076466 0.773010433 -0.1841546 -0.53164798 0.831469595 -0.161273628 -0.513280392 0.831469595 -0.212607667 -0.586102903 0.773010433 -0.242771745 -0.843945622 -0.471396744 -0.256008238 -0.884097099 -0.382683456 -0.268188089 -0.853552878 -0.382683456 -0.353553355 -0.81478858 -0.471396744 -0.337496638 -0.676658809 0.707106769 -0.205262363 -0.607076466 0.773010433 -0.1841546 -0.586102903 0.773010433 -0.242771745 -0.653281271 0.707106769 -0.270598114 -0.795666993 -0.555570245 -0.24136278 -0.843945622 -0.471396744 -0.256008238 -0.81478858 -0.471396744 -0.337496638 -0.768177927 -0.555570245 -0.318189561 -0.739724636 0.634393334 -0.224392891 -0.676658809 0.707106769 -0.205262363 -0.653281271 0.707106769 -0.270598114 -0.71416831 0.634393334 -0.29581809 -0.739724636 -0.634393334 -0.224392891 -0.795666993 -0.555570245 -0.24136278 -0.768177927 -0.555570245 -0.318189561 -0.71416831 -0.634393334 -0.29581809 -0.795666993 0.555570245 -0.24136278 -0.739724636 0.634393334 -0.224392891 -0.71416831 0.634393334 -0.29581809 -0.768177927 0.555570245 -0.318189561 -0.676658809 -0.707106769 -0.205262363 -0.739724636 -0.634393334 -0.224392891 -0.71416831 -0.634393334 -0.29581809 -0.653281271 -0.707106769 -0.270598114 -0.843945622 0.471396744 -0.256008238 -0.795666993 0.555570245 -0.24136278 -0.768177927 0.555570245 -0.318189561 -0.81478858 0.471396744 -0.337496638 -0.435513526 -0.881921232 -0.180395678 -0.513280392 -0.831469595 -0.212607667 -0.489969641 -0.831469595 -0.261894166 -0.415734529 -0.881921232 -0.222214803 -0.906127274 0.195090324 -0.375330269 -0.884097576 0.290284693 -0.366205394 -0.84394598 0.290284693 -0.45109874 -0.864975214 0.195090324 -0.462338924 -0.0905559584 0.99518472 -0.0375095233 0 1 -0 -0.0864433274 0.99518472 -0.0462049395 -0.353553057 -0.923879504 -0.146446496 -0.435513526 -0.881921232 -0.180395678 -0.415734529 -0.881921232 -0.222214803 -0.33749634 -0.923879504 -0.180395573 -0.919430435 0.0980171412 -0.380840689 -0.906127274 0.195090324 -0.375330269 -0.864975214 0.195090324 -0.462338924 -0.877674222 0.0980171412 -0.469126761 -0.180239946 0.980785251 -0.0746578127 -0.0905559584 0.99518472 -0.0375095233 -0.0864433274 0.99518472 -0.0462049395 -0.172054291 0.980785251 -0.0919649154 -0.268188059 -0.956940353 -0.111087143 -0.353553057 -0.923879504 -0.146446496 -0.33749634 -0.923879504 -0.180395573 -0.256008208 -0.956940353 -0.136839256 -0.923879147 0 -0.382683605 -0.919430435 0.0980171412 -0.380840689 -0.877674222 0.0980171412 -0.469126761 -0.881920874 0 -0.471396863 -0.268188059 0.956940353 -0.111087143 -0.180239946 0.980785251 -0.0746578127 -0.172054291 0.980785251 -0.0919649154 -0.256008208 0.956940353 -0.136839256 -0.180239946 -0.980785251 -0.0746578127 -0.268188059 -0.956940353 -0.111087143 -0.256008208 -0.956940353 -0.136839256 -0.172054291 -0.980785251 -0.0919649154 -0.919430435 -0.0980171412 -0.380840689 -0.923879147 0 -0.382683605 -0.881920874 0 -0.471396863 -0.877674222 -0.0980171412 -0.469126761 -0.353553057 0.923879504 -0.146446496 -0.268188059 0.956940353 -0.111087143 -0.256008208 0.956940353 -0.136839256 -0.33749634 0.923879504 -0.180395573 -0.0905559584 -0.99518472 -0.0375095233 -0.180239946 -0.980785251 -0.0746578127 -0.172054291 -0.980785251 -0.0919649154 -0.0864433274 -0.99518472 -0.0462049395 -0.906127274 -0.195090324 -0.375330269 -0.919430435 -0.0980171412 -0.380840689 -0.877674222 -0.0980171412 -0.469126761 -0.864975214 -0.195090324 -0.462338924 -0.435513526 0.881921232 -0.180395678 -0.353553057 0.923879504 -0.146446496 -0.33749634 0.923879504 -0.180395573 -0.415734529 0.881921232 -0.222214803 0 -1 -0 -0.0905559584 -0.99518472 -0.0375095233 -0.0864433274 -0.99518472 -0.0462049395 -0.884097576 -0.290284693 -0.366205394 -0.906127274 -0.195090324 -0.375330269 -0.864975214 -0.195090324 -0.462338924 -0.84394598 -0.290284693 -0.45109874 -0.513280392 0.831469595 -0.212607667 -0.435513526 0.881921232 -0.180395678 -0.415734529 0.881921232 -0.222214803 -0.489969641 0.831469595 -0.261894166 -0.853552878 -0.382683456 -0.353553355 -0.884097576 -0.290284693 -0.366205394 -0.84394598 -0.290284693 -0.45109874 -0.814788461 -0.382683456 -0.435513705 -0.586102903 0.773010433 -0.242771745 -0.513280392 0.831469595 -0.212607667 -0.489969641 0.831469595 -0.261894166 -0.559484899 0.773010433 -0.299050868 -0.81478858 -0.471396744 -0.337496638 -0.853552878 -0.382683456 -0.353553355 -0.814788461 -0.382683456 -0.435513705 -0.777784705 -0.471396744 -0.415734738 -0.653281271 0.707106769 -0.270598114 -0.586102903 0.773010433 -0.242771745 -0.559484899 0.773010433 -0.299050868 -0.623612285 0.707106769 -0.33332786 -0.768177927 -0.555570245 -0.318189561 -0.81478858 -0.471396744 -0.337496638 -0.777784705 -0.471396744 -0.415734738 -0.733290911 -0.555570245 -0.391952008 -0.71416831 0.634393334 -0.29581809 -0.653281271 0.707106769 -0.270598114 -0.623612285 0.707106769 -0.33332786 -0.681734145 0.634393334 -0.364394367 -0.71416831 -0.634393334 -0.29581809 -0.768177927 -0.555570245 -0.318189561 -0.733290911 -0.555570245 -0.391952008 -0.681734145 -0.634393334 -0.364394367 -0.768177927 0.555570245 -0.318189561 -0.71416831 0.634393334 -0.29581809 -0.681734145 0.634393334 -0.364394367 -0.733290911 0.555570245 -0.391952008 -0.653281271 -0.707106769 -0.270598114 -0.71416831 -0.634393334 -0.29581809 -0.681734145 -0.634393334 -0.364394367 -0.623612285 -0.707106769 -0.33332786 -0.81478858 0.471396744 -0.337496638 -0.768177927 0.555570245 -0.318189561 -0.733290911 0.555570245 -0.391952008 -0.777784705 0.471396744 -0.415734738 -0.586102903 -0.773010433 -0.242771745 -0.653281271 -0.707106769 -0.270598114 -0.623612285 -0.707106769 -0.33332786 -0.559484899 -0.773010433 -0.299050868 -0.853552878 0.382683456 -0.353553355 -0.81478858 0.471396744 -0.337496638 -0.777784705 0.471396744 -0.415734738 -0.814788461 0.382683456 -0.435513705 -0.513280392 -0.831469595 -0.212607667 -0.586102903 -0.773010433 -0.242771745 -0.559484899 -0.773010433 -0.299050868 -0.489969641 -0.831469595 -0.261894166 -0.884097576 0.290284693 -0.366205394 -0.853552878 0.382683456 -0.353553355 -0.814788461 0.382683456 -0.435513705 -0.84394598 0.290284693 -0.45109874 -0.172054291 0.980785251 -0.0919649154 -0.0864433274 0.99518472 -0.0462049395 -0.0814982057 0.99518472 -0.0544553772 -0.162211657 0.980785251 -0.108386345 -0.256008208 -0.956940353 -0.136839256 -0.33749634 -0.923879504 -0.180395573 -0.318189323 -0.923879504 -0.212607354 -0.24136287 -0.956940353 -0.161273539 -0.881920874 0 -0.471396863 -0.877674222 0.0980171412 -0.469126761 -0.827465475 0.0980171412 -0.55289489 -0.831469178 0 -0.555570364 -0.256008208 0.956940353 -0.136839256 -0.172054291 0.980785251 -0.0919649154 -0.162211657 0.980785251 -0.108386345 -0.24136287 0.956940353 -0.161273539 -0.172054291 -0.980785251 -0.0919649154 -0.256008208 -0.956940353 -0.136839256 -0.24136287 -0.956940353 -0.161273539 -0.162211657 -0.980785251 -0.108386345 -0.877674222 -0.0980171412 -0.469126761 -0.881920874 0 -0.471396863 -0.831469178 0 -0.555570364 -0.827465475 -0.0980171412 -0.55289489 -0.33749634 0.923879504 -0.180395573 -0.256008208 0.956940353 -0.136839256 -0.24136287 0.956940353 -0.161273539 -0.318189323 0.923879504 -0.212607354 -0.0864433274 -0.99518472 -0.0462049395 -0.172054291 -0.980785251 -0.0919649154 -0.162211657 -0.980785251 -0.108386345 -0.0814982057 -0.99518472 -0.0544553772 -0.864975214 -0.195090324 -0.462338924 -0.877674222 -0.0980171412 -0.469126761 -0.827465475 -0.0980171412 -0.55289489 -0.815492988 -0.195090324 -0.544895053 -0.415734529 0.881921232 -0.222214803 -0.33749634 0.923879504 -0.180395573 -0.318189323 0.923879504 -0.212607354 -0.391951799 0.881921232 -0.261893898 0 -1 -0 -0.0864433274 -0.99518472 -0.0462049395 -0.0814982057 -0.99518472 -0.0544553772 -0.84394598 -0.290284693 -0.45109874 -0.864975214 -0.195090324 -0.462338924 -0.815492988 -0.195090324 -0.544895053 -0.795666754 -0.290284693 -0.531647742 -0.489969641 0.831469595 -0.261894166 -0.415734529 0.881921232 -0.222214803 -0.391951799 0.881921232 -0.261893898 -0.461940199 0.831469595 -0.30865851 -0.814788461 -0.382683456 -0.435513705 -0.84394598 -0.290284693 -0.45109874 -0.795666754 -0.290284693 -0.531647742 -0.768177211 -0.382683456 -0.513279796 -0.559484899 0.773010433 -0.299050868 -0.489969641 0.831469595 -0.261894166 -0.461940199 0.831469595 -0.30865851 -0.527478695 0.773010433 -0.352449954 -0.777784705 -0.471396744 -0.415734738 -0.814788461 -0.382683456 -0.435513705 -0.768177211 -0.382683456 -0.513279796 -0.733290315 -0.471396744 -0.489969075 -0.623612285 0.707106769 -0.33332786 -0.559484899 0.773010433 -0.299050868 -0.527478695 0.773010433 -0.352449954 -0.587937534 0.707106769 -0.392847478 -0.733290911 -0.555570245 -0.391952008 -0.777784705 -0.471396744 -0.415734738 -0.733290315 -0.471396744 -0.489969075 -0.691341937 -0.555570245 -0.461939752 -0.681734145 0.634393334 -0.364394367 -0.623612285 0.707106769 -0.33332786 -0.587937534 0.707106769 -0.392847478 -0.642734528 0.634393334 -0.42946133 -0.681734145 -0.634393334 -0.364394367 -0.733290911 -0.555570245 -0.391952008 -0.691341937 -0.555570245 -0.461939752 -0.642734528 -0.634393334 -0.42946133 -0.733290911 0.555570245 -0.391952008 -0.681734145 0.634393334 -0.364394367 -0.642734528 0.634393334 -0.42946133 -0.691341937 0.555570245 -0.461939752 -0.623612285 -0.707106769 -0.33332786 -0.681734145 -0.634393334 -0.364394367 -0.642734528 -0.634393334 -0.42946133 -0.587937534 -0.707106769 -0.392847478 -0.777784705 0.471396744 -0.415734738 -0.733290911 0.555570245 -0.391952008 -0.691341937 0.555570245 -0.461939752 -0.733290315 0.471396744 -0.489969075 -0.559484899 -0.773010433 -0.299050868 -0.623612285 -0.707106769 -0.33332786 -0.587937534 -0.707106769 -0.392847478 -0.527478695 -0.773010433 -0.352449954 -0.814788461 0.382683456 -0.435513705 -0.777784705 0.471396744 -0.415734738 -0.733290315 0.471396744 -0.489969075 -0.768177211 0.382683456 -0.513279796 -0.489969641 -0.831469595 -0.261894166 -0.559484899 -0.773010433 -0.299050868 -0.527478695 -0.773010433 -0.352449954 -0.461940199 -0.831469595 -0.30865851 -0.84394598 0.290284693 -0.45109874 -0.814788461 0.382683456 -0.435513705 -0.768177211 0.382683456 -0.513279796 -0.795666754 0.290284693 -0.531647742 -0.415734529 -0.881921232 -0.222214803 -0.489969641 -0.831469595 -0.261894166 -0.461940199 -0.831469595 -0.30865851 -0.391951799 -0.881921232 -0.261893898 -0.864975214 0.195090324 -0.462338924 -0.84394598 0.290284693 -0.45109874 -0.795666754 0.290284693 -0.531647742 -0.815492988 0.195090324 -0.544895053 -0.0864433274 0.99518472 -0.0462049395 0 1 -0 -0.0814982057 0.99518472 -0.0544553772 -0.33749634 -0.923879504 -0.180395573 -0.415734529 -0.881921232 -0.222214803 -0.391951799 -0.881921232 -0.261893898 -0.318189323 -0.923879504 -0.212607354 -0.877674222 0.0980171412 -0.469126761 -0.864975214 0.195090324 -0.462338924 -0.815492988 0.195090324 -0.544895053 -0.827465475 0.0980171412 -0.55289489 -0.318189323 0.923879504 -0.212607354 -0.24136287 0.956940353 -0.161273539 -0.22439307 0.956940353 -0.18415466 -0.295818001 0.923879504 -0.242771596 -0.0814982057 -0.99518472 -0.0544553772 -0.162211657 -0.980785251 -0.108386345 -0.150806844 -0.980785251 -0.123763956 -0.07576821 -0.99518472 -0.0621813796 -0.815492988 -0.195090324 -0.544895053 -0.827465475 -0.0980171412 -0.55289489 -0.769287825 -0.0980171412 -0.631338358 -0.758157134 -0.195090324 -0.622203529 -0.391951799 0.881921232 -0.261893898 -0.318189323 0.923879504 -0.212607354 -0.295818001 0.923879504 -0.242771596 -0.364394367 0.881921232 -0.299050808 0 -1 -0 -0.0814982057 -0.99518472 -0.0544553772 -0.07576821 -0.99518472 -0.0621813796 -0.795666754 -0.290284693 -0.531647742 -0.815492988 -0.195090324 -0.544895053 -0.758157134 -0.195090324 -0.622203529 -0.739724755 -0.290284693 -0.607076705 -0.461940199 0.831469595 -0.30865851 -0.391951799 0.881921232 -0.261893898 -0.364394367 0.881921232 -0.299050808 -0.429461986 0.831469595 -0.352450311 -0.768177211 -0.382683456 -0.513279796 -0.795666754 -0.290284693 -0.531647742 -0.739724755 -0.290284693 -0.607076705 -0.714168012 -0.382683456 -0.586102784 -0.527478695 0.773010433 -0.352449954 -0.461940199 0.831469595 -0.30865851 -0.429461986 0.831469595 -0.352450311 -0.490392625 0.773010433 -0.402454764 -0.733290315 -0.471396744 -0.489969075 -0.768177211 -0.382683456 -0.513279796 -0.714168012 -0.382683456 -0.586102784 -0.681733966 -0.471396744 -0.55948478 -0.587937534 0.707106769 -0.392847478 -0.527478695 0.773010433 -0.352449954 -0.490392625 0.773010433 -0.402454764 -0.54660064 0.707106769 -0.448583752 -0.691341937 -0.555570245 -0.461939752 -0.733290315 -0.471396744 -0.489969075 -0.681733966 -0.471396744 -0.55948478 -0.642734945 -0.555570245 -0.527478755 -0.642734528 0.634393334 -0.42946133 -0.587937534 0.707106769 -0.392847478 -0.54660064 0.707106769 -0.448583752 -0.597544968 0.634393334 -0.490392357 -0.642734528 -0.634393334 -0.42946133 -0.691341937 -0.555570245 -0.461939752 -0.642734945 -0.555570245 -0.527478755 -0.597544968 -0.634393334 -0.490392357 -0.691341937 0.555570245 -0.461939752 -0.642734528 0.634393334 -0.42946133 -0.597544968 0.634393334 -0.490392357 -0.642734945 0.555570245 -0.527478755 -0.587937534 -0.707106769 -0.392847478 -0.642734528 -0.634393334 -0.42946133 -0.597544968 -0.634393334 -0.490392357 -0.54660064 -0.707106769 -0.448583752 -0.733290315 0.471396744 -0.489969075 -0.691341937 0.555570245 -0.461939752 -0.642734945 0.555570245 -0.527478755 -0.681733966 0.471396744 -0.55948478 -0.527478695 -0.773010433 -0.352449954 -0.587937534 -0.707106769 -0.392847478 -0.54660064 -0.707106769 -0.448583752 -0.490392625 -0.773010433 -0.402454764 -0.768177211 0.382683456 -0.513279796 -0.733290315 0.471396744 -0.489969075 -0.681733966 0.471396744 -0.55948478 -0.714168012 0.382683456 -0.586102784 -0.461940199 -0.831469595 -0.30865851 -0.527478695 -0.773010433 -0.352449954 -0.490392625 -0.773010433 -0.402454764 -0.429461986 -0.831469595 -0.352450311 -0.795666754 0.290284693 -0.531647742 -0.768177211 0.382683456 -0.513279796 -0.714168012 0.382683456 -0.586102784 -0.739724755 0.290284693 -0.607076705 -0.391951799 -0.881921232 -0.261893898 -0.461940199 -0.831469595 -0.30865851 -0.429461986 -0.831469595 -0.352450311 -0.364394367 -0.881921232 -0.299050808 -0.815492988 0.195090324 -0.544895053 -0.795666754 0.290284693 -0.531647742 -0.739724755 0.290284693 -0.607076705 -0.758157134 0.195090324 -0.622203529 -0.0814982057 0.99518472 -0.0544553772 0 1 -0 -0.07576821 0.99518472 -0.0621813796 -0.318189323 -0.923879504 -0.212607354 -0.391951799 -0.881921232 -0.261893898 -0.364394367 -0.881921232 -0.299050808 -0.295818001 -0.923879504 -0.242771596 -0.827465475 0.0980171412 -0.55289489 -0.815492988 0.195090324 -0.544895053 -0.758157134 0.195090324 -0.622203529 -0.769287825 0.0980171412 -0.631338358 -0.162211657 0.980785251 -0.108386345 -0.0814982057 0.99518472 -0.0544553772 -0.07576821 0.99518472 -0.0621813796 -0.150806844 0.980785251 -0.123763956 -0.24136287 -0.956940353 -0.161273539 -0.318189323 -0.923879504 -0.212607354 -0.295818001 -0.923879504 -0.242771596 -0.22439307 -0.956940353 -0.18415466 -0.831469178 0 -0.555570364 -0.827465475 0.0980171412 -0.55289489 -0.769287825 0.0980171412 -0.631338358 -0.773010015 0 -0.634393334 -0.24136287 0.956940353 -0.161273539 -0.162211657 0.980785251 -0.108386345 -0.150806844 0.980785251 -0.123763956 -0.22439307 0.956940353 -0.18415466 -0.162211657 -0.980785251 -0.108386345 -0.24136287 -0.956940353 -0.161273539 -0.22439307 -0.956940353 -0.18415466 -0.150806844 -0.980785251 -0.123763956 -0.827465475 -0.0980171412 -0.55289489 -0.831469178 0 -0.555570364 -0.773010015 0 -0.634393334 -0.769287825 -0.0980171412 -0.631338358 -0.429461986 0.831469595 -0.352450311 -0.364394367 0.881921232 -0.299050808 -0.333327591 0.881921232 -0.333327681 -0.392847836 0.831469595 -0.392847806 -0.714168012 -0.382683456 -0.586102784 -0.739724755 -0.290284693 -0.607076705 -0.676658869 -0.290284693 -0.676659167 -0.653280973 -0.382683456 -0.653281271 -0.490392625 0.773010433 -0.402454764 -0.429461986 0.831469595 -0.352450311 -0.392847836 0.831469595 -0.392847806 -0.448583782 0.773010433 -0.448583722 -0.681733966 -0.471396744 -0.55948478 -0.714168012 -0.382683456 -0.586102784 -0.653280973 -0.382683456 -0.653281271 -0.623612165 -0.471396744 -0.623612344 -0.54660064 0.707106769 -0.448583752 -0.490392625 0.773010433 -0.402454764 -0.448583782 0.773010433 -0.448583722 -0.499999732 0.707106769 -0.49999994 -0.642734945 -0.555570245 -0.527478755 -0.681733966 -0.471396744 -0.55948478 -0.623612165 -0.471396744 -0.623612344 -0.587938011 -0.555570245 -0.587937832 -0.597544968 0.634393334 -0.490392357 -0.54660064 0.707106769 -0.448583752 -0.499999732 0.707106769 -0.49999994 -0.546600759 0.634393334 -0.54660064 -0.597544968 -0.634393334 -0.490392357 -0.642734945 -0.555570245 -0.527478755 -0.587938011 -0.555570245 -0.587937832 -0.546600759 -0.634393334 -0.54660064 -0.642734945 0.555570245 -0.527478755 -0.597544968 0.634393334 -0.490392357 -0.546600759 0.634393334 -0.54660064 -0.587938011 0.555570245 -0.587937832 -0.54660064 -0.707106769 -0.448583752 -0.597544968 -0.634393334 -0.490392357 -0.546600759 -0.634393334 -0.54660064 -0.499999732 -0.707106769 -0.49999994 -0.681733966 0.471396744 -0.55948478 -0.642734945 0.555570245 -0.527478755 -0.587938011 0.555570245 -0.587937832 -0.623612165 0.471396744 -0.623612344 -0.490392625 -0.773010433 -0.402454764 -0.54660064 -0.707106769 -0.448583752 -0.499999732 -0.707106769 -0.49999994 -0.448583782 -0.773010433 -0.448583722 -0.714168012 0.382683456 -0.586102784 -0.681733966 0.471396744 -0.55948478 -0.623612165 0.471396744 -0.623612344 -0.653280973 0.382683456 -0.653281271 -0.429461986 -0.831469595 -0.352450311 -0.490392625 -0.773010433 -0.402454764 -0.448583782 -0.773010433 -0.448583722 -0.392847836 -0.831469595 -0.392847806 -0.739724755 0.290284693 -0.607076705 -0.714168012 0.382683456 -0.586102784 -0.653280973 0.382683456 -0.653281271 -0.676658869 0.290284693 -0.676659167 -0.364394367 -0.881921232 -0.299050808 -0.429461986 -0.831469595 -0.352450311 -0.392847836 -0.831469595 -0.392847806 -0.333327591 -0.881921232 -0.333327681 -0.758157134 0.195090324 -0.622203529 -0.739724755 0.290284693 -0.607076705 -0.676658869 0.290284693 -0.676659167 -0.693519771 0.195090324 -0.693519831 -0.07576821 0.99518472 -0.0621813796 0 1 -0 -0.0693085194 0.99518472 -0.0693085417 -0.295818001 -0.923879504 -0.242771596 -0.364394367 -0.881921232 -0.299050808 -0.333327591 -0.881921232 -0.333327681 -0.270597786 -0.923879504 -0.270597816 -0.769287825 0.0980171412 -0.631338358 -0.758157134 0.195090324 -0.622203529 -0.693519771 0.195090324 -0.693519831 -0.703701556 0.0980171412 -0.703701675 -0.150806844 0.980785251 -0.123763956 -0.07576821 0.99518472 -0.0621813796 -0.0693085194 0.99518472 -0.0693085417 -0.137949675 0.980785251 -0.13794966 -0.22439307 -0.956940353 -0.18415466 -0.295818001 -0.923879504 -0.242771596 -0.270597786 -0.923879504 -0.270597816 -0.205262244 -0.956940353 -0.205262274 -0.773010015 0 -0.634393334 -0.769287825 0.0980171412 -0.631338358 -0.703701556 0.0980171412 -0.703701675 -0.707106352 0 -0.707106769 -0.22439307 0.956940353 -0.18415466 -0.150806844 0.980785251 -0.123763956 -0.137949675 0.980785251 -0.13794966 -0.205262244 0.956940353 -0.205262274 -0.150806844 -0.980785251 -0.123763956 -0.22439307 -0.956940353 -0.18415466 -0.205262244 -0.956940353 -0.205262274 -0.137949675 -0.980785251 -0.13794966 -0.769287825 -0.0980171412 -0.631338358 -0.773010015 0 -0.634393334 -0.707106352 0 -0.707106769 -0.703701556 -0.0980171412 -0.703701675 -0.295818001 0.923879504 -0.242771596 -0.22439307 0.956940353 -0.18415466 -0.205262244 0.956940353 -0.205262274 -0.270597786 0.923879504 -0.270597816 -0.07576821 -0.99518472 -0.0621813796 -0.150806844 -0.980785251 -0.123763956 -0.137949675 -0.980785251 -0.13794966 -0.0693085194 -0.99518472 -0.0693085417 -0.758157134 -0.195090324 -0.622203529 -0.769287825 -0.0980171412 -0.631338358 -0.703701556 -0.0980171412 -0.703701675 -0.693519771 -0.195090324 -0.693519831 -0.364394367 0.881921232 -0.299050808 -0.295818001 0.923879504 -0.242771596 -0.270597786 0.923879504 -0.270597816 -0.333327591 0.881921232 -0.333327681 0 -1 -0 -0.07576821 -0.99518472 -0.0621813796 -0.0693085194 -0.99518472 -0.0693085417 -0.739724755 -0.290284693 -0.607076705 -0.758157134 -0.195090324 -0.622203529 -0.693519771 -0.195090324 -0.693519831 -0.676658869 -0.290284693 -0.676659167 -0.499999732 0.707106769 -0.49999994 -0.448583782 0.773010433 -0.448583722 -0.402454853 0.773010433 -0.490392566 -0.448583543 0.707106769 -0.546600819 -0.587938011 -0.555570245 -0.587937832 -0.623612165 -0.471396744 -0.623612344 -0.559484601 -0.471396744 -0.681734145 -0.527478933 -0.555570245 -0.642734706 -0.546600759 0.634393334 -0.54660064 -0.499999732 0.707106769 -0.49999994 -0.448583543 0.707106769 -0.546600819 -0.490392506 0.634393334 -0.597544849 -0.546600759 -0.634393334 -0.54660064 -0.587938011 -0.555570245 -0.587937832 -0.527478933 -0.555570245 -0.642734706 -0.490392506 -0.634393334 -0.597544849 -0.587938011 0.555570245 -0.587937832 -0.546600759 0.634393334 -0.54660064 -0.490392506 0.634393334 -0.597544849 -0.527478933 0.555570245 -0.642734706 -0.499999732 -0.707106769 -0.49999994 -0.546600759 -0.634393334 -0.54660064 -0.490392506 -0.634393334 -0.597544849 -0.448583543 -0.707106769 -0.546600819 -0.623612165 0.471396744 -0.623612344 -0.587938011 0.555570245 -0.587937832 -0.527478933 0.555570245 -0.642734706 -0.559484601 0.471396744 -0.681734145 -0.448583782 -0.773010433 -0.448583722 -0.499999732 -0.707106769 -0.49999994 -0.448583543 -0.707106769 -0.546600819 -0.402454853 -0.773010433 -0.490392566 -0.653280973 0.382683456 -0.653281271 -0.623612165 0.471396744 -0.623612344 -0.559484601 0.471396744 -0.681734145 -0.586102486 0.382683456 -0.714168251 -0.392847836 -0.831469595 -0.392847806 -0.448583782 -0.773010433 -0.448583722 -0.402454853 -0.773010433 -0.490392566 -0.352450341 -0.831469595 -0.429461956 -0.676658869 0.290284693 -0.676659167 -0.653280973 0.382683456 -0.653281271 -0.586102486 0.382683456 -0.714168251 -0.607076406 0.290284693 -0.739725053 -0.333327591 -0.881921232 -0.333327681 -0.392847836 -0.831469595 -0.392847806 -0.352450341 -0.831469595 -0.429461956 -0.299050689 -0.881921232 -0.364394426 -0.693519771 0.195090324 -0.693519831 -0.676658869 0.290284693 -0.676659167 -0.607076406 0.290284693 -0.739725053 -0.622203469 0.195090324 -0.758157194 -0.0693085194 0.99518472 -0.0693085417 0 1 -0 -0.0621813536 0.99518472 -0.0757682249 -0.270597786 -0.923879504 -0.270597816 -0.333327591 -0.881921232 -0.333327681 -0.299050689 -0.881921232 -0.364394426 -0.242771536 -0.923879504 -0.295818031 -0.703701556 0.0980171412 -0.703701675 -0.693519771 0.195090324 -0.693519831 -0.622203469 0.195090324 -0.758157194 -0.631338239 0.0980171412 -0.769287944 -0.137949675 0.980785251 -0.13794966 -0.0693085194 0.99518472 -0.0693085417 -0.0621813536 0.99518472 -0.0757682249 -0.123763978 0.980785251 -0.150806829 -0.205262244 -0.956940353 -0.205262274 -0.270597786 -0.923879504 -0.270597816 -0.242771536 -0.923879504 -0.295818031 -0.18415463 -0.956940353 -0.2243931 -0.707106352 0 -0.707106769 -0.703701556 0.0980171412 -0.703701675 -0.631338239 0.0980171412 -0.769287944 -0.634392858 0 -0.773010373 -0.205262244 0.956940353 -0.205262274 -0.137949675 0.980785251 -0.13794966 -0.123763978 0.980785251 -0.150806829 -0.18415463 0.956940353 -0.2243931 -0.137949675 -0.980785251 -0.13794966 -0.205262244 -0.956940353 -0.205262274 -0.18415463 -0.956940353 -0.2243931 -0.123763978 -0.980785251 -0.150806829 -0.703701556 -0.0980171412 -0.703701675 -0.707106352 0 -0.707106769 -0.634392858 0 -0.773010373 -0.631338239 -0.0980171412 -0.769287944 -0.270597786 0.923879504 -0.270597816 -0.205262244 0.956940353 -0.205262274 -0.18415463 0.956940353 -0.2243931 -0.242771536 0.923879504 -0.295818031 -0.0693085194 -0.99518472 -0.0693085417 -0.137949675 -0.980785251 -0.13794966 -0.123763978 -0.980785251 -0.150806829 -0.0621813536 -0.99518472 -0.0757682249 -0.693519771 -0.195090324 -0.693519831 -0.703701556 -0.0980171412 -0.703701675 -0.631338239 -0.0980171412 -0.769287944 -0.622203469 -0.195090324 -0.758157194 -0.333327591 0.881921232 -0.333327681 -0.270597786 0.923879504 -0.270597816 -0.242771536 0.923879504 -0.295818031 -0.299050689 0.881921232 -0.364394426 0 -1 -0 -0.0693085194 -0.99518472 -0.0693085417 -0.0621813536 -0.99518472 -0.0757682249 -0.676658869 -0.290284693 -0.676659167 -0.693519771 -0.195090324 -0.693519831 -0.622203469 -0.195090324 -0.758157194 -0.607076406 -0.290284693 -0.739725053 -0.392847836 0.831469595 -0.392847806 -0.333327591 0.881921232 -0.333327681 -0.299050689 0.881921232 -0.364394426 -0.352450341 0.831469595 -0.429461956 -0.653280973 -0.382683456 -0.653281271 -0.676658869 -0.290284693 -0.676659167 -0.607076406 -0.290284693 -0.739725053 -0.586102486 -0.382683456 -0.714168251 -0.448583782 0.773010433 -0.448583722 -0.392847836 0.831469595 -0.392847806 -0.352450341 0.831469595 -0.429461956 -0.402454853 0.773010433 -0.490392566 -0.623612165 -0.471396744 -0.623612344 -0.653280973 -0.382683456 -0.653281271 -0.586102486 -0.382683456 -0.714168251 -0.559484601 -0.471396744 -0.681734145 -0.527478933 0.555570245 -0.642734706 -0.490392506 0.634393334 -0.597544849 -0.429461479 0.634393334 -0.642734349 -0.461939991 0.555570245 -0.691341698 -0.448583543 -0.707106769 -0.546600819 -0.490392506 -0.634393334 -0.597544849 -0.429461479 -0.634393334 -0.642734349 -0.39284724 -0.707106769 -0.587937653 -0.559484601 0.471396744 -0.681734145 -0.527478933 0.555570245 -0.642734706 -0.461939991 0.555570245 -0.691341698 -0.489968896 0.471396744 -0.733290493 -0.402454853 -0.773010433 -0.490392566 -0.448583543 -0.707106769 -0.546600819 -0.39284724 -0.707106769 -0.587937653 -0.352450043 -0.773010433 -0.527478635 -0.586102486 0.382683456 -0.714168251 -0.559484601 0.471396744 -0.681734145 -0.489968896 0.471396744 -0.733290493 -0.513279557 0.382683456 -0.76817739 -0.352450341 -0.831469595 -0.429461956 -0.402454853 -0.773010433 -0.490392566 -0.352450043 -0.773010433 -0.527478635 -0.30865854 -0.831469595 -0.46194014 -0.607076406 0.290284693 -0.739725053 -0.586102486 0.382683456 -0.714168251 -0.513279557 0.382683456 -0.76817739 -0.531647444 0.290284693 -0.795666993 -0.299050689 -0.881921232 -0.364394426 -0.352450341 -0.831469595 -0.429461956 -0.30865854 -0.831469595 -0.46194014 -0.261893779 -0.881921232 -0.391951859 -0.622203469 0.195090324 -0.758157194 -0.607076406 0.290284693 -0.739725053 -0.531647444 0.290284693 -0.795666993 -0.544894993 0.195090324 -0.815493047 -0.0621813536 0.99518472 -0.0757682249 0 1 -0 -0.0544553474 0.99518472 -0.0814982131 -0.242771536 -0.923879504 -0.295818031 -0.299050689 -0.881921232 -0.364394426 -0.261893779 -0.881921232 -0.391951859 -0.212607294 -0.923879504 -0.318189353 -0.631338239 0.0980171412 -0.769287944 -0.622203469 0.195090324 -0.758157194 -0.544894993 0.195090324 -0.815493047 -0.552894771 0.0980171412 -0.827465594 -0.123763978 0.980785251 -0.150806829 -0.0621813536 0.99518472 -0.0757682249 -0.0544553474 0.99518472 -0.0814982131 -0.108386368 0.980785251 -0.162211642 -0.18415463 -0.956940353 -0.2243931 -0.242771536 -0.923879504 -0.295818031 -0.212607294 -0.923879504 -0.318189353 -0.161273509 -0.956940353 -0.2413629 -0.634392858 0 -0.773010373 -0.631338239 0.0980171412 -0.769287944 -0.552894771 0.0980171412 -0.827465594 -0.555569768 0 -0.831469476 -0.18415463 0.956940353 -0.2243931 -0.123763978 0.980785251 -0.150806829 -0.108386368 0.980785251 -0.162211642 -0.161273509 0.956940353 -0.2413629 -0.123763978 -0.980785251 -0.150806829 -0.18415463 -0.956940353 -0.2243931 -0.161273509 -0.956940353 -0.2413629 -0.108386368 -0.980785251 -0.162211642 -0.631338239 -0.0980171412 -0.769287944 -0.634392858 0 -0.773010373 -0.555569768 0 -0.831469476 -0.552894771 -0.0980171412 -0.827465594 -0.242771536 0.923879504 -0.295818031 -0.18415463 0.956940353 -0.2243931 -0.161273509 0.956940353 -0.2413629 -0.212607294 0.923879504 -0.318189353 -0.0621813536 -0.99518472 -0.0757682249 -0.123763978 -0.980785251 -0.150806829 -0.108386368 -0.980785251 -0.162211642 -0.0544553474 -0.99518472 -0.0814982131 -0.622203469 -0.195090324 -0.758157194 -0.631338239 -0.0980171412 -0.769287944 -0.552894771 -0.0980171412 -0.827465594 -0.544894993 -0.195090324 -0.815493047 -0.299050689 0.881921232 -0.364394426 -0.242771536 0.923879504 -0.295818031 -0.212607294 0.923879504 -0.318189353 -0.261893779 0.881921232 -0.391951859 0 -1 -0 -0.0621813536 -0.99518472 -0.0757682249 -0.0544553474 -0.99518472 -0.0814982131 -0.607076406 -0.290284693 -0.739725053 -0.622203469 -0.195090324 -0.758157194 -0.544894993 -0.195090324 -0.815493047 -0.531647444 -0.290284693 -0.795666993 -0.352450341 0.831469595 -0.429461956 -0.299050689 0.881921232 -0.364394426 -0.261893779 0.881921232 -0.391951859 -0.30865854 0.831469595 -0.46194014 -0.586102486 -0.382683456 -0.714168251 -0.607076406 -0.290284693 -0.739725053 -0.531647444 -0.290284693 -0.795666993 -0.513279557 -0.382683456 -0.76817739 -0.402454853 0.773010433 -0.490392566 -0.352450341 0.831469595 -0.429461956 -0.30865854 0.831469595 -0.46194014 -0.352450043 0.773010433 -0.527478635 -0.559484601 -0.471396744 -0.681734145 -0.586102486 -0.382683456 -0.714168251 -0.513279557 -0.382683456 -0.76817739 -0.489968896 -0.471396744 -0.733290493 -0.448583543 0.707106769 -0.546600819 -0.402454853 0.773010433 -0.490392566 -0.352450043 0.773010433 -0.527478635 -0.39284724 0.707106769 -0.587937653 -0.527478933 -0.555570245 -0.642734706 -0.559484601 -0.471396744 -0.681734145 -0.489968896 -0.471396744 -0.733290493 -0.461939991 -0.555570245 -0.691341698 -0.490392506 0.634393334 -0.597544849 -0.448583543 0.707106769 -0.546600819 -0.39284724 0.707106769 -0.587937653 -0.429461479 0.634393334 -0.642734349 -0.490392506 -0.634393334 -0.597544849 -0.527478933 -0.555570245 -0.642734706 -0.461939991 -0.555570245 -0.691341698 -0.429461479 -0.634393334 -0.642734349 -0.513279557 0.382683456 -0.76817739 -0.489968896 0.471396744 -0.733290493 -0.415734529 0.471396744 -0.777784884 -0.435513437 0.382683456 -0.81478858 -0.30865854 -0.831469595 -0.46194014 -0.352450043 -0.773010433 -0.527478635 -0.299050927 -0.773010433 -0.559484839 -0.261894226 -0.831469595 -0.489969581 -0.531647444 0.290284693 -0.795666993 -0.513279557 0.382683456 -0.76817739 -0.435513437 0.382683456 -0.81478858 -0.451098412 0.290284693 -0.843946159 -0.261893779 -0.881921232 -0.391951859 -0.30865854 -0.831469595 -0.46194014 -0.261894226 -0.831469595 -0.489969581 -0.222214699 -0.881921232 -0.415734589 -0.544894993 0.195090324 -0.815493047 -0.531647444 0.290284693 -0.795666993 -0.451098412 0.290284693 -0.843946159 -0.462338895 0.195090324 -0.864975274 -0.0544553474 0.99518472 -0.0814982131 0 1 -0 -0.046204906 0.99518472 -0.0864433348 -0.212607294 -0.923879504 -0.318189353 -0.261893779 -0.881921232 -0.391951859 -0.222214699 -0.881921232 -0.415734589 -0.180395514 -0.923879504 -0.33749634 -0.552894771 0.0980171412 -0.827465594 -0.544894993 0.195090324 -0.815493047 -0.462338895 0.195090324 -0.864975274 -0.469126582 0.0980171412 -0.877674282 -0.108386368 0.980785251 -0.162211642 -0.0544553474 0.99518472 -0.0814982131 -0.046204906 0.99518472 -0.0864433348 -0.0919649303 0.980785251 -0.172054276 -0.161273509 -0.956940353 -0.2413629 -0.212607294 -0.923879504 -0.318189353 -0.180395514 -0.923879504 -0.33749634 -0.136839241 -0.956940353 -0.256008238 -0.555569768 0 -0.831469476 -0.552894771 0.0980171412 -0.827465594 -0.469126582 0.0980171412 -0.877674282 -0.471396267 0 -0.881921053 -0.161273509 0.956940353 -0.2413629 -0.108386368 0.980785251 -0.162211642 -0.0919649303 0.980785251 -0.172054276 -0.136839241 0.956940353 -0.256008238 -0.108386368 -0.980785251 -0.162211642 -0.161273509 -0.956940353 -0.2413629 -0.136839241 -0.956940353 -0.256008238 -0.0919649303 -0.980785251 -0.172054276 -0.552894771 -0.0980171412 -0.827465594 -0.555569768 0 -0.831469476 -0.471396267 0 -0.881921053 -0.469126582 -0.0980171412 -0.877674282 -0.212607294 0.923879504 -0.318189353 -0.161273509 0.956940353 -0.2413629 -0.136839241 0.956940353 -0.256008238 -0.180395514 0.923879504 -0.33749634 -0.0544553474 -0.99518472 -0.0814982131 -0.108386368 -0.980785251 -0.162211642 -0.0919649303 -0.980785251 -0.172054276 -0.046204906 -0.99518472 -0.0864433348 -0.544894993 -0.195090324 -0.815493047 -0.552894771 -0.0980171412 -0.827465594 -0.469126582 -0.0980171412 -0.877674282 -0.462338895 -0.195090324 -0.864975274 -0.261893779 0.881921232 -0.391951859 -0.212607294 0.923879504 -0.318189353 -0.180395514 0.923879504 -0.33749634 -0.222214699 0.881921232 -0.415734589 0 -1 -0 -0.0544553474 -0.99518472 -0.0814982131 -0.046204906 -0.99518472 -0.0864433348 -0.531647444 -0.290284693 -0.795666993 -0.544894993 -0.195090324 -0.815493047 -0.462338895 -0.195090324 -0.864975274 -0.451098412 -0.290284693 -0.843946159 -0.30865854 0.831469595 -0.46194014 -0.261893779 0.881921232 -0.391951859 -0.222214699 0.881921232 -0.415734589 -0.261894226 0.831469595 -0.489969581 -0.513279557 -0.382683456 -0.76817739 -0.531647444 -0.290284693 -0.795666993 -0.451098412 -0.290284693 -0.843946159 -0.435513437 -0.382683456 -0.81478858 -0.352450043 0.773010433 -0.527478635 -0.30865854 0.831469595 -0.46194014 -0.261894226 0.831469595 -0.489969581 -0.299050927 0.773010433 -0.559484839 -0.489968896 -0.471396744 -0.733290493 -0.513279557 -0.382683456 -0.76817739 -0.435513437 -0.382683456 -0.81478858 -0.415734529 -0.471396744 -0.777784884 -0.39284724 0.707106769 -0.587937653 -0.352450043 0.773010433 -0.527478635 -0.299050927 0.773010433 -0.559484839 -0.333327591 0.707106769 -0.623612285 -0.461939991 -0.555570245 -0.691341698 -0.489968896 -0.471396744 -0.733290493 -0.415734529 -0.471396744 -0.777784884 -0.391952306 -0.555570245 -0.733290732 -0.429461479 0.634393334 -0.642734349 -0.39284724 0.707106769 -0.587937653 -0.333327591 0.707106769 -0.623612285 -0.364394516 0.634393334 -0.681733966 -0.429461479 -0.634393334 -0.642734349 -0.461939991 -0.555570245 -0.691341698 -0.391952306 -0.555570245 -0.733290732 -0.364394516 -0.634393334 -0.681733966 -0.461939991 0.555570245 -0.691341698 -0.429461479 0.634393334 -0.642734349 -0.364394516 0.634393334 -0.681733966 -0.391952306 0.555570245 -0.733290732 -0.39284724 -0.707106769 -0.587937653 -0.429461479 -0.634393334 -0.642734349 -0.364394516 -0.634393334 -0.681733966 -0.333327591 -0.707106769 -0.623612285 -0.489968896 0.471396744 -0.733290493 -0.461939991 0.555570245 -0.691341698 -0.391952306 0.555570245 -0.733290732 -0.415734529 0.471396744 -0.777784884 -0.352450043 -0.773010433 -0.527478635 -0.39284724 -0.707106769 -0.587937653 -0.333327591 -0.707106769 -0.623612285 -0.299050927 -0.773010433 -0.559484839 -0.462338895 0.195090324 -0.864975274 -0.451098412 0.290284693 -0.843946159 -0.366205037 0.290284693 -0.884097695 -0.37533021 0.195090324 -0.906127274 -0.046204906 0.99518472 -0.0864433348 0 1 -0 -0.0375094861 0.99518472 -0.0905559584 -0.180395514 -0.923879504 -0.33749634 -0.222214699 -0.881921232 -0.415734589 -0.180395558 -0.881921232 -0.435513556 -0.146446437 -0.923879504 -0.353553057 -0.469126582 0.0980171412 -0.877674282 -0.462338895 0.195090324 -0.864975274 -0.37533021 0.195090324 -0.906127274 -0.38084048 0.0980171412 -0.919430435 -0.0919649303 0.980785251 -0.172054276 -0.046204906 0.99518472 -0.0864433348 -0.0375094861 0.99518472 -0.0905559584 -0.0746578202 0.980785251 -0.180239931 -0.136839241 -0.956940353 -0.256008238 -0.180395514 -0.923879504 -0.33749634 -0.146446437 -0.923879504 -0.353553057 -0.111087129 -0.956940353 -0.268188089 -0.471396267 0 -0.881921053 -0.469126582 0.0980171412 -0.877674282 -0.38084048 0.0980171412 -0.919430435 -0.382682979 0 -0.923879266 -0.136839241 0.956940353 -0.256008238 -0.0919649303 0.980785251 -0.172054276 -0.0746578202 0.980785251 -0.180239931 -0.111087129 0.956940353 -0.268188089 -0.0919649303 -0.980785251 -0.172054276 -0.136839241 -0.956940353 -0.256008238 -0.111087129 -0.956940353 -0.268188089 -0.0746578202 -0.980785251 -0.180239931 -0.469126582 -0.0980171412 -0.877674282 -0.471396267 0 -0.881921053 -0.382682979 0 -0.923879266 -0.38084048 -0.0980171412 -0.919430435 -0.180395514 0.923879504 -0.33749634 -0.136839241 0.956940353 -0.256008238 -0.111087129 0.956940353 -0.268188089 -0.146446437 0.923879504 -0.353553057 -0.046204906 -0.99518472 -0.0864433348 -0.0919649303 -0.980785251 -0.172054276 -0.0746578202 -0.980785251 -0.180239931 -0.0375094861 -0.99518472 -0.0905559584 -0.462338895 -0.195090324 -0.864975274 -0.469126582 -0.0980171412 -0.877674282 -0.38084048 -0.0980171412 -0.919430435 -0.37533021 -0.195090324 -0.906127274 -0.222214699 0.881921232 -0.415734589 -0.180395514 0.923879504 -0.33749634 -0.146446437 0.923879504 -0.353553057 -0.180395558 0.881921232 -0.435513556 0 -1 -0 -0.046204906 -0.99518472 -0.0864433348 -0.0375094861 -0.99518472 -0.0905559584 -0.451098412 -0.290284693 -0.843946159 -0.462338895 -0.195090324 -0.864975274 -0.37533021 -0.195090324 -0.906127274 -0.366205037 -0.290284693 -0.884097695 -0.261894226 0.831469595 -0.489969581 -0.222214699 0.881921232 -0.415734589 -0.180395558 0.881921232 -0.435513556 -0.212607726 0.831469595 -0.513280392 -0.435513437 -0.382683456 -0.81478858 -0.451098412 -0.290284693 -0.843946159 -0.366205037 -0.290284693 -0.884097695 -0.353553057 -0.382683456 -0.853552938 -0.299050927 0.773010433 -0.559484839 -0.261894226 0.831469595 -0.489969581 -0.212607726 0.831469595 -0.513280392 -0.242771804 0.773010433 -0.586102903 -0.415734529 -0.471396744 -0.777784884 -0.435513437 -0.382683456 -0.81478858 -0.353553057 -0.382683456 -0.853552938 -0.3374964 -0.471396744 -0.814788759 -0.333327591 0.707106769 -0.623612285 -0.299050927 0.773010433 -0.559484839 -0.242771804 0.773010433 -0.586102903 -0.270597845 0.707106769 -0.653281212 -0.391952306 -0.555570245 -0.733290732 -0.415734529 -0.471396744 -0.777784884 -0.3374964 -0.471396744 -0.814788759 -0.318189889 -0.555570245 -0.768177807 -0.364394516 0.634393334 -0.681733966 -0.333327591 0.707106769 -0.623612285 -0.270597845 0.707106769 -0.653281212 -0.295818239 0.634393334 -0.714168131 -0.364394516 -0.634393334 -0.681733966 -0.391952306 -0.555570245 -0.733290732 -0.318189889 -0.555570245 -0.768177807 -0.295818239 -0.634393334 -0.714168131 -0.391952306 0.555570245 -0.733290732 -0.364394516 0.634393334 -0.681733966 -0.295818239 0.634393334 -0.714168131 -0.318189889 0.555570245 -0.768177807 -0.333327591 -0.707106769 -0.623612285 -0.364394516 -0.634393334 -0.681733966 -0.295818239 -0.634393334 -0.714168131 -0.270597845 -0.707106769 -0.653281212 -0.415734529 0.471396744 -0.777784884 -0.391952306 0.555570245 -0.733290732 -0.318189889 0.555570245 -0.768177807 -0.3374964 0.471396744 -0.814788759 -0.299050927 -0.773010433 -0.559484839 -0.333327591 -0.707106769 -0.623612285 -0.270597845 -0.707106769 -0.653281212 -0.242771804 -0.773010433 -0.586102903 -0.435513437 0.382683456 -0.81478858 -0.415734529 0.471396744 -0.777784884 -0.3374964 0.471396744 -0.814788759 -0.353553057 0.382683456 -0.853552938 -0.261894226 -0.831469595 -0.489969581 -0.299050927 -0.773010433 -0.559484839 -0.242771804 -0.773010433 -0.586102903 -0.212607726 -0.831469595 -0.513280392 -0.451098412 0.290284693 -0.843946159 -0.435513437 0.382683456 -0.81478858 -0.353553057 0.382683456 -0.853552938 -0.366205037 0.290284693 -0.884097695 -0.222214699 -0.881921232 -0.415734589 -0.261894226 -0.831469595 -0.489969581 -0.212607726 -0.831469595 -0.513280392 -0.180395558 -0.881921232 -0.435513556 -0.382682979 0 -0.923879266 -0.38084048 0.0980171412 -0.919430435 -0.288886666 0.0980171412 -0.95233202 -0.290284246 0 -0.956940055 -0.111087129 0.956940353 -0.268188089 -0.0746578202 0.980785251 -0.180239931 -0.0566317216 0.980785251 -0.186689779 -0.0842651874 0.956940353 -0.277785122 -0.0746578202 -0.980785251 -0.180239931 -0.111087129 -0.956940353 -0.268188089 -0.0842651874 -0.956940353 -0.277785122 -0.0566317216 -0.980785251 -0.186689779 -0.38084048 -0.0980171412 -0.919430435 -0.382682979 0 -0.923879266 -0.290284246 0 -0.956940055 -0.288886666 -0.0980171412 -0.95233202 -0.146446437 0.923879504 -0.353553057 -0.111087129 0.956940353 -0.268188089 -0.0842651874 0.956940353 -0.277785122 -0.111086994 0.923879504 -0.366204858 -0.0375094861 -0.99518472 -0.0905559584 -0.0746578202 -0.980785251 -0.180239931 -0.0566317216 -0.980785251 -0.186689779 -0.0284528323 -0.99518472 -0.0937964767 -0.37533021 -0.195090324 -0.906127274 -0.38084048 -0.0980171412 -0.919430435 -0.288886666 -0.0980171412 -0.95233202 -0.284706891 -0.195090324 -0.938552856 -0.180395558 0.881921232 -0.435513556 -0.146446437 0.923879504 -0.353553057 -0.111086994 0.923879504 -0.366204858 -0.136839122 0.881921232 -0.451098293 0 -1 -0 -0.0375094861 -0.99518472 -0.0905559584 -0.0284528323 -0.99518472 -0.0937964767 -0.366205037 -0.290284693 -0.884097695 -0.37533021 -0.195090324 -0.906127274 -0.284706891 -0.195090324 -0.938552856 -0.277784944 -0.290284693 -0.915734887 -0.212607726 0.831469595 -0.513280392 -0.180395558 0.881921232 -0.435513556 -0.136839122 0.881921232 -0.451098293 -0.161273688 0.831469595 -0.53164804 -0.353553057 -0.382683456 -0.853552938 -0.366205037 -0.290284693 -0.884097695 -0.277784944 -0.290284693 -0.915734887 -0.268187791 -0.382683456 -0.884097099 -0.242771804 0.773010433 -0.586102903 -0.212607726 0.831469595 -0.513280392 -0.161273688 0.831469595 -0.53164804 -0.18415466 0.773010433 -0.607076466 -0.3374964 -0.471396744 -0.814788759 -0.353553057 -0.382683456 -0.853552938 -0.268187791 -0.382683456 -0.884097099 -0.256007969 -0.471396744 -0.843945801 -0.270597845 0.707106769 -0.653281212 -0.242771804 0.773010433 -0.586102903 -0.18415466 0.773010433 -0.607076466 -0.205262065 0.707106769 -0.67665869 -0.318189889 -0.555570245 -0.768177807 -0.3374964 -0.471396744 -0.814788759 -0.256007969 -0.471396744 -0.843945801 -0.241363138 -0.555570245 -0.795666873 -0.295818239 0.634393334 -0.714168131 -0.270597845 0.707106769 -0.653281212 -0.205262065 0.707106769 -0.67665869 -0.22439307 0.634393334 -0.739724457 -0.295818239 -0.634393334 -0.714168131 -0.318189889 -0.555570245 -0.768177807 -0.241363138 -0.555570245 -0.795666873 -0.22439307 -0.634393334 -0.739724457 -0.318189889 0.555570245 -0.768177807 -0.295818239 0.634393334 -0.714168131 -0.22439307 0.634393334 -0.739724457 -0.241363138 0.555570245 -0.795666873 -0.270597845 -0.707106769 -0.653281212 -0.295818239 -0.634393334 -0.714168131 -0.22439307 -0.634393334 -0.739724457 -0.205262065 -0.707106769 -0.67665869 -0.3374964 0.471396744 -0.814788759 -0.318189889 0.555570245 -0.768177807 -0.241363138 0.555570245 -0.795666873 -0.256007969 0.471396744 -0.843945801 -0.242771804 -0.773010433 -0.586102903 -0.270597845 -0.707106769 -0.653281212 -0.205262065 -0.707106769 -0.67665869 -0.18415466 -0.773010433 -0.607076466 -0.353553057 0.382683456 -0.853552938 -0.3374964 0.471396744 -0.814788759 -0.256007969 0.471396744 -0.843945801 -0.268187791 0.382683456 -0.884097099 -0.212607726 -0.831469595 -0.513280392 -0.242771804 -0.773010433 -0.586102903 -0.18415466 -0.773010433 -0.607076466 -0.161273688 -0.831469595 -0.53164804 -0.366205037 0.290284693 -0.884097695 -0.353553057 0.382683456 -0.853552938 -0.268187791 0.382683456 -0.884097099 -0.277784944 0.290284693 -0.915734887 -0.180395558 -0.881921232 -0.435513556 -0.212607726 -0.831469595 -0.513280392 -0.161273688 -0.831469595 -0.53164804 -0.136839122 -0.881921232 -0.451098293 -0.37533021 0.195090324 -0.906127274 -0.366205037 0.290284693 -0.884097695 -0.277784944 0.290284693 -0.915734887 -0.284706891 0.195090324 -0.938552856 -0.0375094861 0.99518472 -0.0905559584 0 1 -0 -0.0284528323 0.99518472 -0.0937964767 -0.146446437 -0.923879504 -0.353553057 -0.180395558 -0.881921232 -0.435513556 -0.136839122 -0.881921232 -0.451098293 -0.111086994 -0.923879504 -0.366204858 -0.38084048 0.0980171412 -0.919430435 -0.37533021 0.195090324 -0.906127274 -0.284706891 0.195090324 -0.938552856 -0.288886666 0.0980171412 -0.95233202 -0.0746578202 0.980785251 -0.180239931 -0.0375094861 0.99518472 -0.0905559584 -0.0284528323 0.99518472 -0.0937964767 -0.0566317216 0.980785251 -0.186689779 -0.111087129 -0.956940353 -0.268188089 -0.146446437 -0.923879504 -0.353553057 -0.111086994 -0.923879504 -0.366204858 -0.0842651874 -0.956940353 -0.277785122 -0.284706891 -0.195090324 -0.938552856 -0.288886666 -0.0980171412 -0.95233202 -0.194150716 -0.0980171412 -0.976062119 -0.191341683 -0.195090324 -0.961939633 -0.136839122 0.881921232 -0.451098293 -0.111086994 0.923879504 -0.366204858 -0.0746577233 0.923879504 -0.375329912 -0.0919648409 0.881921232 -0.462338686 0 -1 -0 -0.0284528323 -0.99518472 -0.0937964767 -0.019122161 -0.99518472 -0.0961336866 -0.277784944 -0.290284693 -0.915734887 -0.284706891 -0.195090324 -0.938552856 -0.191341683 -0.195090324 -0.961939633 -0.186689615 -0.290284693 -0.938553095 -0.161273688 0.831469595 -0.53164804 -0.136839122 0.881921232 -0.451098293 -0.0919648409 0.881921232 -0.462338686 -0.108386494 0.831469595 -0.544895589 -0.268187791 -0.382683456 -0.884097099 -0.277784944 -0.290284693 -0.915734887 -0.186689615 -0.290284693 -0.938553095 -0.180239737 -0.382683456 -0.906126916 -0.18415466 0.773010433 -0.607076466 -0.161273688 0.831469595 -0.53164804 -0.108386494 0.831469595 -0.544895589 -0.123764008 0.773010433 -0.622203529 -0.256007969 -0.471396744 -0.843945801 -0.268187791 -0.382683456 -0.884097099 -0.180239737 -0.382683456 -0.906126916 -0.172054082 -0.471396744 -0.864975154 -0.205262065 0.707106769 -0.67665869 -0.18415466 0.773010433 -0.607076466 -0.123764008 0.773010433 -0.622203529 -0.137949526 0.707106769 -0.693519592 -0.241363138 -0.555570245 -0.795666873 -0.256007969 -0.471396744 -0.843945801 -0.172054082 -0.471396744 -0.864975154 -0.162211925 -0.555570245 -0.815493226 -0.22439307 0.634393334 -0.739724457 -0.205262065 0.707106769 -0.67665869 -0.137949526 0.707106769 -0.693519592 -0.150806874 0.634393334 -0.758156836 -0.22439307 -0.634393334 -0.739724457 -0.241363138 -0.555570245 -0.795666873 -0.162211925 -0.555570245 -0.815493226 -0.150806874 -0.634393334 -0.758156836 -0.241363138 0.555570245 -0.795666873 -0.22439307 0.634393334 -0.739724457 -0.150806874 0.634393334 -0.758156836 -0.162211925 0.555570245 -0.815493226 -0.205262065 -0.707106769 -0.67665869 -0.22439307 -0.634393334 -0.739724457 -0.150806874 -0.634393334 -0.758156836 -0.137949526 -0.707106769 -0.693519592 -0.256007969 0.471396744 -0.843945801 -0.241363138 0.555570245 -0.795666873 -0.162211925 0.555570245 -0.815493226 -0.172054082 0.471396744 -0.864975154 -0.18415466 -0.773010433 -0.607076466 -0.205262065 -0.707106769 -0.67665869 -0.137949526 -0.707106769 -0.693519592 -0.123764008 -0.773010433 -0.622203529 -0.268187791 0.382683456 -0.884097099 -0.256007969 0.471396744 -0.843945801 -0.172054082 0.471396744 -0.864975154 -0.180239737 0.382683456 -0.906126916 -0.161273688 -0.831469595 -0.53164804 -0.18415466 -0.773010433 -0.607076466 -0.123764008 -0.773010433 -0.622203529 -0.108386494 -0.831469595 -0.544895589 -0.277784944 0.290284693 -0.915734887 -0.268187791 0.382683456 -0.884097099 -0.180239737 0.382683456 -0.906126916 -0.186689615 0.290284693 -0.938553095 -0.136839122 -0.881921232 -0.451098293 -0.161273688 -0.831469595 -0.53164804 -0.108386494 -0.831469595 -0.544895589 -0.0919648409 -0.881921232 -0.462338686 -0.284706891 0.195090324 -0.938552856 -0.277784944 0.290284693 -0.915734887 -0.186689615 0.290284693 -0.938553095 -0.191341683 0.195090324 -0.961939633 -0.0284528323 0.99518472 -0.0937964767 0 1 -0 -0.019122161 0.99518472 -0.0961336866 -0.111086994 -0.923879504 -0.366204858 -0.136839122 -0.881921232 -0.451098293 -0.0919648409 -0.881921232 -0.462338686 -0.0746577233 -0.923879504 -0.375329912 -0.288886666 0.0980171412 -0.95233202 -0.284706891 0.195090324 -0.938552856 -0.191341683 0.195090324 -0.961939633 -0.194150716 0.0980171412 -0.976062119 -0.0566317216 0.980785251 -0.186689779 -0.0284528323 0.99518472 -0.0937964767 -0.019122161 0.99518472 -0.0961336866 -0.0380602255 0.980785251 -0.191341698 -0.0842651874 -0.956940353 -0.277785122 -0.111086994 -0.923879504 -0.366204858 -0.0746577233 -0.923879504 -0.375329912 -0.0566317253 -0.956940353 -0.28470695 -0.290284246 0 -0.956940055 -0.288886666 0.0980171412 -0.95233202 -0.194150716 0.0980171412 -0.976062119 -0.195089936 0 -0.980784953 -0.0842651874 0.956940353 -0.277785122 -0.0566317216 0.980785251 -0.186689779 -0.0380602255 0.980785251 -0.191341698 -0.0566317253 0.956940353 -0.28470695 -0.0566317216 -0.980785251 -0.186689779 -0.0842651874 -0.956940353 -0.277785122 -0.0566317253 -0.956940353 -0.28470695 -0.0380602255 -0.980785251 -0.191341698 -0.288886666 -0.0980171412 -0.95233202 -0.290284246 0 -0.956940055 -0.195089936 0 -0.980784953 -0.194150716 -0.0980171412 -0.976062119 -0.111086994 0.923879504 -0.366204858 -0.0842651874 0.956940353 -0.277785122 -0.0566317253 0.956940353 -0.28470695 -0.0746577233 0.923879504 -0.375329912 -0.0284528323 -0.99518472 -0.0937964767 -0.0566317216 -0.980785251 -0.186689779 -0.0380602255 -0.980785251 -0.191341698 -0.019122161 -0.99518472 -0.0961336866 -0.180239737 -0.382683456 -0.906126916 -0.186689615 -0.290284693 -0.938553095 -0.093796365 -0.290284693 -0.952332497 -0.0905558616 -0.382683456 -0.919430256 -0.123764008 0.773010433 -0.622203529 -0.108386494 0.831469595 -0.544895589 -0.054455474 0.831469595 -0.552895546 -0.0621814393 0.773010433 -0.631338418 -0.172054082 -0.471396744 -0.864975154 -0.180239737 -0.382683456 -0.906126916 -0.0905558616 -0.382683456 -0.919430256 -0.0864432007 -0.471396744 -0.877674282 -0.137949526 0.707106769 -0.693519592 -0.123764008 0.773010433 -0.622203529 -0.0621814393 0.773010433 -0.631338418 -0.0693084523 0.707106769 -0.703701556 -0.162211925 -0.555570245 -0.815493226 -0.172054082 -0.471396744 -0.864975154 -0.0864432007 -0.471396744 -0.877674282 -0.0814985186 -0.555570245 -0.827465951 -0.150806874 0.634393334 -0.758156836 -0.137949526 0.707106769 -0.693519592 -0.0693084523 0.707106769 -0.703701556 -0.0757683292 0.634393334 -0.769287765 -0.150806874 -0.634393334 -0.758156836 -0.162211925 -0.555570245 -0.815493226 -0.0814985186 -0.555570245 -0.827465951 -0.0757683292 -0.634393334 -0.769287765 -0.162211925 0.555570245 -0.815493226 -0.150806874 0.634393334 -0.758156836 -0.0757683292 0.634393334 -0.769287765 -0.0814985186 0.555570245 -0.827465951 -0.137949526 -0.707106769 -0.693519592 -0.150806874 -0.634393334 -0.758156836 -0.0757683292 -0.634393334 -0.769287765 -0.0693084523 -0.707106769 -0.703701556 -0.172054082 0.471396744 -0.864975154 -0.162211925 0.555570245 -0.815493226 -0.0814985186 0.555570245 -0.827465951 -0.0864432007 0.471396744 -0.877674282 -0.123764008 -0.773010433 -0.622203529 -0.137949526 -0.707106769 -0.693519592 -0.0693084523 -0.707106769 -0.703701556 -0.0621814393 -0.773010433 -0.631338418 -0.180239737 0.382683456 -0.906126916 -0.172054082 0.471396744 -0.864975154 -0.0864432007 0.471396744 -0.877674282 -0.0905558616 0.382683456 -0.919430256 -0.108386494 -0.831469595 -0.544895589 -0.123764008 -0.773010433 -0.622203529 -0.0621814393 -0.773010433 -0.631338418 -0.054455474 -0.831469595 -0.552895546 -0.186689615 0.290284693 -0.938553095 -0.180239737 0.382683456 -0.906126916 -0.0905558616 0.382683456 -0.919430256 -0.093796365 0.290284693 -0.952332497 -0.0919648409 -0.881921232 -0.462338686 -0.108386494 -0.831469595 -0.544895589 -0.054455474 -0.831469595 -0.552895546 -0.0462048836 -0.881921232 -0.469126523 -0.191341683 0.195090324 -0.961939633 -0.186689615 0.290284693 -0.938553095 -0.093796365 0.290284693 -0.952332497 -0.0961337388 0.195090324 -0.976062417 -0.019122161 0.99518472 -0.0961336866 0 1 -0 -0.00960733369 0.99518472 -0.0975450724 -0.0746577233 -0.923879504 -0.375329912 -0.0919648409 -0.881921232 -0.462338686 -0.0462048836 -0.881921232 -0.469126523 -0.03750946 -0.923879504 -0.380840302 -0.194150716 0.0980171412 -0.976062119 -0.191341683 0.195090324 -0.961939633 -0.0961337388 0.195090324 -0.976062417 -0.0975450128 0.0980171412 -0.990392208 -0.0380602255 0.980785251 -0.191341698 -0.019122161 0.99518472 -0.0961336866 -0.00960733369 0.99518472 -0.0975450724 -0.0191221908 0.980785251 -0.19415088 -0.0566317253 -0.956940353 -0.28470695 -0.0746577233 -0.923879504 -0.375329912 -0.03750946 -0.923879504 -0.380840302 -0.0284528658 -0.956940353 -0.288886905 -0.195089936 0 -0.980784953 -0.194150716 0.0980171412 -0.976062119 -0.0975450128 0.0980171412 -0.990392208 -0.0980167836 0 -0.995184362 -0.0566317253 0.956940353 -0.28470695 -0.0380602255 0.980785251 -0.191341698 -0.0191221908 0.980785251 -0.19415088 -0.0284528658 0.956940353 -0.288886905 -0.0380602255 -0.980785251 -0.191341698 -0.0566317253 -0.956940353 -0.28470695 -0.0284528658 -0.956940353 -0.288886905 -0.0191221908 -0.980785251 -0.19415088 -0.194150716 -0.0980171412 -0.976062119 -0.195089936 0 -0.980784953 -0.0980167836 0 -0.995184362 -0.0975450128 -0.0980171412 -0.990392208 -0.0746577233 0.923879504 -0.375329912 -0.0566317253 0.956940353 -0.28470695 -0.0284528658 0.956940353 -0.288886905 -0.03750946 0.923879504 -0.380840302 -0.019122161 -0.99518472 -0.0961336866 -0.0380602255 -0.980785251 -0.191341698 -0.0191221908 -0.980785251 -0.19415088 -0.00960733369 -0.99518472 -0.0975450724 -0.191341683 -0.195090324 -0.961939633 -0.194150716 -0.0980171412 -0.976062119 -0.0975450128 -0.0980171412 -0.990392208 -0.0961337388 -0.195090324 -0.976062417 -0.0919648409 0.881921232 -0.462338686 -0.0746577233 0.923879504 -0.375329912 -0.03750946 0.923879504 -0.380840302 -0.0462048836 0.881921232 -0.469126523 0 -1 -0 -0.019122161 -0.99518472 -0.0961336866 -0.00960733369 -0.99518472 -0.0975450724 -0.186689615 -0.290284693 -0.938553095 -0.191341683 -0.195090324 -0.961939633 -0.0961337388 -0.195090324 -0.976062417 -0.093796365 -0.290284693 -0.952332497 -0.108386494 0.831469595 -0.544895589 -0.0919648409 0.881921232 -0.462338686 -0.0462048836 0.881921232 -0.469126523 -0.054455474 0.831469595 -0.552895546 -0.0814985186 -0.555570245 -0.827465951 -0.0864432007 -0.471396744 -0.877674282 0 -0.471396744 -0.881921232 -2.30967999e-07 -0.555570245 -0.831469774 -0.0757683292 0.634393334 -0.769287765 -0.0693084523 0.707106769 -0.703701556 1.04308128e-07 0.707106769 -0.707106471 -9.68575478e-08 0.634393334 -0.773010075 -0.0757683292 -0.634393334 -0.769287765 -0.0814985186 -0.555570245 -0.827465951 -2.30967999e-07 -0.555570245 -0.831469774 -9.68575478e-08 -0.634393334 -0.773010075 -0.0814985186 0.555570245 -0.827465951 -0.0757683292 0.634393334 -0.769287765 -9.68575478e-08 0.634393334 -0.773010075 -2.30967999e-07 0.555570245 -0.831469774 -0.0693084523 -0.707106769 -0.703701556 -0.0757683292 -0.634393334 -0.769287765 -9.68575478e-08 -0.634393334 -0.773010075 1.04308128e-07 -0.707106769 -0.707106471 -0.0864432007 0.471396744 -0.877674282 -0.0814985186 0.555570245 -0.827465951 -2.30967999e-07 0.555570245 -0.831469774 0 0.471396744 -0.881921232 -0.0621814393 -0.773010433 -0.631338418 -0.0693084523 -0.707106769 -0.703701556 1.04308128e-07 -0.707106769 -0.707106471 -3.35276127e-08 -0.773010433 -0.634393215 -0.0905558616 0.382683456 -0.919430256 -0.0864432007 0.471396744 -0.877674282 0 0.471396744 -0.881921232 0 0.382683456 -0.923879504 -0.054455474 -0.831469595 -0.552895546 -0.0621814393 -0.773010433 -0.631338418 -3.35276127e-08 -0.773010433 -0.634393215 -1.49011612e-08 -0.831469595 -0.555570781 -0.093796365 0.290284693 -0.952332497 -0.0905558616 0.382683456 -0.919430256 0 0.382683456 -0.923879504 0 0.290284693 -0.956940353 -0.0462048836 -0.881921232 -0.469126523 -0.054455474 -0.831469595 -0.552895546 -1.49011612e-08 -0.831469595 -0.555570781 0 -0.881921232 -0.471396744 -0.0961337388 0.195090324 -0.976062417 -0.093796365 0.290284693 -0.952332497 0 0.290284693 -0.956940353 2.23517418e-08 0.195090324 -0.980785191 -0.00960733369 0.99518472 -0.0975450724 0 1 -0 0 0.99518472 -0.0980171412 -0.03750946 -0.923879504 -0.380840302 -0.0462048836 -0.881921232 -0.469126523 0 -0.881921232 -0.471396744 0 -0.923879504 -0.382683456 -0.0975450128 0.0980171412 -0.990392208 -0.0961337388 0.195090324 -0.976062417 2.23517418e-08 0.195090324 -0.980785191 0 0.0980171412 -0.99518472 -0.0191221908 0.980785251 -0.19415088 -0.00960733369 0.99518472 -0.0975450724 0 0.99518472 -0.0980171412 0 0.980785251 -0.195090324 -0.0284528658 -0.956940353 -0.288886905 -0.03750946 -0.923879504 -0.380840302 0 -0.923879504 -0.382683456 0 -0.956940353 -0.290284693 -0.0980167836 0 -0.995184362 -0.0975450128 0.0980171412 -0.990392208 0 0.0980171412 -0.99518472 0 0 -1 -0.0284528658 0.956940353 -0.288886905 -0.0191221908 0.980785251 -0.19415088 0 0.980785251 -0.195090324 0 0.956940353 -0.290284693 -0.0191221908 -0.980785251 -0.19415088 -0.0284528658 -0.956940353 -0.288886905 0 -0.956940353 -0.290284693 0 -0.980785251 -0.195090324 -0.0975450128 -0.0980171412 -0.990392208 -0.0980167836 0 -0.995184362 0 0 -1 0 -0.0980171412 -0.99518472 -0.03750946 0.923879504 -0.380840302 -0.0284528658 0.956940353 -0.288886905 0 0.956940353 -0.290284693 3.35276127e-08 0.923879504 -0.382683009 -0.00960733369 -0.99518472 -0.0975450724 -0.0191221908 -0.980785251 -0.19415088 0 -0.980785251 -0.195090324 0 -0.99518472 -0.0980171412 -0.0961337388 -0.195090324 -0.976062417 -0.0975450128 -0.0980171412 -0.990392208 0 -0.0980171412 -0.99518472 2.23517418e-08 -0.195090324 -0.980785191 -0.0462048836 0.881921232 -0.469126523 -0.03750946 0.923879504 -0.380840302 3.35276127e-08 0.923879504 -0.382683009 0 0.881921232 -0.471396744 0 -1 -0 -0.00960733369 -0.99518472 -0.0975450724 0 -0.99518472 -0.0980171412 -0.093796365 -0.290284693 -0.952332497 -0.0961337388 -0.195090324 -0.976062417 2.23517418e-08 -0.195090324 -0.980785191 0 -0.290284693 -0.956940353 -0.054455474 0.831469595 -0.552895546 -0.0462048836 0.881921232 -0.469126523 0 0.881921232 -0.471396744 -1.49011612e-08 0.831469595 -0.555570781 -0.0905558616 -0.382683456 -0.919430256 -0.093796365 -0.290284693 -0.952332497 0 -0.290284693 -0.956940353 1.1920929e-07 -0.382683456 -0.923878968 -0.0621814393 0.773010433 -0.631338418 -0.054455474 0.831469595 -0.552895546 -1.49011612e-08 0.831469595 -0.555570781 -3.35276127e-08 0.773010433 -0.634393215 -0.0864432007 -0.471396744 -0.877674282 -0.0905558616 -0.382683456 -0.919430256 1.1920929e-07 -0.382683456 -0.923878968 0 -0.471396744 -0.881921232 -0.0693084523 0.707106769 -0.703701556 -0.0621814393 0.773010433 -0.631338418 -3.35276127e-08 0.773010433 -0.634393215 1.04308128e-07 0.707106769 -0.707106471 </float_array>
          <technique_common>
            <accessor count="8064" offset="0" source="#Sphere_1-positions-array" stride="3">
              <param name="X" type="float" />
              <param name="Y" type="float" />
              <param name="Z" type="float" />
            </accessor>
          </technique_common>
        </source>
        <source id="Sphere_1-normals" name="Sphere_1-normals">
          <float_array id="Sphere_1-normals-array" count="24192"> 0.048999805 -0.048999805 -0.997596085 0.048999805 -0.048999805 -0.997596085 0.048999805 -0.048999805 -0.997596085 0.048999805 -0.048999805 -0.997596085 0.0165004916 0.941428065 -0.336810052 0.0165004916 0.941428065 -0.336810052 0.0165004916 0.941428065 -0.336810052 0.0165004916 0.941428065 -0.336810052 0.0071996781 -0.989155769 -0.146693438 0.0071996781 -0.989155769 -0.146693438 0.0071996781 -0.989155769 -0.146693438 0.0071996781 -0.989155769 -0.146693438 0.0485002995 -0.146600887 -0.988006055 0.0485002995 -0.146600887 -0.988006055 0.0485002995 -0.146600887 -0.988006055 0.0485002995 -0.146600887 -0.988006055 0.0209994558 0.903776646 -0.427488953 0.0209994558 0.903776646 -0.427488953 0.0209994558 0.903776646 -0.427488953 0.0209994558 0.903776646 -0.427488953 0.00239997869 -0.998791039 -0.0490995608 0.00239997869 -0.998791039 -0.0490995608 0.00239997869 -0.998791039 -0.0490995608 0.0476015173 -0.242707729 -0.9689309 0.0476015173 -0.242707729 -0.9689309 0.0476015173 -0.242707729 -0.9689309 0.0476015173 -0.242707729 -0.9689309 0.0251995679 0.857485294 -0.51389116 0.0251995679 0.857485294 -0.51389116 0.0251995679 0.857485294 -0.51389116 0.0251995679 0.857485294 -0.51389116 0.0462021492 -0.336515665 -0.94054383 0.0462021492 -0.336515665 -0.94054383 0.0462021492 -0.336515665 -0.94054383 0.0462021492 -0.336515665 -0.94054383 0.0292998813 0.802896738 -0.595397592 0.0292998813 0.802896738 -0.595397592 0.0292998813 0.802896738 -0.595397592 0.0292998813 0.802896738 -0.595397592 0.0444005467 -0.427105278 -0.90311116 0.0444005467 -0.427105278 -0.90311116 0.0444005467 -0.427105278 -0.90311116 0.0444005467 -0.427105278 -0.90311116 0.0330010131 0.740522683 -0.671220601 0.0330010131 0.740522683 -0.671220601 0.0330010131 0.740522683 -0.671220601 0.0330010131 0.740522683 -0.671220601 0.0420998707 -0.513598382 -0.856997311 0.0420998707 -0.513598382 -0.856997311 0.0420998707 -0.513598382 -0.856997311 0.0420998707 -0.513598382 -0.856997311 0.0363992676 0.67108649 -0.740485072 0.0363992676 0.67108649 -0.740485072 0.0363992676 0.67108649 -0.740485072 0.0363992676 0.67108649 -0.740485072 0.0394003503 -0.595205307 -0.802607179 0.0394003503 -0.595205307 -0.802607179 0.0394003503 -0.595205307 -0.802607179 0.0394003503 -0.595205307 -0.802607179 0.0394003503 0.595205307 -0.802607179 0.0394003503 0.595205307 -0.802607179 0.0394003503 0.595205307 -0.802607179 0.0394003503 0.595205307 -0.802607179 0.0363992676 -0.67108649 -0.740485072 0.0363992676 -0.67108649 -0.740485072 0.0363992676 -0.67108649 -0.740485072 0.0363992676 -0.67108649 -0.740485072 0.0420998707 0.513598382 -0.856997311 0.0420998707 0.513598382 -0.856997311 0.0420998707 0.513598382 -0.856997311 0.0420998707 0.513598382 -0.856997311 0.0330010131 -0.740522683 -0.671220601 0.0330010131 -0.740522683 -0.671220601 0.0330010131 -0.740522683 -0.671220601 0.0330010131 -0.740522683 -0.671220601 0.0444005467 0.427105278 -0.90311116 0.0444005467 0.427105278 -0.90311116 0.0444005467 0.427105278 -0.90311116 0.0444005467 0.427105278 -0.90311116 0.0292998813 -0.802896738 -0.595397592 0.0292998813 -0.802896738 -0.595397592 0.0292998813 -0.802896738 -0.595397592 0.0292998813 -0.802896738 -0.595397592 0.0462021492 0.336515665 -0.94054383 0.0462021492 0.336515665 -0.94054383 0.0462021492 0.336515665 -0.94054383 0.0462021492 0.336515665 -0.94054383 0.0251995679 -0.857485294 -0.51389116 0.0251995679 -0.857485294 -0.51389116 0.0251995679 -0.857485294 -0.51389116 0.0251995679 -0.857485294 -0.51389116 0.0476015173 0.242707729 -0.9689309 0.0476015173 0.242707729 -0.9689309 0.0476015173 0.242707729 -0.9689309 0.0476015173 0.242707729 -0.9689309 0.00239997869 0.998791039 -0.0490995608 0.00239997869 0.998791039 -0.0490995608 0.00239997869 0.998791039 -0.0490995608 0.0209994558 -0.903776646 -0.427488953 0.0209994558 -0.903776646 -0.427488953 0.0209994558 -0.903776646 -0.427488953 0.0209994558 -0.903776646 -0.427488953 0.0485002995 0.146600887 -0.988006055 0.0485002995 0.146600887 -0.988006055 0.0485002995 0.146600887 -0.988006055 0.0485002995 0.146600887 -0.988006055 0.0071996781 0.989155769 -0.146693438 0.0071996781 0.989155769 -0.146693438 0.0071996781 0.989155769 -0.146693438 0.0071996781 0.989155769 -0.146693438 0.0165004916 -0.941428065 -0.336810052 0.0165004916 -0.941428065 -0.336810052 0.0165004916 -0.941428065 -0.336810052 0.0165004916 -0.941428065 -0.336810052 0.048999805 0.048999805 -0.997596085 0.048999805 0.048999805 -0.997596085 0.048999805 0.048999805 -0.997596085 0.048999805 0.048999805 -0.997596085 0.011899461 0.9699561 -0.242988989 0.011899461 0.9699561 -0.242988989 0.011899461 0.9699561 -0.242988989 0.011899461 0.9699561 -0.242988989 0.011899461 -0.9699561 -0.242988989 0.011899461 -0.9699561 -0.242988989 0.011899461 -0.9699561 -0.242988989 0.011899461 -0.9699561 -0.242988989 0.0986055136 -0.740541399 -0.664737165 0.0986055136 -0.740541399 -0.664737165 0.0986055136 -0.740541399 -0.664737165 0.0986055136 -0.740541399 -0.664737165 0.13270165 0.427105337 -0.894411147 0.13270165 0.427105337 -0.894411147 0.13270165 0.427105337 -0.894411147 0.13270165 0.427105337 -0.894411147 0.0874977782 -0.802879632 -0.589685023 0.0874977782 -0.802879632 -0.589685023 0.0874977782 -0.802879632 -0.589685023 0.0874977782 -0.802879632 -0.589685023 0.138198376 0.336496025 -0.93148905 0.138198376 0.336496025 -0.93148905 0.138198376 0.336496025 -0.93148905 0.138198376 0.336496025 -0.93148905 0.0754966959 -0.857462525 -0.508977711 0.0754966959 -0.857462525 -0.508977711 0.0754966959 -0.857462525 -0.508977711 0.0754966959 -0.857462525 -0.508977711 0.142301083 0.242701858 -0.959607363 0.142301083 0.242701858 -0.959607363 0.142301083 0.242701858 -0.959607363 0.142301083 0.242701858 -0.959607363 0.00719994586 0.99879247 -0.0485996343 0.00719994586 0.99879247 -0.0485996343 0.00719994586 0.99879247 -0.0485996343 0.0628005862 -0.903808534 -0.423303992 0.0628005862 -0.903808534 -0.423303992 0.0628005862 -0.903808534 -0.423303992 0.0628005862 -0.903808534 -0.423303992 0.145099431 0.146599412 -0.978496134 0.145099431 0.146599412 -0.978496134 0.145099431 0.146599412 -0.978496134 0.145099431 0.146599412 -0.978496134 0.0215989724 0.989152968 -0.145293087 0.0215989724 0.989152968 -0.145293087 0.0215989724 0.989152968 -0.145293087 0.0215989724 0.989152968 -0.145293087 0.0495006628 -0.941412628 -0.333604485 0.0495006628 -0.941412628 -0.333604485 0.0495006628 -0.941412628 -0.333604485 0.0495006628 -0.941412628 -0.333604485 0.146597326 0.0489991046 -0.987981975 0.146597326 0.0489991046 -0.987981975 0.146597326 0.0489991046 -0.987981975 0.146597326 0.0489991046 -0.987981975 0.0356988832 0.96996963 -0.240592465 0.0356988832 0.96996963 -0.240592465 0.0356988832 0.96996963 -0.240592465 0.0356988832 0.96996963 -0.240592465 0.0356988832 -0.96996963 -0.240592465 0.0356988832 -0.96996963 -0.240592465 0.0356988832 -0.96996963 -0.240592465 0.0356988832 -0.96996963 -0.240592465 0.146597326 -0.0489991046 -0.987981975 0.146597326 -0.0489991046 -0.987981975 0.146597326 -0.0489991046 -0.987981975 0.146597326 -0.0489991046 -0.987981975 0.0495006628 0.941412628 -0.333604485 0.0495006628 0.941412628 -0.333604485 0.0495006628 0.941412628 -0.333604485 0.0495006628 0.941412628 -0.333604485 0.0215989724 -0.989152968 -0.145293087 0.0215989724 -0.989152968 -0.145293087 0.0215989724 -0.989152968 -0.145293087 0.0215989724 -0.989152968 -0.145293087 0.145099431 -0.146599412 -0.978496134 0.145099431 -0.146599412 -0.978496134 0.145099431 -0.146599412 -0.978496134 0.145099431 -0.146599412 -0.978496134 0.0628005862 0.903808534 -0.423303992 0.0628005862 0.903808534 -0.423303992 0.0628005862 0.903808534 -0.423303992 0.0628005862 0.903808534 -0.423303992 0.00719994586 -0.99879247 -0.0485996343 0.00719994586 -0.99879247 -0.0485996343 0.00719994586 -0.99879247 -0.0485996343 0.142301083 -0.242701858 -0.959607363 0.142301083 -0.242701858 -0.959607363 0.142301083 -0.242701858 -0.959607363 0.142301083 -0.242701858 -0.959607363 0.0754966959 0.857462525 -0.508977711 0.0754966959 0.857462525 -0.508977711 0.0754966959 0.857462525 -0.508977711 0.0754966959 0.857462525 -0.508977711 0.138198376 -0.336496025 -0.93148905 0.138198376 -0.336496025 -0.93148905 0.138198376 -0.336496025 -0.93148905 0.138198376 -0.336496025 -0.93148905 0.0874977782 0.802879632 -0.589685023 0.0874977782 0.802879632 -0.589685023 0.0874977782 0.802879632 -0.589685023 0.0874977782 0.802879632 -0.589685023 0.13270165 -0.427105337 -0.894411147 0.13270165 -0.427105337 -0.894411147 0.13270165 -0.427105337 -0.894411147 0.13270165 -0.427105337 -0.894411147 0.0986055136 0.740541399 -0.664737165 0.0986055136 0.740541399 -0.664737165 0.0986055136 0.740541399 -0.664737165 0.0986055136 0.740541399 -0.664737165 0.125904575 -0.513618648 -0.848730803 0.125904575 -0.513618648 -0.848730803 0.125904575 -0.513618648 -0.848730803 0.125904575 -0.513618648 -0.848730803 0.108803183 0.67111969 -0.733321428 0.108803183 0.67111969 -0.733321428 0.108803183 0.67111969 -0.733321428 0.108803183 0.67111969 -0.733321428 0.11789827 -0.5951913 -0.794888318 0.11789827 -0.5951913 -0.794888318 0.11789827 -0.5951913 -0.794888318 0.11789827 -0.5951913 -0.794888318 0.11789827 0.5951913 -0.794888318 0.11789827 0.5951913 -0.794888318 0.11789827 0.5951913 -0.794888318 0.11789827 0.5951913 -0.794888318 0.108803183 -0.67111969 -0.733321428 0.108803183 -0.67111969 -0.733321428 0.108803183 -0.67111969 -0.733321428 0.108803183 -0.67111969 -0.733321428 0.125904575 0.513618648 -0.848730803 0.125904575 0.513618648 -0.848730803 0.125904575 0.513618648 -0.848730803 0.125904575 0.513618648 -0.848730803 0.124998003 -0.857486308 -0.499092013 0.124998003 -0.857486308 -0.499092013 0.124998003 -0.857486308 -0.499092013 0.124998003 -0.857486308 -0.499092013 0.235707223 0.242707431 -0.941028833 0.235707223 0.242707431 -0.941028833 0.235707223 0.242707431 -0.941028833 0.235707223 0.242707431 -0.941028833 0.0118998922 0.99879092 -0.0476995669 0.0118998922 0.99879092 -0.0476995669 0.0118998922 0.99879092 -0.0476995669 0.103996806 -0.903772235 -0.41518724 0.103996806 -0.903772235 -0.41518724 0.103996806 -0.903772235 -0.41518724 0.103996806 -0.903772235 -0.41518724 0.240386069 0.146591499 -0.959544361 0.240386069 0.146591499 -0.959544361 0.240386069 0.146591499 -0.959544361 0.240386069 0.146591499 -0.959544361 0.0356982648 0.989151895 -0.142493069 0.0356982648 0.989151895 -0.142493069 0.0356982648 0.989151895 -0.142493069 0.0356982648 0.989151895 -0.142493069 0.0819026306 -0.941430151 -0.327110499 0.0819026306 -0.941430151 -0.327110499 0.0819026306 -0.941430151 -0.327110499 0.0819026306 -0.941430151 -0.327110499 0.242691323 0.0489982478 -0.968865395 0.242691323 0.0489982478 -0.968865395 0.242691323 0.0489982478 -0.968865395 0.242691323 0.0489982478 -0.968865395 0.0590973794 0.969956994 -0.235989541 0.0590973794 0.969956994 -0.235989541 0.0590973794 0.969956994 -0.235989541 0.0590973794 0.969956994 -0.235989541 0.0590973794 -0.969956994 -0.235989541 0.0590973794 -0.969956994 -0.235989541 0.0590973794 -0.969956994 -0.235989541 0.0590973794 -0.969956994 -0.235989541 0.242691323 -0.0489982478 -0.968865395 0.242691323 -0.0489982478 -0.968865395 0.242691323 -0.0489982478 -0.968865395 0.242691323 -0.0489982478 -0.968865395 0.0819026306 0.941430151 -0.327110499 0.0819026306 0.941430151 -0.327110499 0.0819026306 0.941430151 -0.327110499 0.0819026306 0.941430151 -0.327110499 0.0356982648 -0.989151895 -0.142493069 0.0356982648 -0.989151895 -0.142493069 0.0356982648 -0.989151895 -0.142493069 0.0356982648 -0.989151895 -0.142493069 0.240386069 -0.146591499 -0.959544361 0.240386069 -0.146591499 -0.959544361 0.240386069 -0.146591499 -0.959544361 0.240386069 -0.146591499 -0.959544361 0.103996806 0.903772235 -0.41518724 0.103996806 0.903772235 -0.41518724 0.103996806 0.903772235 -0.41518724 0.103996806 0.903772235 -0.41518724 0.0118998922 -0.99879092 -0.0476995669 0.0118998922 -0.99879092 -0.0476995669 0.0118998922 -0.99879092 -0.0476995669 0.235707223 -0.242707431 -0.941028833 0.235707223 -0.242707431 -0.941028833 0.235707223 -0.242707431 -0.941028833 0.235707223 -0.242707431 -0.941028833 0.124998003 0.857486308 -0.499092013 0.124998003 0.857486308 -0.499092013 0.124998003 0.857486308 -0.499092013 0.124998003 0.857486308 -0.499092013 0.228792682 -0.33648923 -0.913470805 0.228792682 -0.33648923 -0.913470805 0.228792682 -0.33648923 -0.913470805 0.228792682 -0.33648923 -0.913470805 0.14489454 0.802869797 -0.578278244 0.14489454 0.802869797 -0.578278244 0.14489454 0.802869797 -0.578278244 0.14489454 0.802869797 -0.578278244 0.219701439 -0.427102804 -0.877105713 0.219701439 -0.427102804 -0.877105713 0.219701439 -0.427102804 -0.877105713 0.219701439 -0.427102804 -0.877105713 0.163301572 0.740507126 -0.651906312 0.163301572 0.740507126 -0.651906312 0.163301572 0.740507126 -0.651906312 0.163301572 0.740507126 -0.651906312 0.208502039 -0.513604999 -0.832308114 0.208502039 -0.513604999 -0.832308114 0.208502039 -0.513604999 -0.832308114 0.208502039 -0.513604999 -0.832308114 0.180107549 0.671128154 -0.719130158 0.180107549 0.671128154 -0.719130158 0.180107549 0.671128154 -0.719130158 0.180107549 0.671128154 -0.719130158 0.195201337 -0.595204055 -0.779505372 0.195201337 -0.595204055 -0.779505372 0.195201337 -0.595204055 -0.779505372 0.195201337 -0.595204055 -0.779505372 0.195201337 0.595204055 -0.779505372 0.195201337 0.595204055 -0.779505372 0.195201337 0.595204055 -0.779505372 0.195201337 0.595204055 -0.779505372 0.180107549 -0.671128154 -0.719130158 0.180107549 -0.671128154 -0.719130158 0.180107549 -0.671128154 -0.719130158 0.180107549 -0.671128154 -0.719130158 0.208502039 0.513604999 -0.832308114 0.208502039 0.513604999 -0.832308114 0.208502039 0.513604999 -0.832308114 0.208502039 0.513604999 -0.832308114 0.163301572 -0.740507126 -0.651906312 0.163301572 -0.740507126 -0.651906312 0.163301572 -0.740507126 -0.651906312 0.163301572 -0.740507126 -0.651906312 0.219701439 0.427102804 -0.877105713 0.219701439 0.427102804 -0.877105713 0.219701439 0.427102804 -0.877105713 0.219701439 0.427102804 -0.877105713 0.14489454 -0.802869797 -0.578278244 0.14489454 -0.802869797 -0.578278244 0.14489454 -0.802869797 -0.578278244 0.14489454 -0.802869797 -0.578278244 0.228792682 0.33648923 -0.913470805 0.228792682 0.33648923 -0.913470805 0.228792682 0.33648923 -0.913470805 0.228792682 0.33648923 -0.913470805 0.113603123 -0.94142586 -0.317508727 0.113603123 -0.94142586 -0.317508727 0.113603123 -0.94142586 -0.317508727 0.113603123 -0.94142586 -0.317508727 0.336502463 0.0490003563 -0.940406919 0.336502463 0.0490003563 -0.940406919 0.336502463 0.0490003563 -0.940406919 0.336502463 0.0490003563 -0.940406919 0.0818980113 0.969976425 -0.228994429 0.0818980113 0.969976425 -0.228994429 0.0818980113 0.969976425 -0.228994429 0.0818980113 0.969976425 -0.228994429 0.0818980113 -0.969976425 -0.228994429 0.0818980113 -0.969976425 -0.228994429 0.0818980113 -0.969976425 -0.228994429 0.0818980113 -0.969976425 -0.228994429 0.336502463 -0.0490003563 -0.940406919 0.336502463 -0.0490003563 -0.940406919 0.336502463 -0.0490003563 -0.940406919 0.336502463 -0.0490003563 -0.940406919 0.113603123 0.94142586 -0.317508727 0.113603123 0.94142586 -0.317508727 0.113603123 0.94142586 -0.317508727 0.113603123 0.94142586 -0.317508727 0.0494976826 -0.989153683 -0.13829352 0.0494976826 -0.989153683 -0.13829352 0.0494976826 -0.989153683 -0.13829352 0.0494976826 -0.989153683 -0.13829352 0.3332856 -0.14659366 -0.931359828 0.3332856 -0.14659366 -0.931359828 0.3332856 -0.14659366 -0.931359828 0.3332856 -0.14659366 -0.931359828 0.144195884 0.903774261 -0.402988523 0.144195884 0.903774261 -0.402988523 0.144195884 0.903774261 -0.402988523 0.144195884 0.903774261 -0.402988523 0.0164998583 -0.998791397 -0.0462996028 0.0164998583 -0.998791397 -0.0462996028 0.0164998583 -0.998791397 -0.0462996028 0.32679984 -0.242699876 -0.913399577 0.32679984 -0.242699876 -0.913399577 0.32679984 -0.242699876 -0.913399577 0.32679984 -0.242699876 -0.913399577 0.173293114 0.857465982 -0.484480768 0.173293114 0.857465982 -0.484480768 0.173293114 0.857465982 -0.484480768 0.173293114 0.857465982 -0.484480768 0.317214638 -0.336515516 -0.886640906 0.317214638 -0.336515516 -0.886640906 0.317214638 -0.336515516 -0.886640906 0.317214638 -0.336515516 -0.886640906 0.200797319 0.802889287 -0.56129247 0.200797319 0.802889287 -0.56129247 0.200797319 0.802889287 -0.56129247 0.200797319 0.802889287 -0.56129247 0.304614127 -0.427119821 -0.851339459 0.304614127 -0.427119821 -0.851339459 0.304614127 -0.427119821 -0.851339459 0.304614127 -0.427119821 -0.851339459 0.226410598 0.740534604 -0.63272965 0.226410598 0.740534604 -0.63272965 0.226410598 0.740534604 -0.63272965 0.226410598 0.740534604 -0.63272965 0.28911379 -0.513624489 -0.807838559 0.28911379 -0.513624489 -0.807838559 0.28911379 -0.513624489 -0.807838559 0.28911379 -0.513624489 -0.807838559 0.249802589 0.671106994 -0.698007226 0.249802589 0.671106994 -0.698007226 0.249802589 0.671106994 -0.698007226 0.249802589 0.671106994 -0.698007226 0.270702034 -0.595204413 -0.756605685 0.270702034 -0.595204413 -0.756605685 0.270702034 -0.595204413 -0.756605685 0.270702034 -0.595204413 -0.756605685 0.270702034 0.595204413 -0.756605685 0.270702034 0.595204413 -0.756605685 0.270702034 0.595204413 -0.756605685 0.270702034 0.595204413 -0.756605685 0.249802589 -0.671106994 -0.698007226 0.249802589 -0.671106994 -0.698007226 0.249802589 -0.671106994 -0.698007226 0.249802589 -0.671106994 -0.698007226 0.28911379 0.513624489 -0.807838559 0.28911379 0.513624489 -0.807838559 0.28911379 0.513624489 -0.807838559 0.28911379 0.513624489 -0.807838559 0.226410598 -0.740534604 -0.63272965 0.226410598 -0.740534604 -0.63272965 0.226410598 -0.740534604 -0.63272965 0.226410598 -0.740534604 -0.63272965 0.304614127 0.427119821 -0.851339459 0.304614127 0.427119821 -0.851339459 0.304614127 0.427119821 -0.851339459 0.304614127 0.427119821 -0.851339459 0.200797319 -0.802889287 -0.56129247 0.200797319 -0.802889287 -0.56129247 0.200797319 -0.802889287 -0.56129247 0.200797319 -0.802889287 -0.56129247 0.317214638 0.336515516 -0.886640906 0.317214638 0.336515516 -0.886640906 0.317214638 0.336515516 -0.886640906 0.317214638 0.336515516 -0.886640906 0.173293114 -0.857465982 -0.484480768 0.173293114 -0.857465982 -0.484480768 0.173293114 -0.857465982 -0.484480768 0.173293114 -0.857465982 -0.484480768 0.32679984 0.242699876 -0.913399577 0.32679984 0.242699876 -0.913399577 0.32679984 0.242699876 -0.913399577 0.32679984 0.242699876 -0.913399577 0.0164998583 0.998791397 -0.0462996028 0.0164998583 0.998791397 -0.0462996028 0.0164998583 0.998791397 -0.0462996028 0.144195884 -0.903774261 -0.402988523 0.144195884 -0.903774261 -0.402988523 0.144195884 -0.903774261 -0.402988523 0.144195884 -0.903774261 -0.402988523 0.3332856 0.14659366 -0.931359828 0.3332856 0.14659366 -0.931359828 0.3332856 0.14659366 -0.931359828 0.3332856 0.14659366 -0.931359828 0.0494976826 0.989153683 -0.13829352 0.0494976826 0.989153683 -0.13829352 0.0494976826 0.989153683 -0.13829352 0.0494976826 0.989153683 -0.13829352 0.0627969727 -0.989152372 -0.132793605 0.0627969727 -0.989152372 -0.132793605 0.0627969727 -0.989152372 -0.132793605 0.0627969727 -0.989152372 -0.132793605 0.422914863 -0.146605149 -0.894231498 0.422914863 -0.146605149 -0.894231498 0.422914863 -0.146605149 -0.894231498 0.422914863 -0.146605149 -0.894231498 0.182996795 0.903784156 -0.386893243 0.182996795 0.903784156 -0.386893243 0.182996795 0.903784156 -0.386893243 0.182996795 0.903784156 -0.386893243 0.0209998563 -0.998793185 -0.0443996973 0.0209998563 -0.998793185 -0.0443996973 0.0209998563 -0.998793185 -0.0443996973 0.414781064 -0.242688909 -0.87695992 0.414781064 -0.242688909 -0.87695992 0.414781064 -0.242688909 -0.87695992 0.414781064 -0.242688909 -0.87695992 0.219987094 0.85744971 -0.465172738 0.219987094 0.85744971 -0.465172738 0.219987094 0.85744971 -0.465172738 0.219987094 0.85744971 -0.465172738 0.402593791 -0.336494803 -0.851286888 0.402593791 -0.336494803 -0.851286888 0.402593791 -0.336494803 -0.851286888 0.402593791 -0.336494803 -0.851286888 0.254895478 0.802885771 -0.538890421 0.254895478 0.802885771 -0.538890421 0.254895478 0.802885771 -0.538890421 0.254895478 0.802885771 -0.538890421 0.386596769 -0.427096426 -0.817393184 0.386596769 -0.427096426 -0.817393184 0.386596769 -0.427096426 -0.817393184 0.386596769 -0.427096426 -0.817393184 0.287308931 0.74052304 -0.607518911 0.287308931 0.74052304 -0.607518911 0.287308931 0.74052304 -0.607518911 0.287308931 0.74052304 -0.607518911 0.366821557 -0.513630152 -0.775645554 0.366821557 -0.513630152 -0.775645554 0.366821557 -0.513630152 -0.775645554 0.366821557 -0.513630152 -0.775645554 0.316994905 0.671089232 -0.670189202 0.316994905 0.671089232 -0.670189202 0.316994905 0.671089232 -0.670189202 0.316994905 0.671089232 -0.670189202 0.343603283 -0.595205665 -0.726406932 0.343603283 -0.595205665 -0.726406932 0.343603283 -0.595205665 -0.726406932 0.343603283 -0.595205665 -0.726406932 0.343603283 0.595205665 -0.726406932 0.343603283 0.595205665 -0.726406932 0.343603283 0.595205665 -0.726406932 0.343603283 0.595205665 -0.726406932 0.316994905 -0.671089232 -0.670189202 0.316994905 -0.671089232 -0.670189202 0.316994905 -0.671089232 -0.670189202 0.316994905 -0.671089232 -0.670189202 0.366821557 0.513630152 -0.775645554 0.366821557 0.513630152 -0.775645554 0.366821557 0.513630152 -0.775645554 0.366821557 0.513630152 -0.775645554 0.287308931 -0.74052304 -0.607518911 0.287308931 -0.74052304 -0.607518911 0.287308931 -0.74052304 -0.607518911 0.287308931 -0.74052304 -0.607518911 0.386596769 0.427096426 -0.817393184 0.386596769 0.427096426 -0.817393184 0.386596769 0.427096426 -0.817393184 0.386596769 0.427096426 -0.817393184 0.254895478 -0.802885771 -0.538890421 0.254895478 -0.802885771 -0.538890421 0.254895478 -0.802885771 -0.538890421 0.254895478 -0.802885771 -0.538890421 0.402593791 0.336494803 -0.851286888 0.402593791 0.336494803 -0.851286888 0.402593791 0.336494803 -0.851286888 0.402593791 0.336494803 -0.851286888 0.219987094 -0.85744971 -0.465172738 0.219987094 -0.85744971 -0.465172738 0.219987094 -0.85744971 -0.465172738 0.219987094 -0.85744971 -0.465172738 0.414781064 0.242688909 -0.87695992 0.414781064 0.242688909 -0.87695992 0.414781064 0.242688909 -0.87695992 0.414781064 0.242688909 -0.87695992 0.0209998563 0.998793185 -0.0443996973 0.0209998563 0.998793185 -0.0443996973 0.0209998563 0.998793185 -0.0443996973 0.182996795 -0.903784156 -0.386893243 0.182996795 -0.903784156 -0.386893243 0.182996795 -0.903784156 -0.386893243 0.182996795 -0.903784156 -0.386893243 0.422914863 0.146605149 -0.894231498 0.422914863 0.146605149 -0.894231498 0.422914863 0.146605149 -0.894231498 0.422914863 0.146605149 -0.894231498 0.0627969727 0.989152372 -0.132793605 0.0627969727 0.989152372 -0.132793605 0.0627969727 0.989152372 -0.132793605 0.0627969727 0.989152372 -0.132793605 0.144200608 -0.941403985 -0.304901272 0.144200608 -0.941403985 -0.304901272 0.144200608 -0.941403985 -0.304901272 0.144200608 -0.941403985 -0.304901272 0.427008867 0.0490010194 -0.902918756 0.427008867 0.0490010194 -0.902918756 0.427008867 0.0490010194 -0.902918756 0.427008867 0.0490010194 -0.902918756 0.103996255 0.9699651 -0.219892085 0.103996255 0.9699651 -0.219892085 0.103996255 0.9699651 -0.219892085 0.103996255 0.9699651 -0.219892085 0.103996255 -0.9699651 -0.219892085 0.103996255 -0.9699651 -0.219892085 0.103996255 -0.9699651 -0.219892085 0.103996255 -0.9699651 -0.219892085 0.427008867 -0.0490010194 -0.902918756 0.427008867 -0.0490010194 -0.902918756 0.427008867 -0.0490010194 -0.902918756 0.427008867 -0.0490010194 -0.902918756 0.144200608 0.941403985 -0.304901272 0.144200608 0.941403985 -0.304901272 0.144200608 0.941403985 -0.304901272 0.144200608 0.941403985 -0.304901272 0.484108627 -0.336505979 -0.807714403 0.484108627 -0.336505979 -0.807714403 0.484108627 -0.336505979 -0.807714403 0.484108627 -0.336505979 -0.807714403 0.306497186 0.802892625 -0.511295319 0.306497186 0.802892625 -0.511295319 0.306497186 0.802892625 -0.511295319 0.306497186 0.802892625 -0.511295319 0.464834005 -0.427131236 -0.775556743 0.464834005 -0.427131236 -0.775556743 0.464834005 -0.427131236 -0.775556743 0.464834005 -0.427131236 -0.775556743 0.345509082 0.740519464 -0.576415122 0.345509082 0.740519464 -0.576415122 0.345509082 0.740519464 -0.576415122 0.345509082 0.740519464 -0.576415122 0.441121399 -0.513624907 -0.735935688 0.441121399 -0.513624907 -0.735935688 0.441121399 -0.513624907 -0.735935688 0.441121399 -0.513624907 -0.735935688 0.381103575 0.671106279 -0.635905981 0.381103575 0.671106279 -0.635905981 0.381103575 0.671106279 -0.635905981 0.381103575 0.671106279 -0.635905981 0.413118333 -0.595226407 -0.689230561 0.413118333 -0.595226407 -0.689230561 0.413118333 -0.595226407 -0.689230561 0.413118333 -0.595226407 -0.689230561 0.413118333 0.595226407 -0.689230561 0.413118333 0.595226407 -0.689230561 0.413118333 0.595226407 -0.689230561 0.413118333 0.595226407 -0.689230561 0.381103575 -0.671106279 -0.635905981 0.381103575 -0.671106279 -0.635905981 0.381103575 -0.671106279 -0.635905981 0.381103575 -0.671106279 -0.635905981 0.441121399 0.513624907 -0.735935688 0.441121399 0.513624907 -0.735935688 0.441121399 0.513624907 -0.735935688 0.441121399 0.513624907 -0.735935688 0.345509082 -0.740519464 -0.576415122 0.345509082 -0.740519464 -0.576415122 0.345509082 -0.740519464 -0.576415122 0.345509082 -0.740519464 -0.576415122 0.464834005 0.427131236 -0.775556743 0.464834005 0.427131236 -0.775556743 0.464834005 0.427131236 -0.775556743 0.464834005 0.427131236 -0.775556743 0.306497186 -0.802892625 -0.511295319 0.306497186 -0.802892625 -0.511295319 0.306497186 -0.802892625 -0.511295319 0.306497186 -0.802892625 -0.511295319 0.484108627 0.336505979 -0.807714403 0.484108627 0.336505979 -0.807714403 0.484108627 0.336505979 -0.807714403 0.484108627 0.336505979 -0.807714403 0.26448673 -0.857456982 -0.441377848 0.26448673 -0.857456982 -0.441377848 0.26448673 -0.857456982 -0.441377848 0.26448673 -0.857456982 -0.441377848 0.498701155 0.242700562 -0.832101882 0.498701155 0.242700562 -0.832101882 0.498701155 0.242700562 -0.832101882 0.498701155 0.242700562 -0.832101882 0.0252998248 0.998793066 -0.0420997106 0.0252998248 0.998793066 -0.0420997106 0.0252998248 0.998793066 -0.0420997106 0.219998136 -0.903792381 -0.367096901 0.219998136 -0.903792381 -0.367096901 0.219998136 -0.903792381 -0.367096901 0.219998136 -0.903792381 -0.367096901 0.508570075 0.146591365 -0.848450065 0.508570075 0.146591365 -0.848450065 0.508570075 0.146591365 -0.848450065 0.508570075 0.146591365 -0.848450065 0.0754964948 0.9891541 -0.125994161 0.0754964948 0.9891541 -0.125994161 0.0754964948 0.9891541 -0.125994161 0.0754964948 0.9891541 -0.125994161 0.173400357 -0.941401899 -0.289300591 0.173400357 -0.941401899 -0.289300591 0.173400357 -0.941401899 -0.289300591 0.173400357 -0.941401899 -0.289300591 0.513495326 0.0489995554 -0.856692255 0.513495326 0.0489995554 -0.856692255 0.513495326 0.0489995554 -0.856692255 0.513495326 0.0489995554 -0.856692255 0.125096008 0.969969034 -0.208593339 0.125096008 0.969969034 -0.208593339 0.125096008 0.969969034 -0.208593339 0.125096008 0.969969034 -0.208593339 0.125096008 -0.969969034 -0.208593339 0.125096008 -0.969969034 -0.208593339 0.125096008 -0.969969034 -0.208593339 0.125096008 -0.969969034 -0.208593339 0.513495326 -0.0489995554 -0.856692255 0.513495326 -0.0489995554 -0.856692255 0.513495326 -0.0489995554 -0.856692255 0.513495326 -0.0489995554 -0.856692255 0.173400357 0.941401899 -0.289300591 0.173400357 0.941401899 -0.289300591 0.173400357 0.941401899 -0.289300591 0.173400357 0.941401899 -0.289300591 0.0754964948 -0.9891541 -0.125994161 0.0754964948 -0.9891541 -0.125994161 0.0754964948 -0.9891541 -0.125994161 0.0754964948 -0.9891541 -0.125994161 0.508570075 -0.146591365 -0.848450065 0.508570075 -0.146591365 -0.848450065 0.508570075 -0.146591365 -0.848450065 0.508570075 -0.146591365 -0.848450065 0.219998136 0.903792381 -0.367096901 0.219998136 0.903792381 -0.367096901 0.219998136 0.903792381 -0.367096901 0.219998136 0.903792381 -0.367096901 0.0252998248 -0.998793066 -0.0420997106 0.0252998248 -0.998793066 -0.0420997106 0.0252998248 -0.998793066 -0.0420997106 0.498701155 -0.242700562 -0.832101882 0.498701155 -0.242700562 -0.832101882 0.498701155 -0.242700562 -0.832101882 0.498701155 -0.242700562 -0.832101882 0.26448673 0.857456982 -0.441377848 0.26448673 0.857456982 -0.441377848 0.26448673 0.857456982 -0.441377848 0.26448673 0.857456982 -0.441377848 0.511098802 -0.51359874 -0.689198315 0.511098802 -0.51359874 -0.689198315 0.511098802 -0.51359874 -0.689198315 0.511098802 -0.51359874 -0.689198315 0.441598684 0.671097994 -0.595498204 0.441598684 0.671097994 -0.595498204 0.441598684 0.671097994 -0.595498204 0.441598684 0.671097994 -0.595498204 0.478710085 -0.595212519 -0.645413578 0.478710085 -0.595212519 -0.645413578 0.478710085 -0.595212519 -0.645413578 0.478710085 -0.595212519 -0.645413578 0.478710085 0.595212519 -0.645413578 0.478710085 0.595212519 -0.645413578 0.478710085 0.595212519 -0.645413578 0.478710085 0.595212519 -0.645413578 0.441598684 -0.671097994 -0.595498204 0.441598684 -0.671097994 -0.595498204 0.441598684 -0.671097994 -0.595498204 0.441598684 -0.671097994 -0.595498204 0.511098802 0.51359874 -0.689198315 0.511098802 0.51359874 -0.689198315 0.511098802 0.51359874 -0.689198315 0.511098802 0.51359874 -0.689198315 0.400307119 -0.740513146 -0.539809585 0.400307119 -0.740513146 -0.539809585 0.400307119 -0.740513146 -0.539809585 0.400307119 -0.740513146 -0.539809585 0.538595736 0.427096605 -0.726294219 0.538595736 0.427096605 -0.726294219 0.538595736 0.427096605 -0.726294219 0.538595736 0.427096605 -0.726294219 0.355101109 -0.80290252 -0.478801489 0.355101109 -0.80290252 -0.478801489 0.355101109 -0.80290252 -0.478801489 0.355101109 -0.80290252 -0.478801489 0.560973585 0.336484134 -0.756364346 0.560973585 0.336484134 -0.756364346 0.560973585 0.336484134 -0.756364346 0.560973585 0.336484134 -0.756364346 0.306489974 -0.857472003 -0.413286507 0.306489974 -0.857472003 -0.413286507 0.306489974 -0.857472003 -0.413286507 0.306489974 -0.857472003 -0.413286507 0.577892959 0.242697045 -0.77919054 0.577892959 0.242697045 -0.77919054 0.577892959 0.242697045 -0.77919054 0.577892959 0.242697045 -0.77919054 0.0292997062 0.998789966 -0.0394996069 0.0292997062 0.998789966 -0.0394996069 0.0292997062 0.998789966 -0.0394996069 0.254896581 -0.903787851 -0.343795389 0.254896581 -0.903787851 -0.343795389 0.254896581 -0.903787851 -0.343795389 0.254896581 -0.903787851 -0.343795389 0.589301109 0.146600276 -0.794501483 0.589301109 0.146600276 -0.794501483 0.589301109 0.146600276 -0.794501483 0.589301109 0.146600276 -0.794501483 0.0874957666 0.989152133 -0.117994294 0.0874957666 0.989152133 -0.117994294 0.0874957666 0.989152133 -0.117994294 0.0874957666 0.989152133 -0.117994294 0.200901866 -0.941408694 -0.270902514 0.200901866 -0.941408694 -0.270902514 0.200901866 -0.941408694 -0.270902514 0.200901866 -0.941408694 -0.270902514 0.595014632 0.049001202 -0.802219748 0.595014632 0.049001202 -0.802219748 0.595014632 0.049001202 -0.802219748 0.595014632 0.049001202 -0.802219748 0.144894391 0.969962537 -0.19539246 0.144894391 0.969962537 -0.19539246 0.144894391 0.969962537 -0.19539246 0.144894391 0.969962537 -0.19539246 0.144894391 -0.969962537 -0.19539246 0.144894391 -0.969962537 -0.19539246 0.144894391 -0.969962537 -0.19539246 0.144894391 -0.969962537 -0.19539246 0.595014632 -0.049001202 -0.802219748 0.595014632 -0.049001202 -0.802219748 0.595014632 -0.049001202 -0.802219748 0.595014632 -0.049001202 -0.802219748 0.200901866 0.941408694 -0.270902514 0.200901866 0.941408694 -0.270902514 0.200901866 0.941408694 -0.270902514 0.200901866 0.941408694 -0.270902514 0.0874957666 -0.989152133 -0.117994294 0.0874957666 -0.989152133 -0.117994294 0.0874957666 -0.989152133 -0.117994294 0.0874957666 -0.989152133 -0.117994294 0.589301109 -0.146600276 -0.794501483 0.589301109 -0.146600276 -0.794501483 0.589301109 -0.146600276 -0.794501483 0.589301109 -0.146600276 -0.794501483 0.254896581 0.903787851 -0.343795389 0.254896581 0.903787851 -0.343795389 0.254896581 0.903787851 -0.343795389 0.254896581 0.903787851 -0.343795389 0.0292997062 -0.998789966 -0.0394996069 0.0292997062 -0.998789966 -0.0394996069 0.0292997062 -0.998789966 -0.0394996069 0.577892959 -0.242697045 -0.77919054 0.577892959 -0.242697045 -0.77919054 0.577892959 -0.242697045 -0.77919054 0.577892959 -0.242697045 -0.77919054 0.306489974 0.857472003 -0.413286507 0.306489974 0.857472003 -0.413286507 0.306489974 0.857472003 -0.413286507 0.306489974 0.857472003 -0.413286507 0.560973585 -0.336484134 -0.756364346 0.560973585 -0.336484134 -0.756364346 0.560973585 -0.336484134 -0.756364346 0.560973585 -0.336484134 -0.756364346 0.355101109 0.80290252 -0.478801489 0.355101109 0.80290252 -0.478801489 0.355101109 0.80290252 -0.478801489 0.355101109 0.80290252 -0.478801489 0.538595736 -0.427096605 -0.726294219 0.538595736 -0.427096605 -0.726294219 0.538595736 -0.427096605 -0.726294219 0.538595736 -0.427096605 -0.726294219 0.400307119 0.740513146 -0.539809585 0.400307119 0.740513146 -0.539809585 0.400307119 0.740513146 -0.539809585 0.400307119 0.740513146 -0.539809585 0.497897506 -0.671096683 -0.549297273 0.497897506 -0.671096683 -0.549297273 0.497897506 -0.671096683 -0.549297273 0.497897506 -0.671096683 -0.549297273 0.576227129 0.513624191 -0.635729909 0.576227129 0.513624191 -0.635729909 0.576227129 0.513624191 -0.635729909 0.576227129 0.513624191 -0.635729909 0.45131889 -0.740530968 -0.497920841 0.45131889 -0.740530968 -0.497920841 0.45131889 -0.740530968 -0.497920841 0.45131889 -0.740530968 -0.497920841 0.607198119 0.427098691 -0.669997931 0.607198119 0.427098691 -0.669997931 0.607198119 0.427098691 -0.669997931 0.607198119 0.427098691 -0.669997931 0.400386512 -0.802872956 -0.44168511 0.400386512 -0.802872956 -0.44168511 0.400386512 -0.802872956 -0.44168511 0.400386512 -0.802872956 -0.44168511 0.632416666 0.33650884 -0.697718382 0.632416666 0.33650884 -0.697718382 0.632416666 0.33650884 -0.697718382 0.632416666 0.33650884 -0.697718382 0.345576644 -0.857442081 -0.381274223 0.345576644 -0.857442081 -0.381274223 0.345576644 -0.857442081 -0.381274223 0.345576644 -0.857442081 -0.381274223 0.651490569 0.242696494 -0.718789637 0.651490569 0.242696494 -0.718789637 0.651490569 0.242696494 -0.718789637 0.651490569 0.242696494 -0.718789637 0.0329997465 0.99879235 -0.0363997221 0.0329997465 0.99879235 -0.0363997221 0.0329997465 0.99879235 -0.0363997221 0.287399232 -0.903797507 -0.317099124 0.287399232 -0.903797507 -0.317099124 0.287399232 -0.903797507 -0.317099124 0.287399232 -0.903797507 -0.317099124 0.664275169 0.146594509 -0.732972562 0.664275169 0.146594509 -0.732972562 0.664275169 0.146594509 -0.732972562 0.664275169 0.146594509 -0.732972562 0.0986952856 0.98915273 -0.108794801 0.0986952856 0.98915273 -0.108794801 0.0986952856 0.98915273 -0.108794801 0.0986952856 0.98915273 -0.108794801 0.226501569 -0.941406488 -0.249901727 0.226501569 -0.941406488 -0.249901727 0.226501569 -0.941406488 -0.249901727 0.226501569 -0.941406488 -0.249901727 0.670759201 0.0489970185 -0.740055025 0.670759201 0.0489970185 -0.740055025 0.670759201 0.0489970185 -0.740055025 0.670759201 0.0489970185 -0.740055025 0.163394153 0.969965339 -0.180193558 0.163394153 0.969965339 -0.180193558 0.163394153 0.969965339 -0.180193558 0.163394153 0.969965339 -0.180193558 0.163394153 -0.969965339 -0.180193558 0.163394153 -0.969965339 -0.180193558 0.163394153 -0.969965339 -0.180193558 0.163394153 -0.969965339 -0.180193558 0.670759201 -0.0489970185 -0.740055025 0.670759201 -0.0489970185 -0.740055025 0.670759201 -0.0489970185 -0.740055025 0.670759201 -0.0489970185 -0.740055025 0.226501569 0.941406488 -0.249901727 0.226501569 0.941406488 -0.249901727 0.226501569 0.941406488 -0.249901727 0.226501569 0.941406488 -0.249901727 0.0986952856 -0.98915273 -0.108794801 0.0986952856 -0.98915273 -0.108794801 0.0986952856 -0.98915273 -0.108794801 0.0986952856 -0.98915273 -0.108794801 0.664275169 -0.146594509 -0.732972562 0.664275169 -0.146594509 -0.732972562 0.664275169 -0.146594509 -0.732972562 0.664275169 -0.146594509 -0.732972562 0.287399232 0.903797507 -0.317099124 0.287399232 0.903797507 -0.317099124 0.287399232 0.903797507 -0.317099124 0.287399232 0.903797507 -0.317099124 0.0329997465 -0.99879235 -0.0363997221 0.0329997465 -0.99879235 -0.0363997221 0.0329997465 -0.99879235 -0.0363997221 0.651490569 -0.242696494 -0.718789637 0.651490569 -0.242696494 -0.718789637 0.651490569 -0.242696494 -0.718789637 0.651490569 -0.242696494 -0.718789637 0.345576644 0.857442081 -0.381274223 0.345576644 0.857442081 -0.381274223 0.345576644 0.857442081 -0.381274223 0.345576644 0.857442081 -0.381274223 0.632416666 -0.33650884 -0.697718382 0.632416666 -0.33650884 -0.697718382 0.632416666 -0.33650884 -0.697718382 0.632416666 -0.33650884 -0.697718382 0.400386512 0.802872956 -0.44168511 0.400386512 0.802872956 -0.44168511 0.400386512 0.802872956 -0.44168511 0.400386512 0.802872956 -0.44168511 0.607198119 -0.427098691 -0.669997931 0.607198119 -0.427098691 -0.669997931 0.607198119 -0.427098691 -0.669997931 0.607198119 -0.427098691 -0.669997931 0.45131889 0.740530968 -0.497920841 0.45131889 0.740530968 -0.497920841 0.45131889 0.740530968 -0.497920841 0.45131889 0.740530968 -0.497920841 0.576227129 -0.513624191 -0.635729909 0.576227129 -0.513624191 -0.635729909 0.576227129 -0.513624191 -0.635729909 0.576227129 -0.513624191 -0.635729909 0.497897506 0.671096683 -0.549297273 0.497897506 0.671096683 -0.549297273 0.497897506 0.671096683 -0.549297273 0.497897506 0.671096683 -0.549297273 0.539618254 -0.595220089 -0.595420122 0.539618254 -0.595220089 -0.595420122 0.539618254 -0.595220089 -0.595420122 0.539618254 -0.595220089 -0.595420122 0.539618254 0.595220089 -0.595420122 0.539618254 0.595220089 -0.595420122 0.539618254 0.595220089 -0.595420122 0.539618254 0.595220089 -0.595420122 0.44168511 -0.802872956 -0.400386512 0.44168511 -0.802872956 -0.400386512 0.44168511 -0.802872956 -0.400386512 0.44168511 -0.802872956 -0.400386512 0.697718382 0.33650884 -0.632416666 0.697718382 0.33650884 -0.632416666 0.697718382 0.33650884 -0.632416666 0.697718382 0.33650884 -0.632416666 0.381274223 -0.857442081 -0.345576644 0.381274223 -0.857442081 -0.345576644 0.381274223 -0.857442081 -0.345576644 0.381274223 -0.857442081 -0.345576644 0.718789637 0.242696494 -0.651490569 0.718789637 0.242696494 -0.651490569 0.718789637 0.242696494 -0.651490569 0.718789637 0.242696494 -0.651490569 0.0363997221 0.99879235 -0.0329997465 0.0363997221 0.99879235 -0.0329997465 0.0363997221 0.99879235 -0.0329997465 0.317099124 -0.903797507 -0.287399232 0.317099124 -0.903797507 -0.287399232 0.317099124 -0.903797507 -0.287399232 0.317099124 -0.903797507 -0.287399232 0.732972562 0.146594509 -0.664275169 0.732972562 0.146594509 -0.664275169 0.732972562 0.146594509 -0.664275169 0.732972562 0.146594509 -0.664275169 0.108893603 0.989141881 -0.0986942053 0.108893603 0.989141881 -0.0986942053 0.108893603 0.989141881 -0.0986942053 0.108893603 0.989141881 -0.0986942053 0.249901727 -0.941406488 -0.226501569 0.249901727 -0.941406488 -0.226501569 0.249901727 -0.941406488 -0.226501569 0.249901727 -0.941406488 -0.226501569 0.740055025 0.0489970185 -0.670759201 0.740055025 0.0489970185 -0.670759201 0.740055025 0.0489970185 -0.670759201 0.740055025 0.0489970185 -0.670759201 0.180193558 0.969965339 -0.163394153 0.180193558 0.969965339 -0.163394153 0.180193558 0.969965339 -0.163394153 0.180193558 0.969965339 -0.163394153 0.180193558 -0.969965339 -0.163394153 0.180193558 -0.969965339 -0.163394153 0.180193558 -0.969965339 -0.163394153 0.180193558 -0.969965339 -0.163394153 0.740055025 -0.0489970185 -0.670759201 0.740055025 -0.0489970185 -0.670759201 0.740055025 -0.0489970185 -0.670759201 0.740055025 -0.0489970185 -0.670759201 0.249901727 0.941406488 -0.226501569 0.249901727 0.941406488 -0.226501569 0.249901727 0.941406488 -0.226501569 0.249901727 0.941406488 -0.226501569 0.108794801 -0.98915273 -0.0986952856 0.108794801 -0.98915273 -0.0986952856 0.108794801 -0.98915273 -0.0986952856 0.108794801 -0.98915273 -0.0986952856 0.732972562 -0.146594509 -0.664275169 0.732972562 -0.146594509 -0.664275169 0.732972562 -0.146594509 -0.664275169 0.732972562 -0.146594509 -0.664275169 0.317099124 0.903797507 -0.287399232 0.317099124 0.903797507 -0.287399232 0.317099124 0.903797507 -0.287399232 0.317099124 0.903797507 -0.287399232 0.0363997221 -0.99879235 -0.0329997465 0.0363997221 -0.99879235 -0.0329997465 0.0363997221 -0.99879235 -0.0329997465 0.718789637 -0.242696494 -0.651490569 0.718789637 -0.242696494 -0.651490569 0.718789637 -0.242696494 -0.651490569 0.718789637 -0.242696494 -0.651490569 0.381274223 0.857442081 -0.345576644 0.381274223 0.857442081 -0.345576644 0.381274223 0.857442081 -0.345576644 0.381274223 0.857442081 -0.345576644 0.697718382 -0.33650884 -0.632416666 0.697718382 -0.33650884 -0.632416666 0.697718382 -0.33650884 -0.632416666 0.697718382 -0.33650884 -0.632416666 0.44168511 0.802872956 -0.400386512 0.44168511 0.802872956 -0.400386512 0.44168511 0.802872956 -0.400386512 0.44168511 0.802872956 -0.400386512 0.669997931 -0.427098691 -0.607198119 0.669997931 -0.427098691 -0.607198119 0.669997931 -0.427098691 -0.607198119 0.669997931 -0.427098691 -0.607198119 0.497920841 0.740530968 -0.45131889 0.497920841 0.740530968 -0.45131889 0.497920841 0.740530968 -0.45131889 0.497920841 0.740530968 -0.45131889 0.635729909 -0.513624191 -0.576227129 0.635729909 -0.513624191 -0.576227129 0.635729909 -0.513624191 -0.576227129 0.635729909 -0.513624191 -0.576227129 0.549297273 0.671096683 -0.497897506 0.549297273 0.671096683 -0.497897506 0.549297273 0.671096683 -0.497897506 0.549297273 0.671096683 -0.497897506 0.595420122 -0.595220089 -0.539618254 0.595420122 -0.595220089 -0.539618254 0.595420122 -0.595220089 -0.539618254 0.595420122 -0.595220089 -0.539618254 0.595420122 0.595220089 -0.539618254 0.595420122 0.595220089 -0.539618254 0.595420122 0.595220089 -0.539618254 0.595420122 0.595220089 -0.539618254 0.549297273 -0.671096683 -0.497897506 0.549297273 -0.671096683 -0.497897506 0.549297273 -0.671096683 -0.497897506 0.549297273 -0.671096683 -0.497897506 0.635729909 0.513624191 -0.576227129 0.635729909 0.513624191 -0.576227129 0.635729909 0.513624191 -0.576227129 0.635729909 0.513624191 -0.576227129 0.497920841 -0.740530968 -0.45131889 0.497920841 -0.740530968 -0.45131889 0.497920841 -0.740530968 -0.45131889 0.497920841 -0.740530968 -0.45131889 0.669997931 0.427098691 -0.607198119 0.669997931 0.427098691 -0.607198119 0.669997931 0.427098691 -0.607198119 0.669997931 0.427098691 -0.607198119 0.0394996069 0.998789966 -0.0292997062 0.0394996069 0.998789966 -0.0292997062 0.0394996069 0.998789966 -0.0292997062 0.343795389 -0.903787851 -0.254896581 0.343795389 -0.903787851 -0.254896581 0.343795389 -0.903787851 -0.254896581 0.343795389 -0.903787851 -0.254896581 0.794501483 0.146600276 -0.589301109 0.794501483 0.146600276 -0.589301109 0.794501483 0.146600276 -0.589301109 0.794501483 0.146600276 -0.589301109 0.117994294 0.989152133 -0.0874957666 0.117994294 0.989152133 -0.0874957666 0.117994294 0.989152133 -0.0874957666 0.117994294 0.989152133 -0.0874957666 0.270902514 -0.941408694 -0.200901866 0.270902514 -0.941408694 -0.200901866 0.270902514 -0.941408694 -0.200901866 0.270902514 -0.941408694 -0.200901866 0.802219748 0.049001202 -0.595014632 0.802219748 0.049001202 -0.595014632 0.802219748 0.049001202 -0.595014632 0.802219748 0.049001202 -0.595014632 0.19539246 0.969962537 -0.144894391 0.19539246 0.969962537 -0.144894391 0.19539246 0.969962537 -0.144894391 0.19539246 0.969962537 -0.144894391 0.19539246 -0.969962537 -0.144894391 0.19539246 -0.969962537 -0.144894391 0.19539246 -0.969962537 -0.144894391 0.19539246 -0.969962537 -0.144894391 0.802219748 -0.049001202 -0.595014632 0.802219748 -0.049001202 -0.595014632 0.802219748 -0.049001202 -0.595014632 0.802219748 -0.049001202 -0.595014632 0.270902514 0.941408694 -0.200901866 0.270902514 0.941408694 -0.200901866 0.270902514 0.941408694 -0.200901866 0.270902514 0.941408694 -0.200901866 0.117994294 -0.989152133 -0.0874957666 0.117994294 -0.989152133 -0.0874957666 0.117994294 -0.989152133 -0.0874957666 0.117994294 -0.989152133 -0.0874957666 0.794501483 -0.146600276 -0.589301109 0.794501483 -0.146600276 -0.589301109 0.794501483 -0.146600276 -0.589301109 0.794501483 -0.146600276 -0.589301109 0.343795389 0.903787851 -0.254896581 0.343795389 0.903787851 -0.254896581 0.343795389 0.903787851 -0.254896581 0.343795389 0.903787851 -0.254896581 0.0394996069 -0.998789966 -0.0292997062 0.0394996069 -0.998789966 -0.0292997062 0.0394996069 -0.998789966 -0.0292997062 0.77919054 -0.242697045 -0.577892959 0.77919054 -0.242697045 -0.577892959 0.77919054 -0.242697045 -0.577892959 0.77919054 -0.242697045 -0.577892959 0.413286507 0.857472003 -0.306489974 0.413286507 0.857472003 -0.306489974 0.413286507 0.857472003 -0.306489974 0.413286507 0.857472003 -0.306489974 0.756364346 -0.336484134 -0.560973585 0.756364346 -0.336484134 -0.560973585 0.756364346 -0.336484134 -0.560973585 0.756364346 -0.336484134 -0.560973585 0.478801489 0.80290252 -0.355101109 0.478801489 0.80290252 -0.355101109 0.478801489 0.80290252 -0.355101109 0.478801489 0.80290252 -0.355101109 0.726294219 -0.427096605 -0.538595736 0.726294219 -0.427096605 -0.538595736 0.726294219 -0.427096605 -0.538595736 0.726294219 -0.427096605 -0.538595736 0.539809585 0.740513146 -0.400307119 0.539809585 0.740513146 -0.400307119 0.539809585 0.740513146 -0.400307119 0.539809585 0.740513146 -0.400307119 0.689198315 -0.51359874 -0.511098802 0.689198315 -0.51359874 -0.511098802 0.689198315 -0.51359874 -0.511098802 0.689198315 -0.51359874 -0.511098802 0.595498204 0.671097994 -0.441598684 0.595498204 0.671097994 -0.441598684 0.595498204 0.671097994 -0.441598684 0.595498204 0.671097994 -0.441598684 0.645413578 -0.595212519 -0.478710085 0.645413578 -0.595212519 -0.478710085 0.645413578 -0.595212519 -0.478710085 0.645413578 -0.595212519 -0.478710085 0.645413578 0.595212519 -0.478710085 0.645413578 0.595212519 -0.478710085 0.645413578 0.595212519 -0.478710085 0.645413578 0.595212519 -0.478710085 0.595498204 -0.671097994 -0.441598684 0.595498204 -0.671097994 -0.441598684 0.595498204 -0.671097994 -0.441598684 0.595498204 -0.671097994 -0.441598684 0.689198315 0.51359874 -0.511098802 0.689198315 0.51359874 -0.511098802 0.689198315 0.51359874 -0.511098802 0.689198315 0.51359874 -0.511098802 0.539809585 -0.740513146 -0.400307119 0.539809585 -0.740513146 -0.400307119 0.539809585 -0.740513146 -0.400307119 0.539809585 -0.740513146 -0.400307119 0.726294219 0.427096605 -0.538595736 0.726294219 0.427096605 -0.538595736 0.726294219 0.427096605 -0.538595736 0.726294219 0.427096605 -0.538595736 0.478801489 -0.80290252 -0.355101109 0.478801489 -0.80290252 -0.355101109 0.478801489 -0.80290252 -0.355101109 0.478801489 -0.80290252 -0.355101109 0.756364346 0.336484134 -0.560973585 0.756364346 0.336484134 -0.560973585 0.756364346 0.336484134 -0.560973585 0.756364346 0.336484134 -0.560973585 0.413286507 -0.857472003 -0.306489974 0.413286507 -0.857472003 -0.306489974 0.413286507 -0.857472003 -0.306489974 0.413286507 -0.857472003 -0.306489974 0.77919054 0.242697045 -0.577892959 0.77919054 0.242697045 -0.577892959 0.77919054 0.242697045 -0.577892959 0.77919054 0.242697045 -0.577892959 0.208593339 0.969969034 -0.125096008 0.208593339 0.969969034 -0.125096008 0.208593339 0.969969034 -0.125096008 0.208593339 0.969969034 -0.125096008 0.208593339 -0.969969034 -0.125096008 0.208593339 -0.969969034 -0.125096008 0.208593339 -0.969969034 -0.125096008 0.208593339 -0.969969034 -0.125096008 0.856692255 -0.0489995554 -0.513495326 0.856692255 -0.0489995554 -0.513495326 0.856692255 -0.0489995554 -0.513495326 0.856692255 -0.0489995554 -0.513495326 0.289300591 0.941401899 -0.173400357 0.289300591 0.941401899 -0.173400357 0.289300591 0.941401899 -0.173400357 0.289300591 0.941401899 -0.173400357 0.125994161 -0.9891541 -0.0754964948 0.125994161 -0.9891541 -0.0754964948 0.125994161 -0.9891541 -0.0754964948 0.125994161 -0.9891541 -0.0754964948 0.848450065 -0.146591365 -0.508570075 0.848450065 -0.146591365 -0.508570075 0.848450065 -0.146591365 -0.508570075 0.848450065 -0.146591365 -0.508570075 0.367096901 0.903792381 -0.219998136 0.367096901 0.903792381 -0.219998136 0.367096901 0.903792381 -0.219998136 0.367096901 0.903792381 -0.219998136 0.0420997106 -0.998793066 -0.0252998248 0.0420997106 -0.998793066 -0.0252998248 0.0420997106 -0.998793066 -0.0252998248 0.832101882 -0.242700562 -0.498701155 0.832101882 -0.242700562 -0.498701155 0.832101882 -0.242700562 -0.498701155 0.832101882 -0.242700562 -0.498701155 0.441377848 0.857456982 -0.26448673 0.441377848 0.857456982 -0.26448673 0.441377848 0.857456982 -0.26448673 0.441377848 0.857456982 -0.26448673 0.807714403 -0.336505979 -0.484108627 0.807714403 -0.336505979 -0.484108627 0.807714403 -0.336505979 -0.484108627 0.807714403 -0.336505979 -0.484108627 0.511295319 0.802892625 -0.306497186 0.511295319 0.802892625 -0.306497186 0.511295319 0.802892625 -0.306497186 0.511295319 0.802892625 -0.306497186 0.775556743 -0.427131236 -0.464834005 0.775556743 -0.427131236 -0.464834005 0.775556743 -0.427131236 -0.464834005 0.775556743 -0.427131236 -0.464834005 0.576415122 0.740519464 -0.345509082 0.576415122 0.740519464 -0.345509082 0.576415122 0.740519464 -0.345509082 0.576415122 0.740519464 -0.345509082 0.735935688 -0.513624907 -0.441121399 0.735935688 -0.513624907 -0.441121399 0.735935688 -0.513624907 -0.441121399 0.735935688 -0.513624907 -0.441121399 0.635905981 0.671106279 -0.381103575 0.635905981 0.671106279 -0.381103575 0.635905981 0.671106279 -0.381103575 0.635905981 0.671106279 -0.381103575 0.689230561 -0.595226407 -0.413118333 0.689230561 -0.595226407 -0.413118333 0.689230561 -0.595226407 -0.413118333 0.689230561 -0.595226407 -0.413118333 0.689230561 0.595226407 -0.413118333 0.689230561 0.595226407 -0.413118333 0.689230561 0.595226407 -0.413118333 0.689230561 0.595226407 -0.413118333 0.635905981 -0.671106279 -0.381103575 0.635905981 -0.671106279 -0.381103575 0.635905981 -0.671106279 -0.381103575 0.635905981 -0.671106279 -0.381103575 0.735935688 0.513624907 -0.441121399 0.735935688 0.513624907 -0.441121399 0.735935688 0.513624907 -0.441121399 0.735935688 0.513624907 -0.441121399 0.576415122 -0.740519464 -0.345509082 0.576415122 -0.740519464 -0.345509082 0.576415122 -0.740519464 -0.345509082 0.576415122 -0.740519464 -0.345509082 0.775556743 0.427131236 -0.464834005 0.775556743 0.427131236 -0.464834005 0.775556743 0.427131236 -0.464834005 0.775556743 0.427131236 -0.464834005 0.511295319 -0.802892625 -0.306497186 0.511295319 -0.802892625 -0.306497186 0.511295319 -0.802892625 -0.306497186 0.511295319 -0.802892625 -0.306497186 0.807714403 0.336505979 -0.484108627 0.807714403 0.336505979 -0.484108627 0.807714403 0.336505979 -0.484108627 0.807714403 0.336505979 -0.484108627 0.441377848 -0.857456982 -0.26448673 0.441377848 -0.857456982 -0.26448673 0.441377848 -0.857456982 -0.26448673 0.441377848 -0.857456982 -0.26448673 0.832101882 0.242700562 -0.498701155 0.832101882 0.242700562 -0.498701155 0.832101882 0.242700562 -0.498701155 0.832101882 0.242700562 -0.498701155 0.0420997106 0.998793066 -0.0252998248 0.0420997106 0.998793066 -0.0252998248 0.0420997106 0.998793066 -0.0252998248 0.367096901 -0.903792381 -0.219998136 0.367096901 -0.903792381 -0.219998136 0.367096901 -0.903792381 -0.219998136 0.367096901 -0.903792381 -0.219998136 0.848450065 0.146591365 -0.508570075 0.848450065 0.146591365 -0.508570075 0.848450065 0.146591365 -0.508570075 0.848450065 0.146591365 -0.508570075 0.125994161 0.9891541 -0.0754964948 0.125994161 0.9891541 -0.0754964948 0.125994161 0.9891541 -0.0754964948 0.125994161 0.9891541 -0.0754964948 0.289300591 -0.941401899 -0.173400357 0.289300591 -0.941401899 -0.173400357 0.289300591 -0.941401899 -0.173400357 0.289300591 -0.941401899 -0.173400357 0.856692255 0.0489995554 -0.513495326 0.856692255 0.0489995554 -0.513495326 0.856692255 0.0489995554 -0.513495326 0.856692255 0.0489995554 -0.513495326 0.386893243 0.903784156 -0.182996795 0.386893243 0.903784156 -0.182996795 0.386893243 0.903784156 -0.182996795 0.386893243 0.903784156 -0.182996795 0.0443996973 -0.998793185 -0.0209998563 0.0443996973 -0.998793185 -0.0209998563 0.0443996973 -0.998793185 -0.0209998563 0.87695992 -0.242688909 -0.414781064 0.87695992 -0.242688909 -0.414781064 0.87695992 -0.242688909 -0.414781064 0.87695992 -0.242688909 -0.414781064 0.465172738 0.85744971 -0.219987094 0.465172738 0.85744971 -0.219987094 0.465172738 0.85744971 -0.219987094 0.465172738 0.85744971 -0.219987094 0.851286888 -0.336494803 -0.402593791 0.851286888 -0.336494803 -0.402593791 0.851286888 -0.336494803 -0.402593791 0.851286888 -0.336494803 -0.402593791 0.538890421 0.802885771 -0.254895478 0.538890421 0.802885771 -0.254895478 0.538890421 0.802885771 -0.254895478 0.538890421 0.802885771 -0.254895478 0.817393184 -0.427096426 -0.386596769 0.817393184 -0.427096426 -0.386596769 0.817393184 -0.427096426 -0.386596769 0.817393184 -0.427096426 -0.386596769 0.607518911 0.74052304 -0.287308931 0.607518911 0.74052304 -0.287308931 0.607518911 0.74052304 -0.287308931 0.607518911 0.74052304 -0.287308931 0.775645554 -0.513630152 -0.366821557 0.775645554 -0.513630152 -0.366821557 0.775645554 -0.513630152 -0.366821557 0.775645554 -0.513630152 -0.366821557 0.670189202 0.671089232 -0.316994905 0.670189202 0.671089232 -0.316994905 0.670189202 0.671089232 -0.316994905 0.670189202 0.671089232 -0.316994905 0.726406932 -0.595205665 -0.343603283 0.726406932 -0.595205665 -0.343603283 0.726406932 -0.595205665 -0.343603283 0.726406932 -0.595205665 -0.343603283 0.726406932 0.595205665 -0.343603283 0.726406932 0.595205665 -0.343603283 0.726406932 0.595205665 -0.343603283 0.726406932 0.595205665 -0.343603283 0.670189202 -0.671089232 -0.316994905 0.670189202 -0.671089232 -0.316994905 0.670189202 -0.671089232 -0.316994905 0.670189202 -0.671089232 -0.316994905 0.775645554 0.513630152 -0.366821557 0.775645554 0.513630152 -0.366821557 0.775645554 0.513630152 -0.366821557 0.775645554 0.513630152 -0.366821557 0.607518911 -0.74052304 -0.287308931 0.607518911 -0.74052304 -0.287308931 0.607518911 -0.74052304 -0.287308931 0.607518911 -0.74052304 -0.287308931 0.817393184 0.427096426 -0.386596769 0.817393184 0.427096426 -0.386596769 0.817393184 0.427096426 -0.386596769 0.817393184 0.427096426 -0.386596769 0.538890421 -0.802885771 -0.254895478 0.538890421 -0.802885771 -0.254895478 0.538890421 -0.802885771 -0.254895478 0.538890421 -0.802885771 -0.254895478 0.851286888 0.336494803 -0.402593791 0.851286888 0.336494803 -0.402593791 0.851286888 0.336494803 -0.402593791 0.851286888 0.336494803 -0.402593791 0.465172738 -0.85744971 -0.219987094 0.465172738 -0.85744971 -0.219987094 0.465172738 -0.85744971 -0.219987094 0.465172738 -0.85744971 -0.219987094 0.87695992 0.242688909 -0.414781064 0.87695992 0.242688909 -0.414781064 0.87695992 0.242688909 -0.414781064 0.87695992 0.242688909 -0.414781064 0.0443996973 0.998793185 -0.0209998563 0.0443996973 0.998793185 -0.0209998563 0.0443996973 0.998793185 -0.0209998563 0.386893243 -0.903784156 -0.182996795 0.386893243 -0.903784156 -0.182996795 0.386893243 -0.903784156 -0.182996795 0.386893243 -0.903784156 -0.182996795 0.894231498 0.146605149 -0.422914863 0.894231498 0.146605149 -0.422914863 0.894231498 0.146605149 -0.422914863 0.894231498 0.146605149 -0.422914863 0.132793605 0.989152372 -0.0627969727 0.132793605 0.989152372 -0.0627969727 0.132793605 0.989152372 -0.0627969727 0.132793605 0.989152372 -0.0627969727 0.304901272 -0.941403985 -0.144200608 0.304901272 -0.941403985 -0.144200608 0.304901272 -0.941403985 -0.144200608 0.304901272 -0.941403985 -0.144200608 0.902918756 0.0490010194 -0.427008867 0.902918756 0.0490010194 -0.427008867 0.902918756 0.0490010194 -0.427008867 0.902918756 0.0490010194 -0.427008867 0.219892085 0.9699651 -0.103996255 0.219892085 0.9699651 -0.103996255 0.219892085 0.9699651 -0.103996255 0.219892085 0.9699651 -0.103996255 0.219892085 -0.9699651 -0.103996255 0.219892085 -0.9699651 -0.103996255 0.219892085 -0.9699651 -0.103996255 0.219892085 -0.9699651 -0.103996255 0.902918756 -0.0490010194 -0.427008867 0.902918756 -0.0490010194 -0.427008867 0.902918756 -0.0490010194 -0.427008867 0.902918756 -0.0490010194 -0.427008867 0.304901272 0.941403985 -0.144200608 0.304901272 0.941403985 -0.144200608 0.304901272 0.941403985 -0.144200608 0.304901272 0.941403985 -0.144200608 0.132793605 -0.989152372 -0.0627969727 0.132793605 -0.989152372 -0.0627969727 0.132793605 -0.989152372 -0.0627969727 0.132793605 -0.989152372 -0.0627969727 0.894231498 -0.146605149 -0.422914863 0.894231498 -0.146605149 -0.422914863 0.894231498 -0.146605149 -0.422914863 0.894231498 -0.146605149 -0.422914863 0.56129247 0.802889287 -0.200797319 0.56129247 0.802889287 -0.200797319 0.56129247 0.802889287 -0.200797319 0.56129247 0.802889287 -0.200797319 0.851339459 -0.427119821 -0.304614127 0.851339459 -0.427119821 -0.304614127 0.851339459 -0.427119821 -0.304614127 0.851339459 -0.427119821 -0.304614127 0.63272965 0.740534604 -0.226410598 0.63272965 0.740534604 -0.226410598 0.63272965 0.740534604 -0.226410598 0.63272965 0.740534604 -0.226410598 0.807838559 -0.513624489 -0.28911379 0.807838559 -0.513624489 -0.28911379 0.807838559 -0.513624489 -0.28911379 0.807838559 -0.513624489 -0.28911379 0.698007226 0.671106994 -0.249802589 0.698007226 0.671106994 -0.249802589 0.698007226 0.671106994 -0.249802589 0.698007226 0.671106994 -0.249802589 0.756605685 -0.595204413 -0.270702034 0.756605685 -0.595204413 -0.270702034 0.756605685 -0.595204413 -0.270702034 0.756605685 -0.595204413 -0.270702034 0.756605685 0.595204413 -0.270702034 0.756605685 0.595204413 -0.270702034 0.756605685 0.595204413 -0.270702034 0.756605685 0.595204413 -0.270702034 0.698007226 -0.671106994 -0.249802589 0.698007226 -0.671106994 -0.249802589 0.698007226 -0.671106994 -0.249802589 0.698007226 -0.671106994 -0.249802589 0.807838559 0.513624489 -0.28911379 0.807838559 0.513624489 -0.28911379 0.807838559 0.513624489 -0.28911379 0.807838559 0.513624489 -0.28911379 0.63272965 -0.740534604 -0.226410598 0.63272965 -0.740534604 -0.226410598 0.63272965 -0.740534604 -0.226410598 0.63272965 -0.740534604 -0.226410598 0.851339459 0.427119821 -0.304614127 0.851339459 0.427119821 -0.304614127 0.851339459 0.427119821 -0.304614127 0.851339459 0.427119821 -0.304614127 0.56129247 -0.802889287 -0.200797319 0.56129247 -0.802889287 -0.200797319 0.56129247 -0.802889287 -0.200797319 0.56129247 -0.802889287 -0.200797319 0.886640906 0.336515516 -0.317214638 0.886640906 0.336515516 -0.317214638 0.886640906 0.336515516 -0.317214638 0.886640906 0.336515516 -0.317214638 0.484480768 -0.857465982 -0.173293114 0.484480768 -0.857465982 -0.173293114 0.484480768 -0.857465982 -0.173293114 0.484480768 -0.857465982 -0.173293114 0.913399577 0.242699876 -0.32679984 0.913399577 0.242699876 -0.32679984 0.913399577 0.242699876 -0.32679984 0.913399577 0.242699876 -0.32679984 0.0461997353 0.998794258 -0.0165999047 0.0461997353 0.998794258 -0.0165999047 0.0461997353 0.998794258 -0.0165999047 0.402988523 -0.903774261 -0.144195884 0.402988523 -0.903774261 -0.144195884 0.402988523 -0.903774261 -0.144195884 0.402988523 -0.903774261 -0.144195884 0.931359828 0.14659366 -0.3332856 0.931359828 0.14659366 -0.3332856 0.931359828 0.14659366 -0.3332856 0.931359828 0.14659366 -0.3332856 0.13829352 0.989153683 -0.0494976826 0.13829352 0.989153683 -0.0494976826 0.13829352 0.989153683 -0.0494976826 0.13829352 0.989153683 -0.0494976826 0.317508727 -0.94142586 -0.113603123 0.317508727 -0.94142586 -0.113603123 0.317508727 -0.94142586 -0.113603123 0.317508727 -0.94142586 -0.113603123 0.940406919 0.0490003563 -0.336502463 0.940406919 0.0490003563 -0.336502463 0.940406919 0.0490003563 -0.336502463 0.940406919 0.0490003563 -0.336502463 0.228992552 0.969968438 -0.081997335 0.228992552 0.969968438 -0.081997335 0.228992552 0.969968438 -0.081997335 0.228992552 0.969968438 -0.081997335 0.228992552 -0.969968438 -0.081997335 0.228992552 -0.969968438 -0.081997335 0.228992552 -0.969968438 -0.081997335 0.228992552 -0.969968438 -0.081997335 0.940406919 -0.0490003563 -0.336502463 0.940406919 -0.0490003563 -0.336502463 0.940406919 -0.0490003563 -0.336502463 0.940406919 -0.0490003563 -0.336502463 0.317508727 0.94142586 -0.113603123 0.317508727 0.94142586 -0.113603123 0.317508727 0.94142586 -0.113603123 0.317508727 0.94142586 -0.113603123 0.13829352 -0.989153683 -0.0494976826 0.13829352 -0.989153683 -0.0494976826 0.13829352 -0.989153683 -0.0494976826 0.13829352 -0.989153683 -0.0494976826 0.931359828 -0.14659366 -0.3332856 0.931359828 -0.14659366 -0.3332856 0.931359828 -0.14659366 -0.3332856 0.931359828 -0.14659366 -0.3332856 0.402988523 0.903774261 -0.144195884 0.402988523 0.903774261 -0.144195884 0.402988523 0.903774261 -0.144195884 0.402988523 0.903774261 -0.144195884 0.0461997353 -0.998794258 -0.0165999047 0.0461997353 -0.998794258 -0.0165999047 0.0461997353 -0.998794258 -0.0165999047 0.913399577 -0.242699876 -0.32679984 0.913399577 -0.242699876 -0.32679984 0.913399577 -0.242699876 -0.32679984 0.913399577 -0.242699876 -0.32679984 0.484480768 0.857465982 -0.173293114 0.484480768 0.857465982 -0.173293114 0.484480768 0.857465982 -0.173293114 0.484480768 0.857465982 -0.173293114 0.886640906 -0.336515516 -0.317214638 0.886640906 -0.336515516 -0.317214638 0.886640906 -0.336515516 -0.317214638 0.886640906 -0.336515516 -0.317214638 0.719130158 0.671128154 -0.180107549 0.719130158 0.671128154 -0.180107549 0.719130158 0.671128154 -0.180107549 0.719130158 0.671128154 -0.180107549 0.779505372 -0.595204055 -0.195201337 0.779505372 -0.595204055 -0.195201337 0.779505372 -0.595204055 -0.195201337 0.779505372 -0.595204055 -0.195201337 0.779505372 0.595204055 -0.195201337 0.779505372 0.595204055 -0.195201337 0.779505372 0.595204055 -0.195201337 0.779505372 0.595204055 -0.195201337 0.719130158 -0.671128154 -0.180107549 0.719130158 -0.671128154 -0.180107549 0.719130158 -0.671128154 -0.180107549 0.719130158 -0.671128154 -0.180107549 0.832308114 0.513604999 -0.208502039 0.832308114 0.513604999 -0.208502039 0.832308114 0.513604999 -0.208502039 0.832308114 0.513604999 -0.208502039 0.651906312 -0.740507126 -0.163301572 0.651906312 -0.740507126 -0.163301572 0.651906312 -0.740507126 -0.163301572 0.651906312 -0.740507126 -0.163301572 0.877105713 0.427102804 -0.219701439 0.877105713 0.427102804 -0.219701439 0.877105713 0.427102804 -0.219701439 0.877105713 0.427102804 -0.219701439 0.578278244 -0.802869797 -0.14489454 0.578278244 -0.802869797 -0.14489454 0.578278244 -0.802869797 -0.14489454 0.578278244 -0.802869797 -0.14489454 0.913470805 0.33648923 -0.228792682 0.913470805 0.33648923 -0.228792682 0.913470805 0.33648923 -0.228792682 0.913470805 0.33648923 -0.228792682 0.499092013 -0.857486308 -0.124998003 0.499092013 -0.857486308 -0.124998003 0.499092013 -0.857486308 -0.124998003 0.499092013 -0.857486308 -0.124998003 0.941028833 0.242707431 -0.235707223 0.941028833 0.242707431 -0.235707223 0.941028833 0.242707431 -0.235707223 0.941028833 0.242707431 -0.235707223 0.0476995669 0.99879092 -0.0118998922 0.0476995669 0.99879092 -0.0118998922 0.0476995669 0.99879092 -0.0118998922 0.415104479 -0.903809786 -0.104001127 0.415104479 -0.903809786 -0.104001127 0.415104479 -0.903809786 -0.104001127 0.415104479 -0.903809786 -0.104001127 0.959544361 0.146591499 -0.240386069 0.959544361 0.146591499 -0.240386069 0.959544361 0.146591499 -0.240386069 0.959544361 0.146591499 -0.240386069 0.142493069 0.989151895 -0.0356982648 0.142493069 0.989151895 -0.0356982648 0.142493069 0.989151895 -0.0356982648 0.142493069 0.989151895 -0.0356982648 0.327110499 -0.941430151 -0.0819026306 0.327110499 -0.941430151 -0.0819026306 0.327110499 -0.941430151 -0.0819026306 0.327110499 -0.941430151 -0.0819026306 0.968865395 0.0489982478 -0.242691323 0.968865395 0.0489982478 -0.242691323 0.968865395 0.0489982478 -0.242691323 0.968865395 0.0489982478 -0.242691323 0.235989541 0.969956994 -0.0590973794 0.235989541 0.969956994 -0.0590973794 0.235989541 0.969956994 -0.0590973794 0.235989541 0.969956994 -0.0590973794 0.235989541 -0.969956994 -0.0590973794 0.235989541 -0.969956994 -0.0590973794 0.235989541 -0.969956994 -0.0590973794 0.235989541 -0.969956994 -0.0590973794 0.968865395 -0.0489982478 -0.242691323 0.968865395 -0.0489982478 -0.242691323 0.968865395 -0.0489982478 -0.242691323 0.968865395 -0.0489982478 -0.242691323 0.327110499 0.941430151 -0.0819026306 0.327110499 0.941430151 -0.0819026306 0.327110499 0.941430151 -0.0819026306 0.327110499 0.941430151 -0.0819026306 0.142493069 -0.989151895 -0.0356982648 0.142493069 -0.989151895 -0.0356982648 0.142493069 -0.989151895 -0.0356982648 0.142493069 -0.989151895 -0.0356982648 0.959544361 -0.146591499 -0.240386069 0.959544361 -0.146591499 -0.240386069 0.959544361 -0.146591499 -0.240386069 0.959544361 -0.146591499 -0.240386069 0.415104479 0.903809786 -0.104001127 0.415104479 0.903809786 -0.104001127 0.415104479 0.903809786 -0.104001127 0.415104479 0.903809786 -0.104001127 0.0476995669 -0.99879092 -0.0118998922 0.0476995669 -0.99879092 -0.0118998922 0.0476995669 -0.99879092 -0.0118998922 0.941028833 -0.242707431 -0.235707223 0.941028833 -0.242707431 -0.235707223 0.941028833 -0.242707431 -0.235707223 0.941028833 -0.242707431 -0.235707223 0.499092013 0.857486308 -0.124998003 0.499092013 0.857486308 -0.124998003 0.499092013 0.857486308 -0.124998003 0.499092013 0.857486308 -0.124998003 0.913470805 -0.33648923 -0.228792682 0.913470805 -0.33648923 -0.228792682 0.913470805 -0.33648923 -0.228792682 0.913470805 -0.33648923 -0.228792682 0.578278244 0.802869797 -0.14489454 0.578278244 0.802869797 -0.14489454 0.578278244 0.802869797 -0.14489454 0.578278244 0.802869797 -0.14489454 0.877105713 -0.427102804 -0.219701439 0.877105713 -0.427102804 -0.219701439 0.877105713 -0.427102804 -0.219701439 0.877105713 -0.427102804 -0.219701439 0.651906312 0.740507126 -0.163301572 0.651906312 0.740507126 -0.163301572 0.651906312 0.740507126 -0.163301572 0.651906312 0.740507126 -0.163301572 0.832308114 -0.513604999 -0.208502039 0.832308114 -0.513604999 -0.208502039 0.832308114 -0.513604999 -0.208502039 0.832308114 -0.513604999 -0.208502039 0.848730803 0.513618648 -0.125904575 0.848730803 0.513618648 -0.125904575 0.848730803 0.513618648 -0.125904575 0.848730803 0.513618648 -0.125904575 0.664737165 -0.740541399 -0.0986055136 0.664737165 -0.740541399 -0.0986055136 0.664737165 -0.740541399 -0.0986055136 0.664737165 -0.740541399 -0.0986055136 0.894411147 0.427105337 -0.13270165 0.894411147 0.427105337 -0.13270165 0.894411147 0.427105337 -0.13270165 0.894411147 0.427105337 -0.13270165 0.589685023 -0.802879632 -0.0874977782 0.589685023 -0.802879632 -0.0874977782 0.589685023 -0.802879632 -0.0874977782 0.589685023 -0.802879632 -0.0874977782 0.93148905 0.336496025 -0.138198376 0.93148905 0.336496025 -0.138198376 0.93148905 0.336496025 -0.138198376 0.93148905 0.336496025 -0.138198376 0.508977711 -0.857462525 -0.0754966959 0.508977711 -0.857462525 -0.0754966959 0.508977711 -0.857462525 -0.0754966959 0.508977711 -0.857462525 -0.0754966959 0.959607363 0.242701858 -0.142301083 0.959607363 0.242701858 -0.142301083 0.959607363 0.242701858 -0.142301083 0.959607363 0.242701858 -0.142301083 0.0485996343 0.99879247 -0.00719994586 0.0485996343 0.99879247 -0.00719994586 0.0485996343 0.99879247 -0.00719994586 0.423303992 -0.903808534 -0.0628005862 0.423303992 -0.903808534 -0.0628005862 0.423303992 -0.903808534 -0.0628005862 0.423303992 -0.903808534 -0.0628005862 0.978496134 0.146599412 -0.145099431 0.978496134 0.146599412 -0.145099431 0.978496134 0.146599412 -0.145099431 0.978496134 0.146599412 -0.145099431 0.145293087 0.989152968 -0.0215989724 0.145293087 0.989152968 -0.0215989724 0.145293087 0.989152968 -0.0215989724 0.145293087 0.989152968 -0.0215989724 0.333604485 -0.941412628 -0.0495006628 0.333604485 -0.941412628 -0.0495006628 0.333604485 -0.941412628 -0.0495006628 0.333604485 -0.941412628 -0.0495006628 0.987981975 0.0489991046 -0.146597326 0.987981975 0.0489991046 -0.146597326 0.987981975 0.0489991046 -0.146597326 0.987981975 0.0489991046 -0.146597326 0.240592465 0.96996963 -0.0356988832 0.240592465 0.96996963 -0.0356988832 0.240592465 0.96996963 -0.0356988832 0.240592465 0.96996963 -0.0356988832 0.240592465 -0.96996963 -0.0356988832 0.240592465 -0.96996963 -0.0356988832 0.240592465 -0.96996963 -0.0356988832 0.240592465 -0.96996963 -0.0356988832 0.987981975 -0.0489991046 -0.146597326 0.987981975 -0.0489991046 -0.146597326 0.987981975 -0.0489991046 -0.146597326 0.987981975 -0.0489991046 -0.146597326 0.333604485 0.941412628 -0.0495006628 0.333604485 0.941412628 -0.0495006628 0.333604485 0.941412628 -0.0495006628 0.333604485 0.941412628 -0.0495006628 0.145293087 -0.989152968 -0.0215989724 0.145293087 -0.989152968 -0.0215989724 0.145293087 -0.989152968 -0.0215989724 0.145293087 -0.989152968 -0.0215989724 0.978496134 -0.146599412 -0.145099431 0.978496134 -0.146599412 -0.145099431 0.978496134 -0.146599412 -0.145099431 0.978496134 -0.146599412 -0.145099431 0.423303992 0.903808534 -0.0628005862 0.423303992 0.903808534 -0.0628005862 0.423303992 0.903808534 -0.0628005862 0.423303992 0.903808534 -0.0628005862 0.0485996343 -0.99879247 -0.00719994586 0.0485996343 -0.99879247 -0.00719994586 0.0485996343 -0.99879247 -0.00719994586 0.959607363 -0.242701858 -0.142301083 0.959607363 -0.242701858 -0.142301083 0.959607363 -0.242701858 -0.142301083 0.959607363 -0.242701858 -0.142301083 0.508977711 0.857462525 -0.0754966959 0.508977711 0.857462525 -0.0754966959 0.508977711 0.857462525 -0.0754966959 0.508977711 0.857462525 -0.0754966959 0.93148905 -0.336496025 -0.138198376 0.93148905 -0.336496025 -0.138198376 0.93148905 -0.336496025 -0.138198376 0.93148905 -0.336496025 -0.138198376 0.589685023 0.802879632 -0.0874977782 0.589685023 0.802879632 -0.0874977782 0.589685023 0.802879632 -0.0874977782 0.589685023 0.802879632 -0.0874977782 0.894411147 -0.427105337 -0.13270165 0.894411147 -0.427105337 -0.13270165 0.894411147 -0.427105337 -0.13270165 0.894411147 -0.427105337 -0.13270165 0.664737165 0.740541399 -0.0986055136 0.664737165 0.740541399 -0.0986055136 0.664737165 0.740541399 -0.0986055136 0.664737165 0.740541399 -0.0986055136 0.848730803 -0.513618648 -0.125904575 0.848730803 -0.513618648 -0.125904575 0.848730803 -0.513618648 -0.125904575 0.848730803 -0.513618648 -0.125904575 0.733321428 0.67111969 -0.108803183 0.733321428 0.67111969 -0.108803183 0.733321428 0.67111969 -0.108803183 0.733321428 0.67111969 -0.108803183 0.794888318 -0.5951913 -0.11789827 0.794888318 -0.5951913 -0.11789827 0.794888318 -0.5951913 -0.11789827 0.794888318 -0.5951913 -0.11789827 0.794888318 0.5951913 -0.11789827 0.794888318 0.5951913 -0.11789827 0.794888318 0.5951913 -0.11789827 0.794888318 0.5951913 -0.11789827 0.733321428 -0.67111969 -0.108803183 0.733321428 -0.67111969 -0.108803183 0.733321428 -0.67111969 -0.108803183 0.733321428 -0.67111969 -0.108803183 0.94054383 0.336515665 -0.0462021492 0.94054383 0.336515665 -0.0462021492 0.94054383 0.336515665 -0.0462021492 0.94054383 0.336515665 -0.0462021492 0.51389116 -0.857485294 -0.0251995679 0.51389116 -0.857485294 -0.0251995679 0.51389116 -0.857485294 -0.0251995679 0.51389116 -0.857485294 -0.0251995679 0.9689309 0.242707729 -0.0476015173 0.9689309 0.242707729 -0.0476015173 0.9689309 0.242707729 -0.0476015173 0.9689309 0.242707729 -0.0476015173 0.0490995608 0.998791039 -0.00239997869 0.0490995608 0.998791039 -0.00239997869 0.0490995608 0.998791039 -0.00239997869 0.427488953 -0.903776646 -0.0209994558 0.427488953 -0.903776646 -0.0209994558 0.427488953 -0.903776646 -0.0209994558 0.427488953 -0.903776646 -0.0209994558 0.988006055 0.146600887 -0.0485002995 0.988006055 0.146600887 -0.0485002995 0.988006055 0.146600887 -0.0485002995 0.988006055 0.146600887 -0.0485002995 0.146693438 0.989155769 -0.0071996781 0.146693438 0.989155769 -0.0071996781 0.146693438 0.989155769 -0.0071996781 0.146693438 0.989155769 -0.0071996781 0.336810052 -0.941428065 -0.0165004916 0.336810052 -0.941428065 -0.0165004916 0.336810052 -0.941428065 -0.0165004916 0.336810052 -0.941428065 -0.0165004916 0.997596085 0.048999805 -0.048999805 0.997596085 0.048999805 -0.048999805 0.997596085 0.048999805 -0.048999805 0.997596085 0.048999805 -0.048999805 0.242988989 0.9699561 -0.011899461 0.242988989 0.9699561 -0.011899461 0.242988989 0.9699561 -0.011899461 0.242988989 0.9699561 -0.011899461 0.242988989 -0.9699561 -0.011899461 0.242988989 -0.9699561 -0.011899461 0.242988989 -0.9699561 -0.011899461 0.242988989 -0.9699561 -0.011899461 0.997596085 -0.048999805 -0.048999805 0.997596085 -0.048999805 -0.048999805 0.997596085 -0.048999805 -0.048999805 0.997596085 -0.048999805 -0.048999805 0.336810052 0.941428065 -0.0165004916 0.336810052 0.941428065 -0.0165004916 0.336810052 0.941428065 -0.0165004916 0.336810052 0.941428065 -0.0165004916 0.146693438 -0.989155769 -0.0071996781 0.146693438 -0.989155769 -0.0071996781 0.146693438 -0.989155769 -0.0071996781 0.146693438 -0.989155769 -0.0071996781 0.988006055 -0.146600887 -0.0485002995 0.988006055 -0.146600887 -0.0485002995 0.988006055 -0.146600887 -0.0485002995 0.988006055 -0.146600887 -0.0485002995 0.427488953 0.903776646 -0.0209994558 0.427488953 0.903776646 -0.0209994558 0.427488953 0.903776646 -0.0209994558 0.427488953 0.903776646 -0.0209994558 0.0490995608 -0.998791039 -0.00239997869 0.0490995608 -0.998791039 -0.00239997869 0.0490995608 -0.998791039 -0.00239997869 0.9689309 -0.242707729 -0.0476015173 0.9689309 -0.242707729 -0.0476015173 0.9689309 -0.242707729 -0.0476015173 0.9689309 -0.242707729 -0.0476015173 0.51389116 0.857485294 -0.0251995679 0.51389116 0.857485294 -0.0251995679 0.51389116 0.857485294 -0.0251995679 0.51389116 0.857485294 -0.0251995679 0.94054383 -0.336515665 -0.0462021492 0.94054383 -0.336515665 -0.0462021492 0.94054383 -0.336515665 -0.0462021492 0.94054383 -0.336515665 -0.0462021492 0.595397592 0.802896738 -0.0292998813 0.595397592 0.802896738 -0.0292998813 0.595397592 0.802896738 -0.0292998813 0.595397592 0.802896738 -0.0292998813 0.90311116 -0.427105278 -0.0444005467 0.90311116 -0.427105278 -0.0444005467 0.90311116 -0.427105278 -0.0444005467 0.90311116 -0.427105278 -0.0444005467 0.671220601 0.740522683 -0.0330010131 0.671220601 0.740522683 -0.0330010131 0.671220601 0.740522683 -0.0330010131 0.671220601 0.740522683 -0.0330010131 0.856997311 -0.513598382 -0.0420998707 0.856997311 -0.513598382 -0.0420998707 0.856997311 -0.513598382 -0.0420998707 0.856997311 -0.513598382 -0.0420998707 0.740485072 0.67108649 -0.0363992676 0.740485072 0.67108649 -0.0363992676 0.740485072 0.67108649 -0.0363992676 0.740485072 0.67108649 -0.0363992676 0.802607179 -0.595205307 -0.0394003503 0.802607179 -0.595205307 -0.0394003503 0.802607179 -0.595205307 -0.0394003503 0.802607179 -0.595205307 -0.0394003503 0.802607179 0.595205307 -0.0394003503 0.802607179 0.595205307 -0.0394003503 0.802607179 0.595205307 -0.0394003503 0.802607179 0.595205307 -0.0394003503 0.740485072 -0.67108649 -0.0363992676 0.740485072 -0.67108649 -0.0363992676 0.740485072 -0.67108649 -0.0363992676 0.740485072 -0.67108649 -0.0363992676 0.856997311 0.513598382 -0.0420998707 0.856997311 0.513598382 -0.0420998707 0.856997311 0.513598382 -0.0420998707 0.856997311 0.513598382 -0.0420998707 0.671220601 -0.740522683 -0.0330010131 0.671220601 -0.740522683 -0.0330010131 0.671220601 -0.740522683 -0.0330010131 0.671220601 -0.740522683 -0.0330010131 0.90311116 0.427105278 -0.0444005467 0.90311116 0.427105278 -0.0444005467 0.90311116 0.427105278 -0.0444005467 0.90311116 0.427105278 -0.0444005467 0.595397592 -0.802896738 -0.0292998813 0.595397592 -0.802896738 -0.0292998813 0.595397592 -0.802896738 -0.0292998813 0.595397592 -0.802896738 -0.0292998813 0.988006055 0.146600887 0.0485002995 0.988006055 0.146600887 0.0485002995 0.988006055 0.146600887 0.0485002995 0.988006055 0.146600887 0.0485002995 0.146693438 0.989155769 0.0071996781 0.146693438 0.989155769 0.0071996781 0.146693438 0.989155769 0.0071996781 0.146693438 0.989155769 0.0071996781 0.336810052 -0.941428065 0.0165004916 0.336810052 -0.941428065 0.0165004916 0.336810052 -0.941428065 0.0165004916 0.336810052 -0.941428065 0.0165004916 0.997596085 0.048999805 0.048999805 0.997596085 0.048999805 0.048999805 0.997596085 0.048999805 0.048999805 0.997596085 0.048999805 0.048999805 0.242988989 0.9699561 0.011899461 0.242988989 0.9699561 0.011899461 0.242988989 0.9699561 0.011899461 0.242988989 0.9699561 0.011899461 0.242988989 -0.9699561 0.011899461 0.242988989 -0.9699561 0.011899461 0.242988989 -0.9699561 0.011899461 0.242988989 -0.9699561 0.011899461 0.997596085 -0.048999805 0.048999805 0.997596085 -0.048999805 0.048999805 0.997596085 -0.048999805 0.048999805 0.997596085 -0.048999805 0.048999805 0.336810052 0.941428065 0.0165004916 0.336810052 0.941428065 0.0165004916 0.336810052 0.941428065 0.0165004916 0.336810052 0.941428065 0.0165004916 0.146693438 -0.989155769 0.0071996781 0.146693438 -0.989155769 0.0071996781 0.146693438 -0.989155769 0.0071996781 0.146693438 -0.989155769 0.0071996781 0.988006055 -0.146600887 0.0485002995 0.988006055 -0.146600887 0.0485002995 0.988006055 -0.146600887 0.0485002995 0.988006055 -0.146600887 0.0485002995 0.427488953 0.903776646 0.0209994558 0.427488953 0.903776646 0.0209994558 0.427488953 0.903776646 0.0209994558 0.427488953 0.903776646 0.0209994558 0.0490995608 -0.998791039 0.00239997869 0.0490995608 -0.998791039 0.00239997869 0.0490995608 -0.998791039 0.00239997869 0.9689309 -0.242707729 0.0476015173 0.9689309 -0.242707729 0.0476015173 0.9689309 -0.242707729 0.0476015173 0.9689309 -0.242707729 0.0476015173 0.51389116 0.857485294 0.0251995679 0.51389116 0.857485294 0.0251995679 0.51389116 0.857485294 0.0251995679 0.51389116 0.857485294 0.0251995679 0.94054383 -0.336515665 0.0462021492 0.94054383 -0.336515665 0.0462021492 0.94054383 -0.336515665 0.0462021492 0.94054383 -0.336515665 0.0462021492 0.595397592 0.802896738 0.0292998813 0.595397592 0.802896738 0.0292998813 0.595397592 0.802896738 0.0292998813 0.595397592 0.802896738 0.0292998813 0.90311116 -0.427105278 0.0444005467 0.90311116 -0.427105278 0.0444005467 0.90311116 -0.427105278 0.0444005467 0.90311116 -0.427105278 0.0444005467 0.671220601 0.740522683 0.0330010131 0.671220601 0.740522683 0.0330010131 0.671220601 0.740522683 0.0330010131 0.671220601 0.740522683 0.0330010131 0.856997311 -0.513598382 0.0420998707 0.856997311 -0.513598382 0.0420998707 0.856997311 -0.513598382 0.0420998707 0.856997311 -0.513598382 0.0420998707 0.740485072 0.67108649 0.0363992676 0.740485072 0.67108649 0.0363992676 0.740485072 0.67108649 0.0363992676 0.740485072 0.67108649 0.0363992676 0.802607179 -0.595205307 0.0394003503 0.802607179 -0.595205307 0.0394003503 0.802607179 -0.595205307 0.0394003503 0.802607179 -0.595205307 0.0394003503 0.802607179 0.595205307 0.0394003503 0.802607179 0.595205307 0.0394003503 0.802607179 0.595205307 0.0394003503 0.802607179 0.595205307 0.0394003503 0.740485072 -0.67108649 0.0363992676 0.740485072 -0.67108649 0.0363992676 0.740485072 -0.67108649 0.0363992676 0.740485072 -0.67108649 0.0363992676 0.856997311 0.513598382 0.0420998707 0.856997311 0.513598382 0.0420998707 0.856997311 0.513598382 0.0420998707 0.856997311 0.513598382 0.0420998707 0.671220601 -0.740522683 0.0330010131 0.671220601 -0.740522683 0.0330010131 0.671220601 -0.740522683 0.0330010131 0.671220601 -0.740522683 0.0330010131 0.90311116 0.427105278 0.0444005467 0.90311116 0.427105278 0.0444005467 0.90311116 0.427105278 0.0444005467 0.90311116 0.427105278 0.0444005467 0.595397592 -0.802896738 0.0292998813 0.595397592 -0.802896738 0.0292998813 0.595397592 -0.802896738 0.0292998813 0.595397592 -0.802896738 0.0292998813 0.94054383 0.336515665 0.0462021492 0.94054383 0.336515665 0.0462021492 0.94054383 0.336515665 0.0462021492 0.94054383 0.336515665 0.0462021492 0.51389116 -0.857485294 0.0251995679 0.51389116 -0.857485294 0.0251995679 0.51389116 -0.857485294 0.0251995679 0.51389116 -0.857485294 0.0251995679 0.9689309 0.242707729 0.0476015173 0.9689309 0.242707729 0.0476015173 0.9689309 0.242707729 0.0476015173 0.9689309 0.242707729 0.0476015173 0.0490995608 0.998791039 0.00239997869 0.0490995608 0.998791039 0.00239997869 0.0490995608 0.998791039 0.00239997869 0.427488953 -0.903776646 0.0209994558 0.427488953 -0.903776646 0.0209994558 0.427488953 -0.903776646 0.0209994558 0.427488953 -0.903776646 0.0209994558 0.987981975 -0.0489991046 0.146597326 0.987981975 -0.0489991046 0.146597326 0.987981975 -0.0489991046 0.146597326 0.987981975 -0.0489991046 0.146597326 0.333604485 0.941412628 0.0495006628 0.333604485 0.941412628 0.0495006628 0.333604485 0.941412628 0.0495006628 0.333604485 0.941412628 0.0495006628 0.145293087 -0.989152968 0.0215989724 0.145293087 -0.989152968 0.0215989724 0.145293087 -0.989152968 0.0215989724 0.145293087 -0.989152968 0.0215989724 0.978496134 -0.146599412 0.145099431 0.978496134 -0.146599412 0.145099431 0.978496134 -0.146599412 0.145099431 0.978496134 -0.146599412 0.145099431 0.423303992 0.903808534 0.0628005862 0.423303992 0.903808534 0.0628005862 0.423303992 0.903808534 0.0628005862 0.423303992 0.903808534 0.0628005862 0.0485996343 -0.99879247 0.00719994586 0.0485996343 -0.99879247 0.00719994586 0.0485996343 -0.99879247 0.00719994586 0.959607363 -0.242701858 0.142301083 0.959607363 -0.242701858 0.142301083 0.959607363 -0.242701858 0.142301083 0.959607363 -0.242701858 0.142301083 0.508977711 0.857462525 0.0754966959 0.508977711 0.857462525 0.0754966959 0.508977711 0.857462525 0.0754966959 0.508977711 0.857462525 0.0754966959 0.93148905 -0.336496025 0.138198376 0.93148905 -0.336496025 0.138198376 0.93148905 -0.336496025 0.138198376 0.93148905 -0.336496025 0.138198376 0.589685023 0.802879632 0.0874977782 0.589685023 0.802879632 0.0874977782 0.589685023 0.802879632 0.0874977782 0.589685023 0.802879632 0.0874977782 0.894411147 -0.427105337 0.13270165 0.894411147 -0.427105337 0.13270165 0.894411147 -0.427105337 0.13270165 0.894411147 -0.427105337 0.13270165 0.664737165 0.740541399 0.0986055136 0.664737165 0.740541399 0.0986055136 0.664737165 0.740541399 0.0986055136 0.664737165 0.740541399 0.0986055136 0.848730803 -0.513618648 0.125904575 0.848730803 -0.513618648 0.125904575 0.848730803 -0.513618648 0.125904575 0.848730803 -0.513618648 0.125904575 0.733321428 0.67111969 0.108803183 0.733321428 0.67111969 0.108803183 0.733321428 0.67111969 0.108803183 0.733321428 0.67111969 0.108803183 0.794888318 -0.5951913 0.11789827 0.794888318 -0.5951913 0.11789827 0.794888318 -0.5951913 0.11789827 0.794888318 -0.5951913 0.11789827 0.794888318 0.5951913 0.11789827 0.794888318 0.5951913 0.11789827 0.794888318 0.5951913 0.11789827 0.794888318 0.5951913 0.11789827 0.733321428 -0.67111969 0.108803183 0.733321428 -0.67111969 0.108803183 0.733321428 -0.67111969 0.108803183 0.733321428 -0.67111969 0.108803183 0.848730803 0.513618648 0.125904575 0.848730803 0.513618648 0.125904575 0.848730803 0.513618648 0.125904575 0.848730803 0.513618648 0.125904575 0.664737165 -0.740541399 0.0986055136 0.664737165 -0.740541399 0.0986055136 0.664737165 -0.740541399 0.0986055136 0.664737165 -0.740541399 0.0986055136 0.894411147 0.427105337 0.13270165 0.894411147 0.427105337 0.13270165 0.894411147 0.427105337 0.13270165 0.894411147 0.427105337 0.13270165 0.589685023 -0.802879632 0.0874977782 0.589685023 -0.802879632 0.0874977782 0.589685023 -0.802879632 0.0874977782 0.589685023 -0.802879632 0.0874977782 0.93148905 0.336496025 0.138198376 0.93148905 0.336496025 0.138198376 0.93148905 0.336496025 0.138198376 0.93148905 0.336496025 0.138198376 0.508977711 -0.857462525 0.0754966959 0.508977711 -0.857462525 0.0754966959 0.508977711 -0.857462525 0.0754966959 0.508977711 -0.857462525 0.0754966959 0.959607363 0.242701858 0.142301083 0.959607363 0.242701858 0.142301083 0.959607363 0.242701858 0.142301083 0.959607363 0.242701858 0.142301083 0.0485996343 0.99879247 0.00719994586 0.0485996343 0.99879247 0.00719994586 0.0485996343 0.99879247 0.00719994586 0.423303992 -0.903808534 0.0628005862 0.423303992 -0.903808534 0.0628005862 0.423303992 -0.903808534 0.0628005862 0.423303992 -0.903808534 0.0628005862 0.978496134 0.146599412 0.145099431 0.978496134 0.146599412 0.145099431 0.978496134 0.146599412 0.145099431 0.978496134 0.146599412 0.145099431 0.145293087 0.989152968 0.0215989724 0.145293087 0.989152968 0.0215989724 0.145293087 0.989152968 0.0215989724 0.145293087 0.989152968 0.0215989724 0.333604485 -0.941412628 0.0495006628 0.333604485 -0.941412628 0.0495006628 0.333604485 -0.941412628 0.0495006628 0.333604485 -0.941412628 0.0495006628 0.987981975 0.0489991046 0.146597326 0.987981975 0.0489991046 0.146597326 0.987981975 0.0489991046 0.146597326 0.987981975 0.0489991046 0.146597326 0.240592465 0.96996963 0.0356988832 0.240592465 0.96996963 0.0356988832 0.240592465 0.96996963 0.0356988832 0.240592465 0.96996963 0.0356988832 0.240592465 -0.96996963 0.0356988832 0.240592465 -0.96996963 0.0356988832 0.240592465 -0.96996963 0.0356988832 0.240592465 -0.96996963 0.0356988832 0.941028833 -0.242707431 0.235707223 0.941028833 -0.242707431 0.235707223 0.941028833 -0.242707431 0.235707223 0.941028833 -0.242707431 0.235707223 0.499092013 0.857486308 0.124998003 0.499092013 0.857486308 0.124998003 0.499092013 0.857486308 0.124998003 0.499092013 0.857486308 0.124998003 0.913470805 -0.33648923 0.228792682 0.913470805 -0.33648923 0.228792682 0.913470805 -0.33648923 0.228792682 0.913470805 -0.33648923 0.228792682 0.578278244 0.802869797 0.14489454 0.578278244 0.802869797 0.14489454 0.578278244 0.802869797 0.14489454 0.578278244 0.802869797 0.14489454 0.877105713 -0.427102804 0.219701439 0.877105713 -0.427102804 0.219701439 0.877105713 -0.427102804 0.219701439 0.877105713 -0.427102804 0.219701439 0.651906312 0.740507126 0.163301572 0.651906312 0.740507126 0.163301572 0.651906312 0.740507126 0.163301572 0.651906312 0.740507126 0.163301572 0.832308114 -0.513604999 0.208502039 0.832308114 -0.513604999 0.208502039 0.832308114 -0.513604999 0.208502039 0.832308114 -0.513604999 0.208502039 0.719130158 0.671128154 0.180107549 0.719130158 0.671128154 0.180107549 0.719130158 0.671128154 0.180107549 0.719130158 0.671128154 0.180107549 0.779505372 -0.595204055 0.195201337 0.779505372 -0.595204055 0.195201337 0.779505372 -0.595204055 0.195201337 0.779505372 -0.595204055 0.195201337 0.779505372 0.595204055 0.195201337 0.779505372 0.595204055 0.195201337 0.779505372 0.595204055 0.195201337 0.779505372 0.595204055 0.195201337 0.719130158 -0.671128154 0.180107549 0.719130158 -0.671128154 0.180107549 0.719130158 -0.671128154 0.180107549 0.719130158 -0.671128154 0.180107549 0.832308114 0.513604999 0.208502039 0.832308114 0.513604999 0.208502039 0.832308114 0.513604999 0.208502039 0.832308114 0.513604999 0.208502039 0.651906312 -0.740507126 0.163301572 0.651906312 -0.740507126 0.163301572 0.651906312 -0.740507126 0.163301572 0.651906312 -0.740507126 0.163301572 0.877105713 0.427102804 0.219701439 0.877105713 0.427102804 0.219701439 0.877105713 0.427102804 0.219701439 0.877105713 0.427102804 0.219701439 0.578278244 -0.802869797 0.14489454 0.578278244 -0.802869797 0.14489454 0.578278244 -0.802869797 0.14489454 0.578278244 -0.802869797 0.14489454 0.913470805 0.33648923 0.228792682 0.913470805 0.33648923 0.228792682 0.913470805 0.33648923 0.228792682 0.913470805 0.33648923 0.228792682 0.499092013 -0.857486308 0.124998003 0.499092013 -0.857486308 0.124998003 0.499092013 -0.857486308 0.124998003 0.499092013 -0.857486308 0.124998003 0.941028833 0.242707431 0.235707223 0.941028833 0.242707431 0.235707223 0.941028833 0.242707431 0.235707223 0.941028833 0.242707431 0.235707223 0.0476995669 0.99879092 0.0118998922 0.0476995669 0.99879092 0.0118998922 0.0476995669 0.99879092 0.0118998922 0.41518724 -0.903772235 0.103996806 0.41518724 -0.903772235 0.103996806 0.41518724 -0.903772235 0.103996806 0.41518724 -0.903772235 0.103996806 0.959544361 0.146591499 0.240386069 0.959544361 0.146591499 0.240386069 0.959544361 0.146591499 0.240386069 0.959544361 0.146591499 0.240386069 0.142493069 0.989151895 0.0356982648 0.142493069 0.989151895 0.0356982648 0.142493069 0.989151895 0.0356982648 0.142493069 0.989151895 0.0356982648 0.327110499 -0.941430151 0.0819026306 0.327110499 -0.941430151 0.0819026306 0.327110499 -0.941430151 0.0819026306 0.327110499 -0.941430151 0.0819026306 0.968865395 0.0489982478 0.242691323 0.968865395 0.0489982478 0.242691323 0.968865395 0.0489982478 0.242691323 0.968865395 0.0489982478 0.242691323 0.235989541 0.969956994 0.0590973794 0.235989541 0.969956994 0.0590973794 0.235989541 0.969956994 0.0590973794 0.235989541 0.969956994 0.0590973794 0.235989541 -0.969956994 0.0590973794 0.235989541 -0.969956994 0.0590973794 0.235989541 -0.969956994 0.0590973794 0.235989541 -0.969956994 0.0590973794 0.968865395 -0.0489982478 0.242691323 0.968865395 -0.0489982478 0.242691323 0.968865395 -0.0489982478 0.242691323 0.968865395 -0.0489982478 0.242691323 0.327110499 0.941430151 0.0819026306 0.327110499 0.941430151 0.0819026306 0.327110499 0.941430151 0.0819026306 0.327110499 0.941430151 0.0819026306 0.142493069 -0.989151895 0.0356982648 0.142493069 -0.989151895 0.0356982648 0.142493069 -0.989151895 0.0356982648 0.142493069 -0.989151895 0.0356982648 0.959544361 -0.146591499 0.240386069 0.959544361 -0.146591499 0.240386069 0.959544361 -0.146591499 0.240386069 0.959544361 -0.146591499 0.240386069 0.41518724 0.903772235 0.103996806 0.41518724 0.903772235 0.103996806 0.41518724 0.903772235 0.103996806 0.41518724 0.903772235 0.103996806 0.0476995669 -0.99879092 0.0118998922 0.0476995669 -0.99879092 0.0118998922 0.0476995669 -0.99879092 0.0118998922 0.851339459 -0.427119821 0.304614127 0.851339459 -0.427119821 0.304614127 0.851339459 -0.427119821 0.304614127 0.851339459 -0.427119821 0.304614127 0.63272965 0.740534604 0.226410598 0.63272965 0.740534604 0.226410598 0.63272965 0.740534604 0.226410598 0.63272965 0.740534604 0.226410598 0.807838559 -0.513624489 0.28911379 0.807838559 -0.513624489 0.28911379 0.807838559 -0.513624489 0.28911379 0.807838559 -0.513624489 0.28911379 0.698007226 0.671106994 0.249802589 0.698007226 0.671106994 0.249802589 0.698007226 0.671106994 0.249802589 0.698007226 0.671106994 0.249802589 0.756605685 -0.595204413 0.270702034 0.756605685 -0.595204413 0.270702034 0.756605685 -0.595204413 0.270702034 0.756605685 -0.595204413 0.270702034 0.756605685 0.595204413 0.270702034 0.756605685 0.595204413 0.270702034 0.756605685 0.595204413 0.270702034 0.756605685 0.595204413 0.270702034 0.698007226 -0.671106994 0.249802589 0.698007226 -0.671106994 0.249802589 0.698007226 -0.671106994 0.249802589 0.698007226 -0.671106994 0.249802589 0.807838559 0.513624489 0.28911379 0.807838559 0.513624489 0.28911379 0.807838559 0.513624489 0.28911379 0.807838559 0.513624489 0.28911379 0.63272965 -0.740534604 0.226410598 0.63272965 -0.740534604 0.226410598 0.63272965 -0.740534604 0.226410598 0.63272965 -0.740534604 0.226410598 0.851339459 0.427119821 0.304614127 0.851339459 0.427119821 0.304614127 0.851339459 0.427119821 0.304614127 0.851339459 0.427119821 0.304614127 0.56129247 -0.802889287 0.200797319 0.56129247 -0.802889287 0.200797319 0.56129247 -0.802889287 0.200797319 0.56129247 -0.802889287 0.200797319 0.886640906 0.336515516 0.317214638 0.886640906 0.336515516 0.317214638 0.886640906 0.336515516 0.317214638 0.886640906 0.336515516 0.317214638 0.484480768 -0.857465982 0.173293114 0.484480768 -0.857465982 0.173293114 0.484480768 -0.857465982 0.173293114 0.484480768 -0.857465982 0.173293114 0.913399577 0.242699876 0.32679984 0.913399577 0.242699876 0.32679984 0.913399577 0.242699876 0.32679984 0.913399577 0.242699876 0.32679984 0.0462995283 0.998789728 0.0165998302 0.0462995283 0.998789728 0.0165998302 0.0462995283 0.998789728 0.0165998302 0.402988523 -0.903774261 0.144195884 0.402988523 -0.903774261 0.144195884 0.402988523 -0.903774261 0.144195884 0.402988523 -0.903774261 0.144195884 0.931359828 0.14659366 0.3332856 0.931359828 0.14659366 0.3332856 0.931359828 0.14659366 0.3332856 0.931359828 0.14659366 0.3332856 0.13829352 0.989153683 0.0494976826 0.13829352 0.989153683 0.0494976826 0.13829352 0.989153683 0.0494976826 0.13829352 0.989153683 0.0494976826 0.317508727 -0.94142586 0.113603123 0.317508727 -0.94142586 0.113603123 0.317508727 -0.94142586 0.113603123 0.317508727 -0.94142586 0.113603123 0.940406919 0.0490003563 0.336502463 0.940406919 0.0490003563 0.336502463 0.940406919 0.0490003563 0.336502463 0.940406919 0.0490003563 0.336502463 0.228992552 0.969968438 0.081997335 0.228992552 0.969968438 0.081997335 0.228992552 0.969968438 0.081997335 0.228992552 0.969968438 0.081997335 0.228992552 -0.969968438 0.081997335 0.228992552 -0.969968438 0.081997335 0.228992552 -0.969968438 0.081997335 0.228992552 -0.969968438 0.081997335 0.940406919 -0.0490003563 0.336502463 0.940406919 -0.0490003563 0.336502463 0.940406919 -0.0490003563 0.336502463 0.940406919 -0.0490003563 0.336502463 0.317508727 0.94142586 0.113603123 0.317508727 0.94142586 0.113603123 0.317508727 0.94142586 0.113603123 0.317508727 0.94142586 0.113603123 0.13829352 -0.989153683 0.0494976826 0.13829352 -0.989153683 0.0494976826 0.13829352 -0.989153683 0.0494976826 0.13829352 -0.989153683 0.0494976826 0.931359828 -0.14659366 0.3332856 0.931359828 -0.14659366 0.3332856 0.931359828 -0.14659366 0.3332856 0.931359828 -0.14659366 0.3332856 0.402988523 0.903774261 0.144195884 0.402988523 0.903774261 0.144195884 0.402988523 0.903774261 0.144195884 0.402988523 0.903774261 0.144195884 0.0461997353 -0.998794258 0.0165999047 0.0461997353 -0.998794258 0.0165999047 0.0461997353 -0.998794258 0.0165999047 0.913399577 -0.242699876 0.32679984 0.913399577 -0.242699876 0.32679984 0.913399577 -0.242699876 0.32679984 0.913399577 -0.242699876 0.32679984 0.484480768 0.857465982 0.173293114 0.484480768 0.857465982 0.173293114 0.484480768 0.857465982 0.173293114 0.484480768 0.857465982 0.173293114 0.886640906 -0.336515516 0.317214638 0.886640906 -0.336515516 0.317214638 0.886640906 -0.336515516 0.317214638 0.886640906 -0.336515516 0.317214638 0.56129247 0.802889287 0.200797319 0.56129247 0.802889287 0.200797319 0.56129247 0.802889287 0.200797319 0.56129247 0.802889287 0.200797319 0.726406932 -0.595205665 0.343603283 0.726406932 -0.595205665 0.343603283 0.726406932 -0.595205665 0.343603283 0.726406932 -0.595205665 0.343603283 0.726406932 0.595205665 0.343603283 0.726406932 0.595205665 0.343603283 0.726406932 0.595205665 0.343603283 0.726406932 0.595205665 0.343603283 0.670189202 -0.671089232 0.316994905 0.670189202 -0.671089232 0.316994905 0.670189202 -0.671089232 0.316994905 0.670189202 -0.671089232 0.316994905 0.775645554 0.513630152 0.366821557 0.775645554 0.513630152 0.366821557 0.775645554 0.513630152 0.366821557 0.775645554 0.513630152 0.366821557 0.607518911 -0.74052304 0.287308931 0.607518911 -0.74052304 0.287308931 0.607518911 -0.74052304 0.287308931 0.607518911 -0.74052304 0.287308931 0.817393184 0.427096426 0.386596769 0.817393184 0.427096426 0.386596769 0.817393184 0.427096426 0.386596769 0.817393184 0.427096426 0.386596769 0.538890421 -0.802885771 0.254895478 0.538890421 -0.802885771 0.254895478 0.538890421 -0.802885771 0.254895478 0.538890421 -0.802885771 0.254895478 0.851286888 0.336494803 0.402593791 0.851286888 0.336494803 0.402593791 0.851286888 0.336494803 0.402593791 0.851286888 0.336494803 0.402593791 0.465172738 -0.85744971 0.219987094 0.465172738 -0.85744971 0.219987094 0.465172738 -0.85744971 0.219987094 0.465172738 -0.85744971 0.219987094 0.87695992 0.242688909 0.414781064 0.87695992 0.242688909 0.414781064 0.87695992 0.242688909 0.414781064 0.87695992 0.242688909 0.414781064 0.0443996973 0.998793185 0.0209998563 0.0443996973 0.998793185 0.0209998563 0.0443996973 0.998793185 0.0209998563 0.386893243 -0.903784156 0.182996795 0.386893243 -0.903784156 0.182996795 0.386893243 -0.903784156 0.182996795 0.386893243 -0.903784156 0.182996795 0.894231498 0.146605149 0.422914863 0.894231498 0.146605149 0.422914863 0.894231498 0.146605149 0.422914863 0.894231498 0.146605149 0.422914863 0.132793605 0.989152372 0.0627969727 0.132793605 0.989152372 0.0627969727 0.132793605 0.989152372 0.0627969727 0.132793605 0.989152372 0.0627969727 0.304901272 -0.941403985 0.144200608 0.304901272 -0.941403985 0.144200608 0.304901272 -0.941403985 0.144200608 0.304901272 -0.941403985 0.144200608 0.902918756 0.0490010194 0.427008867 0.902918756 0.0490010194 0.427008867 0.902918756 0.0490010194 0.427008867 0.902918756 0.0490010194 0.427008867 0.219892085 0.9699651 0.103996255 0.219892085 0.9699651 0.103996255 0.219892085 0.9699651 0.103996255 0.219892085 0.9699651 0.103996255 0.219892085 -0.9699651 0.103996255 0.219892085 -0.9699651 0.103996255 0.219892085 -0.9699651 0.103996255 0.219892085 -0.9699651 0.103996255 0.902918756 -0.0490010194 0.427008867 0.902918756 -0.0490010194 0.427008867 0.902918756 -0.0490010194 0.427008867 0.902918756 -0.0490010194 0.427008867 0.304901272 0.941403985 0.144200608 0.304901272 0.941403985 0.144200608 0.304901272 0.941403985 0.144200608 0.304901272 0.941403985 0.144200608 0.132793605 -0.989152372 0.0627969727 0.132793605 -0.989152372 0.0627969727 0.132793605 -0.989152372 0.0627969727 0.132793605 -0.989152372 0.0627969727 0.894231498 -0.146605149 0.422914863 0.894231498 -0.146605149 0.422914863 0.894231498 -0.146605149 0.422914863 0.894231498 -0.146605149 0.422914863 0.386893243 0.903784156 0.182996795 0.386893243 0.903784156 0.182996795 0.386893243 0.903784156 0.182996795 0.386893243 0.903784156 0.182996795 0.0443996973 -0.998793185 0.0209998563 0.0443996973 -0.998793185 0.0209998563 0.0443996973 -0.998793185 0.0209998563 0.87695992 -0.242688909 0.414781064 0.87695992 -0.242688909 0.414781064 0.87695992 -0.242688909 0.414781064 0.87695992 -0.242688909 0.414781064 0.465172738 0.85744971 0.219987094 0.465172738 0.85744971 0.219987094 0.465172738 0.85744971 0.219987094 0.465172738 0.85744971 0.219987094 0.851286888 -0.336494803 0.402593791 0.851286888 -0.336494803 0.402593791 0.851286888 -0.336494803 0.402593791 0.851286888 -0.336494803 0.402593791 0.538890421 0.802885771 0.254895478 0.538890421 0.802885771 0.254895478 0.538890421 0.802885771 0.254895478 0.538890421 0.802885771 0.254895478 0.817393184 -0.427096426 0.386596769 0.817393184 -0.427096426 0.386596769 0.817393184 -0.427096426 0.386596769 0.817393184 -0.427096426 0.386596769 0.607518911 0.74052304 0.287308931 0.607518911 0.74052304 0.287308931 0.607518911 0.74052304 0.287308931 0.607518911 0.74052304 0.287308931 0.775645554 -0.513630152 0.366821557 0.775645554 -0.513630152 0.366821557 0.775645554 -0.513630152 0.366821557 0.775645554 -0.513630152 0.366821557 0.670189202 0.671089232 0.316994905 0.670189202 0.671089232 0.316994905 0.670189202 0.671089232 0.316994905 0.670189202 0.671089232 0.316994905 0.576415122 -0.740519464 0.345509082 0.576415122 -0.740519464 0.345509082 0.576415122 -0.740519464 0.345509082 0.576415122 -0.740519464 0.345509082 0.775556743 0.427131236 0.464834005 0.775556743 0.427131236 0.464834005 0.775556743 0.427131236 0.464834005 0.775556743 0.427131236 0.464834005 0.511295319 -0.802892625 0.306497186 0.511295319 -0.802892625 0.306497186 0.511295319 -0.802892625 0.306497186 0.511295319 -0.802892625 0.306497186 0.807714403 0.336505979 0.484108627 0.807714403 0.336505979 0.484108627 0.807714403 0.336505979 0.484108627 0.807714403 0.336505979 0.484108627 0.441297323 -0.857494831 0.264498383 0.441297323 -0.857494831 0.264498383 0.441297323 -0.857494831 0.264498383 0.441297323 -0.857494831 0.264498383 0.832101882 0.242700562 0.498701155 0.832101882 0.242700562 0.498701155 0.832101882 0.242700562 0.498701155 0.832101882 0.242700562 0.498701155 0.0420997106 0.998793066 0.0252998248 0.0420997106 0.998793066 0.0252998248 0.0420997106 0.998793066 0.0252998248 0.367096901 -0.903792381 0.219998136 0.367096901 -0.903792381 0.219998136 0.367096901 -0.903792381 0.219998136 0.367096901 -0.903792381 0.219998136 0.848450065 0.146591365 0.508570075 0.848450065 0.146591365 0.508570075 0.848450065 0.146591365 0.508570075 0.848450065 0.146591365 0.508570075 0.125994161 0.9891541 0.0754964948 0.125994161 0.9891541 0.0754964948 0.125994161 0.9891541 0.0754964948 0.125994161 0.9891541 0.0754964948 0.289300591 -0.941401899 0.173400357 0.289300591 -0.941401899 0.173400357 0.289300591 -0.941401899 0.173400357 0.289300591 -0.941401899 0.173400357 0.856692255 0.0489995554 0.513495326 0.856692255 0.0489995554 0.513495326 0.856692255 0.0489995554 0.513495326 0.856692255 0.0489995554 0.513495326 0.208593339 0.969969034 0.125096008 0.208593339 0.969969034 0.125096008 0.208593339 0.969969034 0.125096008 0.208593339 0.969969034 0.125096008 0.208593339 -0.969969034 0.125096008 0.208593339 -0.969969034 0.125096008 0.208593339 -0.969969034 0.125096008 0.208593339 -0.969969034 0.125096008 0.856692255 -0.0489995554 0.513495326 0.856692255 -0.0489995554 0.513495326 0.856692255 -0.0489995554 0.513495326 0.856692255 -0.0489995554 0.513495326 0.289300591 0.941401899 0.173400357 0.289300591 0.941401899 0.173400357 0.289300591 0.941401899 0.173400357 0.289300591 0.941401899 0.173400357 0.125994161 -0.9891541 0.0754964948 0.125994161 -0.9891541 0.0754964948 0.125994161 -0.9891541 0.0754964948 0.125994161 -0.9891541 0.0754964948 0.848450065 -0.146591365 0.508570075 0.848450065 -0.146591365 0.508570075 0.848450065 -0.146591365 0.508570075 0.848450065 -0.146591365 0.508570075 0.367096901 0.903792381 0.219998136 0.367096901 0.903792381 0.219998136 0.367096901 0.903792381 0.219998136 0.367096901 0.903792381 0.219998136 0.0420997106 -0.998793066 0.0252998248 0.0420997106 -0.998793066 0.0252998248 0.0420997106 -0.998793066 0.0252998248 0.832101882 -0.242700562 0.498701155 0.832101882 -0.242700562 0.498701155 0.832101882 -0.242700562 0.498701155 0.832101882 -0.242700562 0.498701155 0.441297323 0.857494831 0.264498383 0.441297323 0.857494831 0.264498383 0.441297323 0.857494831 0.264498383 0.441297323 0.857494831 0.264498383 0.807714403 -0.336505979 0.484108627 0.807714403 -0.336505979 0.484108627 0.807714403 -0.336505979 0.484108627 0.807714403 -0.336505979 0.484108627 0.511295319 0.802892625 0.306497186 0.511295319 0.802892625 0.306497186 0.511295319 0.802892625 0.306497186 0.511295319 0.802892625 0.306497186 0.775556743 -0.427131236 0.464834005 0.775556743 -0.427131236 0.464834005 0.775556743 -0.427131236 0.464834005 0.775556743 -0.427131236 0.464834005 0.576415122 0.740519464 0.345509082 0.576415122 0.740519464 0.345509082 0.576415122 0.740519464 0.345509082 0.576415122 0.740519464 0.345509082 0.735935688 -0.513624907 0.441121399 0.735935688 -0.513624907 0.441121399 0.735935688 -0.513624907 0.441121399 0.735935688 -0.513624907 0.441121399 0.635905981 0.671106279 0.381103575 0.635905981 0.671106279 0.381103575 0.635905981 0.671106279 0.381103575 0.635905981 0.671106279 0.381103575 0.689230561 -0.595226407 0.413118333 0.689230561 -0.595226407 0.413118333 0.689230561 -0.595226407 0.413118333 0.689230561 -0.595226407 0.413118333 0.689230561 0.595226407 0.413118333 0.689230561 0.595226407 0.413118333 0.689230561 0.595226407 0.413118333 0.689230561 0.595226407 0.413118333 0.635905981 -0.671106279 0.381103575 0.635905981 -0.671106279 0.381103575 0.635905981 -0.671106279 0.381103575 0.635905981 -0.671106279 0.381103575 0.735935688 0.513624907 0.441121399 0.735935688 0.513624907 0.441121399 0.735935688 0.513624907 0.441121399 0.735935688 0.513624907 0.441121399 0.413286507 -0.857472003 0.306489974 0.413286507 -0.857472003 0.306489974 0.413286507 -0.857472003 0.306489974 0.413286507 -0.857472003 0.306489974 0.77919054 0.242697045 0.577892959 0.77919054 0.242697045 0.577892959 0.77919054 0.242697045 0.577892959 0.77919054 0.242697045 0.577892959 0.0394996069 0.998789966 0.0292997062 0.0394996069 0.998789966 0.0292997062 0.0394996069 0.998789966 0.0292997062 0.343795389 -0.903787851 0.254896581 0.343795389 -0.903787851 0.254896581 0.343795389 -0.903787851 0.254896581 0.343795389 -0.903787851 0.254896581 0.794501483 0.146600276 0.589301109 0.794501483 0.146600276 0.589301109 0.794501483 0.146600276 0.589301109 0.794501483 0.146600276 0.589301109 0.117994294 0.989152133 0.0874957666 0.117994294 0.989152133 0.0874957666 0.117994294 0.989152133 0.0874957666 0.117994294 0.989152133 0.0874957666 0.270902514 -0.941408694 0.200901866 0.270902514 -0.941408694 0.200901866 0.270902514 -0.941408694 0.200901866 0.270902514 -0.941408694 0.200901866 0.802219748 0.049001202 0.595014632 0.802219748 0.049001202 0.595014632 0.802219748 0.049001202 0.595014632 0.802219748 0.049001202 0.595014632 0.19539246 0.969962537 0.144894391 0.19539246 0.969962537 0.144894391 0.19539246 0.969962537 0.144894391 0.19539246 0.969962537 0.144894391 0.19539246 -0.969962537 0.144894391 0.19539246 -0.969962537 0.144894391 0.19539246 -0.969962537 0.144894391 0.19539246 -0.969962537 0.144894391 0.802219748 -0.049001202 0.595014632 0.802219748 -0.049001202 0.595014632 0.802219748 -0.049001202 0.595014632 0.802219748 -0.049001202 0.595014632 0.270902514 0.941408694 0.200901866 0.270902514 0.941408694 0.200901866 0.270902514 0.941408694 0.200901866 0.270902514 0.941408694 0.200901866 0.117994294 -0.989152133 0.0874957666 0.117994294 -0.989152133 0.0874957666 0.117994294 -0.989152133 0.0874957666 0.117994294 -0.989152133 0.0874957666 0.794501483 -0.146600276 0.589301109 0.794501483 -0.146600276 0.589301109 0.794501483 -0.146600276 0.589301109 0.794501483 -0.146600276 0.589301109 0.343795389 0.903787851 0.254896581 0.343795389 0.903787851 0.254896581 0.343795389 0.903787851 0.254896581 0.343795389 0.903787851 0.254896581 0.0394996069 -0.998789966 0.0292997062 0.0394996069 -0.998789966 0.0292997062 0.0394996069 -0.998789966 0.0292997062 0.77919054 -0.242697045 0.577892959 0.77919054 -0.242697045 0.577892959 0.77919054 -0.242697045 0.577892959 0.77919054 -0.242697045 0.577892959 0.413286507 0.857472003 0.306489974 0.413286507 0.857472003 0.306489974 0.413286507 0.857472003 0.306489974 0.413286507 0.857472003 0.306489974 0.756364346 -0.336484134 0.560973585 0.756364346 -0.336484134 0.560973585 0.756364346 -0.336484134 0.560973585 0.756364346 -0.336484134 0.560973585 0.478801489 0.80290252 0.355101109 0.478801489 0.80290252 0.355101109 0.478801489 0.80290252 0.355101109 0.478801489 0.80290252 0.355101109 0.726294219 -0.427096605 0.538595736 0.726294219 -0.427096605 0.538595736 0.726294219 -0.427096605 0.538595736 0.726294219 -0.427096605 0.538595736 0.539809585 0.740513146 0.400307119 0.539809585 0.740513146 0.400307119 0.539809585 0.740513146 0.400307119 0.539809585 0.740513146 0.400307119 0.689198315 -0.51359874 0.511098802 0.689198315 -0.51359874 0.511098802 0.689198315 -0.51359874 0.511098802 0.689198315 -0.51359874 0.511098802 0.595498204 0.671097994 0.441598684 0.595498204 0.671097994 0.441598684 0.595498204 0.671097994 0.441598684 0.595498204 0.671097994 0.441598684 0.645413578 -0.595212519 0.478710085 0.645413578 -0.595212519 0.478710085 0.645413578 -0.595212519 0.478710085 0.645413578 -0.595212519 0.478710085 0.645413578 0.595212519 0.478710085 0.645413578 0.595212519 0.478710085 0.645413578 0.595212519 0.478710085 0.645413578 0.595212519 0.478710085 0.595498204 -0.671097994 0.441598684 0.595498204 -0.671097994 0.441598684 0.595498204 -0.671097994 0.441598684 0.595498204 -0.671097994 0.441598684 0.689198315 0.51359874 0.511098802 0.689198315 0.51359874 0.511098802 0.689198315 0.51359874 0.511098802 0.689198315 0.51359874 0.511098802 0.539809585 -0.740513146 0.400307119 0.539809585 -0.740513146 0.400307119 0.539809585 -0.740513146 0.400307119 0.539809585 -0.740513146 0.400307119 0.726294219 0.427096605 0.538595736 0.726294219 0.427096605 0.538595736 0.726294219 0.427096605 0.538595736 0.726294219 0.427096605 0.538595736 0.478801489 -0.80290252 0.355101109 0.478801489 -0.80290252 0.355101109 0.478801489 -0.80290252 0.355101109 0.478801489 -0.80290252 0.355101109 0.756364346 0.336484134 0.560973585 0.756364346 0.336484134 0.560973585 0.756364346 0.336484134 0.560973585 0.756364346 0.336484134 0.560973585 0.108893603 0.989141881 0.0986942053 0.108893603 0.989141881 0.0986942053 0.108893603 0.989141881 0.0986942053 0.108893603 0.989141881 0.0986942053 0.249901727 -0.941406488 0.226501569 0.249901727 -0.941406488 0.226501569 0.249901727 -0.941406488 0.226501569 0.249901727 -0.941406488 0.226501569 0.740055025 0.0489970185 0.670759201 0.740055025 0.0489970185 0.670759201 0.740055025 0.0489970185 0.670759201 0.740055025 0.0489970185 0.670759201 0.180193558 0.969965339 0.163394153 0.180193558 0.969965339 0.163394153 0.180193558 0.969965339 0.163394153 0.180193558 0.969965339 0.163394153 0.180193558 -0.969965339 0.163394153 0.180193558 -0.969965339 0.163394153 0.180193558 -0.969965339 0.163394153 0.180193558 -0.969965339 0.163394153 0.740055025 -0.0489970185 0.670759201 0.740055025 -0.0489970185 0.670759201 0.740055025 -0.0489970185 0.670759201 0.740055025 -0.0489970185 0.670759201 0.249901727 0.941406488 0.226501569 0.249901727 0.941406488 0.226501569 0.249901727 0.941406488 0.226501569 0.249901727 0.941406488 0.226501569 0.108794801 -0.98915273 0.0986952856 0.108794801 -0.98915273 0.0986952856 0.108794801 -0.98915273 0.0986952856 0.108794801 -0.98915273 0.0986952856 0.732972562 -0.146594509 0.664275169 0.732972562 -0.146594509 0.664275169 0.732972562 -0.146594509 0.664275169 0.732972562 -0.146594509 0.664275169 0.317099124 0.903797507 0.287399232 0.317099124 0.903797507 0.287399232 0.317099124 0.903797507 0.287399232 0.317099124 0.903797507 0.287399232 0.0363997221 -0.99879235 0.0329997465 0.0363997221 -0.99879235 0.0329997465 0.0363997221 -0.99879235 0.0329997465 0.718789637 -0.242696494 0.651490569 0.718789637 -0.242696494 0.651490569 0.718789637 -0.242696494 0.651490569 0.718789637 -0.242696494 0.651490569 0.381274223 0.857442081 0.345576644 0.381274223 0.857442081 0.345576644 0.381274223 0.857442081 0.345576644 0.381274223 0.857442081 0.345576644 0.697718382 -0.33650884 0.632416666 0.697718382 -0.33650884 0.632416666 0.697718382 -0.33650884 0.632416666 0.697718382 -0.33650884 0.632416666 0.44168511 0.802872956 0.400386512 0.44168511 0.802872956 0.400386512 0.44168511 0.802872956 0.400386512 0.44168511 0.802872956 0.400386512 0.669997931 -0.427098691 0.607198119 0.669997931 -0.427098691 0.607198119 0.669997931 -0.427098691 0.607198119 0.669997931 -0.427098691 0.607198119 0.497920841 0.740530968 0.45131889 0.497920841 0.740530968 0.45131889 0.497920841 0.740530968 0.45131889 0.497920841 0.740530968 0.45131889 0.635729909 -0.513624191 0.576227129 0.635729909 -0.513624191 0.576227129 0.635729909 -0.513624191 0.576227129 0.635729909 -0.513624191 0.576227129 0.549297273 0.671096683 0.497897506 0.549297273 0.671096683 0.497897506 0.549297273 0.671096683 0.497897506 0.549297273 0.671096683 0.497897506 0.595420122 -0.595220089 0.539618254 0.595420122 -0.595220089 0.539618254 0.595420122 -0.595220089 0.539618254 0.595420122 -0.595220089 0.539618254 0.595420122 0.595220089 0.539618254 0.595420122 0.595220089 0.539618254 0.595420122 0.595220089 0.539618254 0.595420122 0.595220089 0.539618254 0.549297273 -0.671096683 0.497897506 0.549297273 -0.671096683 0.497897506 0.549297273 -0.671096683 0.497897506 0.549297273 -0.671096683 0.497897506 0.635729909 0.513624191 0.576227129 0.635729909 0.513624191 0.576227129 0.635729909 0.513624191 0.576227129 0.635729909 0.513624191 0.576227129 0.497920841 -0.740530968 0.45131889 0.497920841 -0.740530968 0.45131889 0.497920841 -0.740530968 0.45131889 0.497920841 -0.740530968 0.45131889 0.669997931 0.427098691 0.607198119 0.669997931 0.427098691 0.607198119 0.669997931 0.427098691 0.607198119 0.669997931 0.427098691 0.607198119 0.44168511 -0.802872956 0.400386512 0.44168511 -0.802872956 0.400386512 0.44168511 -0.802872956 0.400386512 0.44168511 -0.802872956 0.400386512 0.697718382 0.33650884 0.632416666 0.697718382 0.33650884 0.632416666 0.697718382 0.33650884 0.632416666 0.697718382 0.33650884 0.632416666 0.381274223 -0.857442081 0.345576644 0.381274223 -0.857442081 0.345576644 0.381274223 -0.857442081 0.345576644 0.381274223 -0.857442081 0.345576644 0.718789637 0.242696494 0.651490569 0.718789637 0.242696494 0.651490569 0.718789637 0.242696494 0.651490569 0.718789637 0.242696494 0.651490569 0.0363997221 0.99879235 0.0329997465 0.0363997221 0.99879235 0.0329997465 0.0363997221 0.99879235 0.0329997465 0.317099124 -0.903797507 0.287399232 0.317099124 -0.903797507 0.287399232 0.317099124 -0.903797507 0.287399232 0.317099124 -0.903797507 0.287399232 0.732972562 0.146594509 0.664275169 0.732972562 0.146594509 0.664275169 0.732972562 0.146594509 0.664275169 0.732972562 0.146594509 0.664275169 0.226501569 0.941406488 0.249901727 0.226501569 0.941406488 0.249901727 0.226501569 0.941406488 0.249901727 0.226501569 0.941406488 0.249901727 0.0986952856 -0.98915273 0.108794801 0.0986952856 -0.98915273 0.108794801 0.0986952856 -0.98915273 0.108794801 0.0986952856 -0.98915273 0.108794801 0.664275169 -0.146594509 0.732972562 0.664275169 -0.146594509 0.732972562 0.664275169 -0.146594509 0.732972562 0.664275169 -0.146594509 0.732972562 0.287399232 0.903797507 0.317099124 0.287399232 0.903797507 0.317099124 0.287399232 0.903797507 0.317099124 0.287399232 0.903797507 0.317099124 0.0329997465 -0.99879235 0.0363997221 0.0329997465 -0.99879235 0.0363997221 0.0329997465 -0.99879235 0.0363997221 0.651490569 -0.242696494 0.718789637 0.651490569 -0.242696494 0.718789637 0.651490569 -0.242696494 0.718789637 0.651490569 -0.242696494 0.718789637 0.345576644 0.857442081 0.381274223 0.345576644 0.857442081 0.381274223 0.345576644 0.857442081 0.381274223 0.345576644 0.857442081 0.381274223 0.632416666 -0.33650884 0.697718382 0.632416666 -0.33650884 0.697718382 0.632416666 -0.33650884 0.697718382 0.632416666 -0.33650884 0.697718382 0.400386512 0.802872956 0.44168511 0.400386512 0.802872956 0.44168511 0.400386512 0.802872956 0.44168511 0.400386512 0.802872956 0.44168511 0.607198119 -0.427098691 0.669997931 0.607198119 -0.427098691 0.669997931 0.607198119 -0.427098691 0.669997931 0.607198119 -0.427098691 0.669997931 0.45131889 0.740530968 0.497920841 0.45131889 0.740530968 0.497920841 0.45131889 0.740530968 0.497920841 0.45131889 0.740530968 0.497920841 0.576227129 -0.513624191 0.635729909 0.576227129 -0.513624191 0.635729909 0.576227129 -0.513624191 0.635729909 0.576227129 -0.513624191 0.635729909 0.497897506 0.671096683 0.549297273 0.497897506 0.671096683 0.549297273 0.497897506 0.671096683 0.549297273 0.497897506 0.671096683 0.549297273 0.539618254 -0.595220089 0.595420122 0.539618254 -0.595220089 0.595420122 0.539618254 -0.595220089 0.595420122 0.539618254 -0.595220089 0.595420122 0.539618254 0.595220089 0.595420122 0.539618254 0.595220089 0.595420122 0.539618254 0.595220089 0.595420122 0.539618254 0.595220089 0.595420122 0.497897506 -0.671096683 0.549297273 0.497897506 -0.671096683 0.549297273 0.497897506 -0.671096683 0.549297273 0.497897506 -0.671096683 0.549297273 0.576227129 0.513624191 0.635729909 0.576227129 0.513624191 0.635729909 0.576227129 0.513624191 0.635729909 0.576227129 0.513624191 0.635729909 0.45131889 -0.740530968 0.497920841 0.45131889 -0.740530968 0.497920841 0.45131889 -0.740530968 0.497920841 0.45131889 -0.740530968 0.497920841 0.607198119 0.427098691 0.669997931 0.607198119 0.427098691 0.669997931 0.607198119 0.427098691 0.669997931 0.607198119 0.427098691 0.669997931 0.400386512 -0.802872956 0.44168511 0.400386512 -0.802872956 0.44168511 0.400386512 -0.802872956 0.44168511 0.400386512 -0.802872956 0.44168511 0.632416666 0.33650884 0.697718382 0.632416666 0.33650884 0.697718382 0.632416666 0.33650884 0.697718382 0.632416666 0.33650884 0.697718382 0.345576644 -0.857442081 0.381274223 0.345576644 -0.857442081 0.381274223 0.345576644 -0.857442081 0.381274223 0.345576644 -0.857442081 0.381274223 0.651490569 0.242696494 0.718789637 0.651490569 0.242696494 0.718789637 0.651490569 0.242696494 0.718789637 0.651490569 0.242696494 0.718789637 0.0329997465 0.99879235 0.0363997221 0.0329997465 0.99879235 0.0363997221 0.0329997465 0.99879235 0.0363997221 0.287399232 -0.903797507 0.317099124 0.287399232 -0.903797507 0.317099124 0.287399232 -0.903797507 0.317099124 0.287399232 -0.903797507 0.317099124 0.664275169 0.146594509 0.732972562 0.664275169 0.146594509 0.732972562 0.664275169 0.146594509 0.732972562 0.664275169 0.146594509 0.732972562 0.0986952856 0.98915273 0.108794801 0.0986952856 0.98915273 0.108794801 0.0986952856 0.98915273 0.108794801 0.0986952856 0.98915273 0.108794801 0.226501569 -0.941406488 0.249901727 0.226501569 -0.941406488 0.249901727 0.226501569 -0.941406488 0.249901727 0.226501569 -0.941406488 0.249901727 0.670759201 0.0489970185 0.740055025 0.670759201 0.0489970185 0.740055025 0.670759201 0.0489970185 0.740055025 0.670759201 0.0489970185 0.740055025 0.163394153 0.969965339 0.180193558 0.163394153 0.969965339 0.180193558 0.163394153 0.969965339 0.180193558 0.163394153 0.969965339 0.180193558 0.163394153 -0.969965339 0.180193558 0.163394153 -0.969965339 0.180193558 0.163394153 -0.969965339 0.180193558 0.163394153 -0.969965339 0.180193558 0.670759201 -0.0489970185 0.740055025 0.670759201 -0.0489970185 0.740055025 0.670759201 -0.0489970185 0.740055025 0.670759201 -0.0489970185 0.740055025 0.306489974 0.857472003 0.413286507 0.306489974 0.857472003 0.413286507 0.306489974 0.857472003 0.413286507 0.306489974 0.857472003 0.413286507 0.560973585 -0.336484134 0.756364346 0.560973585 -0.336484134 0.756364346 0.560973585 -0.336484134 0.756364346 0.560973585 -0.336484134 0.756364346 0.355101109 0.80290252 0.478801489 0.355101109 0.80290252 0.478801489 0.355101109 0.80290252 0.478801489 0.355101109 0.80290252 0.478801489 0.538595736 -0.427096605 0.726294219 0.538595736 -0.427096605 0.726294219 0.538595736 -0.427096605 0.726294219 0.538595736 -0.427096605 0.726294219 0.400307119 0.740513146 0.539809585 0.400307119 0.740513146 0.539809585 0.400307119 0.740513146 0.539809585 0.400307119 0.740513146 0.539809585 0.511098802 -0.51359874 0.689198315 0.511098802 -0.51359874 0.689198315 0.511098802 -0.51359874 0.689198315 0.511098802 -0.51359874 0.689198315 0.441598684 0.671097994 0.595498204 0.441598684 0.671097994 0.595498204 0.441598684 0.671097994 0.595498204 0.441598684 0.671097994 0.595498204 0.478710085 -0.595212519 0.645413578 0.478710085 -0.595212519 0.645413578 0.478710085 -0.595212519 0.645413578 0.478710085 -0.595212519 0.645413578 0.478710085 0.595212519 0.645413578 0.478710085 0.595212519 0.645413578 0.478710085 0.595212519 0.645413578 0.478710085 0.595212519 0.645413578 0.441598684 -0.671097994 0.595498204 0.441598684 -0.671097994 0.595498204 0.441598684 -0.671097994 0.595498204 0.441598684 -0.671097994 0.595498204 0.511098802 0.51359874 0.689198315 0.511098802 0.51359874 0.689198315 0.511098802 0.51359874 0.689198315 0.511098802 0.51359874 0.689198315 0.400307119 -0.740513146 0.539809585 0.400307119 -0.740513146 0.539809585 0.400307119 -0.740513146 0.539809585 0.400307119 -0.740513146 0.539809585 0.538595736 0.427096605 0.726294219 0.538595736 0.427096605 0.726294219 0.538595736 0.427096605 0.726294219 0.538595736 0.427096605 0.726294219 0.355101109 -0.80290252 0.478801489 0.355101109 -0.80290252 0.478801489 0.355101109 -0.80290252 0.478801489 0.355101109 -0.80290252 0.478801489 0.560973585 0.336484134 0.756364346 0.560973585 0.336484134 0.756364346 0.560973585 0.336484134 0.756364346 0.560973585 0.336484134 0.756364346 0.306489974 -0.857472003 0.413286507 0.306489974 -0.857472003 0.413286507 0.306489974 -0.857472003 0.413286507 0.306489974 -0.857472003 0.413286507 0.577892959 0.242697045 0.77919054 0.577892959 0.242697045 0.77919054 0.577892959 0.242697045 0.77919054 0.577892959 0.242697045 0.77919054 0.0292997062 0.998789966 0.0394996069 0.0292997062 0.998789966 0.0394996069 0.0292997062 0.998789966 0.0394996069 0.254896581 -0.903787851 0.343795389 0.254896581 -0.903787851 0.343795389 0.254896581 -0.903787851 0.343795389 0.254896581 -0.903787851 0.343795389 0.589301109 0.146600276 0.794501483 0.589301109 0.146600276 0.794501483 0.589301109 0.146600276 0.794501483 0.589301109 0.146600276 0.794501483 0.0874957666 0.989152133 0.117994294 0.0874957666 0.989152133 0.117994294 0.0874957666 0.989152133 0.117994294 0.0874957666 0.989152133 0.117994294 0.200901866 -0.941408694 0.270902514 0.200901866 -0.941408694 0.270902514 0.200901866 -0.941408694 0.270902514 0.200901866 -0.941408694 0.270902514 0.595014632 0.049001202 0.802219748 0.595014632 0.049001202 0.802219748 0.595014632 0.049001202 0.802219748 0.595014632 0.049001202 0.802219748 0.144894391 0.969962537 0.19539246 0.144894391 0.969962537 0.19539246 0.144894391 0.969962537 0.19539246 0.144894391 0.969962537 0.19539246 0.144894391 -0.969962537 0.19539246 0.144894391 -0.969962537 0.19539246 0.144894391 -0.969962537 0.19539246 0.144894391 -0.969962537 0.19539246 0.595014632 -0.049001202 0.802219748 0.595014632 -0.049001202 0.802219748 0.595014632 -0.049001202 0.802219748 0.595014632 -0.049001202 0.802219748 0.200901866 0.941408694 0.270902514 0.200901866 0.941408694 0.270902514 0.200901866 0.941408694 0.270902514 0.200901866 0.941408694 0.270902514 0.0874957666 -0.989152133 0.117994294 0.0874957666 -0.989152133 0.117994294 0.0874957666 -0.989152133 0.117994294 0.0874957666 -0.989152133 0.117994294 0.589301109 -0.146600276 0.794501483 0.589301109 -0.146600276 0.794501483 0.589301109 -0.146600276 0.794501483 0.589301109 -0.146600276 0.794501483 0.254896581 0.903787851 0.343795389 0.254896581 0.903787851 0.343795389 0.254896581 0.903787851 0.343795389 0.254896581 0.903787851 0.343795389 0.0292997062 -0.998789966 0.0394996069 0.0292997062 -0.998789966 0.0394996069 0.0292997062 -0.998789966 0.0394996069 0.577892959 -0.242697045 0.77919054 0.577892959 -0.242697045 0.77919054 0.577892959 -0.242697045 0.77919054 0.577892959 -0.242697045 0.77919054 0.513495326 0.0489995554 0.856692255 0.513495326 0.0489995554 0.856692255 0.513495326 0.0489995554 0.856692255 0.513495326 0.0489995554 0.856692255 0.125096008 0.969969034 0.208593339 0.125096008 0.969969034 0.208593339 0.125096008 0.969969034 0.208593339 0.125096008 0.969969034 0.208593339 0.125096008 -0.969969034 0.208593339 0.125096008 -0.969969034 0.208593339 0.125096008 -0.969969034 0.208593339 0.125096008 -0.969969034 0.208593339 0.513495326 -0.0489995554 0.856692255 0.513495326 -0.0489995554 0.856692255 0.513495326 -0.0489995554 0.856692255 0.513495326 -0.0489995554 0.856692255 0.173400357 0.941401899 0.289300591 0.173400357 0.941401899 0.289300591 0.173400357 0.941401899 0.289300591 0.173400357 0.941401899 0.289300591 0.0754964948 -0.9891541 0.125994161 0.0754964948 -0.9891541 0.125994161 0.0754964948 -0.9891541 0.125994161 0.0754964948 -0.9891541 0.125994161 0.508570075 -0.146591365 0.848450065 0.508570075 -0.146591365 0.848450065 0.508570075 -0.146591365 0.848450065 0.508570075 -0.146591365 0.848450065 0.219998136 0.903792381 0.367096901 0.219998136 0.903792381 0.367096901 0.219998136 0.903792381 0.367096901 0.219998136 0.903792381 0.367096901 0.0252998248 -0.998793066 0.0420997106 0.0252998248 -0.998793066 0.0420997106 0.0252998248 -0.998793066 0.0420997106 0.498701155 -0.242700562 0.832101882 0.498701155 -0.242700562 0.832101882 0.498701155 -0.242700562 0.832101882 0.498701155 -0.242700562 0.832101882 0.26448673 0.857456982 0.441377848 0.26448673 0.857456982 0.441377848 0.26448673 0.857456982 0.441377848 0.26448673 0.857456982 0.441377848 0.484108627 -0.336505979 0.807714403 0.484108627 -0.336505979 0.807714403 0.484108627 -0.336505979 0.807714403 0.484108627 -0.336505979 0.807714403 0.306497186 0.802892625 0.511295319 0.306497186 0.802892625 0.511295319 0.306497186 0.802892625 0.511295319 0.306497186 0.802892625 0.511295319 0.464834005 -0.427131236 0.775556743 0.464834005 -0.427131236 0.775556743 0.464834005 -0.427131236 0.775556743 0.464834005 -0.427131236 0.775556743 0.345509082 0.740519464 0.576415122 0.345509082 0.740519464 0.576415122 0.345509082 0.740519464 0.576415122 0.345509082 0.740519464 0.576415122 0.441121399 -0.513624907 0.735935688 0.441121399 -0.513624907 0.735935688 0.441121399 -0.513624907 0.735935688 0.441121399 -0.513624907 0.735935688 0.381103575 0.671106279 0.635905981 0.381103575 0.671106279 0.635905981 0.381103575 0.671106279 0.635905981 0.381103575 0.671106279 0.635905981 0.413118333 -0.595226407 0.689230561 0.413118333 -0.595226407 0.689230561 0.413118333 -0.595226407 0.689230561 0.413118333 -0.595226407 0.689230561 0.413118333 0.595226407 0.689230561 0.413118333 0.595226407 0.689230561 0.413118333 0.595226407 0.689230561 0.413118333 0.595226407 0.689230561 0.381103575 -0.671106279 0.635905981 0.381103575 -0.671106279 0.635905981 0.381103575 -0.671106279 0.635905981 0.381103575 -0.671106279 0.635905981 0.441121399 0.513624907 0.735935688 0.441121399 0.513624907 0.735935688 0.441121399 0.513624907 0.735935688 0.441121399 0.513624907 0.735935688 0.345509082 -0.740519464 0.576415122 0.345509082 -0.740519464 0.576415122 0.345509082 -0.740519464 0.576415122 0.345509082 -0.740519464 0.576415122 0.464834005 0.427131236 0.775556743 0.464834005 0.427131236 0.775556743 0.464834005 0.427131236 0.775556743 0.464834005 0.427131236 0.775556743 0.306497186 -0.802892625 0.511295319 0.306497186 -0.802892625 0.511295319 0.306497186 -0.802892625 0.511295319 0.306497186 -0.802892625 0.511295319 0.484108627 0.336505979 0.807714403 0.484108627 0.336505979 0.807714403 0.484108627 0.336505979 0.807714403 0.484108627 0.336505979 0.807714403 0.26448673 -0.857456982 0.441377848 0.26448673 -0.857456982 0.441377848 0.26448673 -0.857456982 0.441377848 0.26448673 -0.857456982 0.441377848 0.498701155 0.242700562 0.832101882 0.498701155 0.242700562 0.832101882 0.498701155 0.242700562 0.832101882 0.498701155 0.242700562 0.832101882 0.0252998248 0.998793066 0.0420997106 0.0252998248 0.998793066 0.0420997106 0.0252998248 0.998793066 0.0420997106 0.219998136 -0.903792381 0.367096901 0.219998136 -0.903792381 0.367096901 0.219998136 -0.903792381 0.367096901 0.219998136 -0.903792381 0.367096901 0.508570075 0.146591365 0.848450065 0.508570075 0.146591365 0.848450065 0.508570075 0.146591365 0.848450065 0.508570075 0.146591365 0.848450065 0.0754964948 0.9891541 0.125994161 0.0754964948 0.9891541 0.125994161 0.0754964948 0.9891541 0.125994161 0.0754964948 0.9891541 0.125994161 0.173400357 -0.941401899 0.289300591 0.173400357 -0.941401899 0.289300591 0.173400357 -0.941401899 0.289300591 0.173400357 -0.941401899 0.289300591 0.422914863 -0.146605149 0.894231498 0.422914863 -0.146605149 0.894231498 0.422914863 -0.146605149 0.894231498 0.422914863 -0.146605149 0.894231498 0.182996795 0.903784156 0.386893243 0.182996795 0.903784156 0.386893243 0.182996795 0.903784156 0.386893243 0.182996795 0.903784156 0.386893243 0.0209998563 -0.998793185 0.0443996973 0.0209998563 -0.998793185 0.0443996973 0.0209998563 -0.998793185 0.0443996973 0.414781064 -0.242688909 0.87695992 0.414781064 -0.242688909 0.87695992 0.414781064 -0.242688909 0.87695992 0.414781064 -0.242688909 0.87695992 0.219987094 0.85744971 0.465172738 0.219987094 0.85744971 0.465172738 0.219987094 0.85744971 0.465172738 0.219987094 0.85744971 0.465172738 0.402593791 -0.336494803 0.851286888 0.402593791 -0.336494803 0.851286888 0.402593791 -0.336494803 0.851286888 0.402593791 -0.336494803 0.851286888 0.254895478 0.802885771 0.538890421 0.254895478 0.802885771 0.538890421 0.254895478 0.802885771 0.538890421 0.254895478 0.802885771 0.538890421 0.386596769 -0.427096426 0.817393184 0.386596769 -0.427096426 0.817393184 0.386596769 -0.427096426 0.817393184 0.386596769 -0.427096426 0.817393184 0.287308931 0.74052304 0.607518911 0.287308931 0.74052304 0.607518911 0.287308931 0.74052304 0.607518911 0.287308931 0.74052304 0.607518911 0.366821557 -0.513630152 0.775645554 0.366821557 -0.513630152 0.775645554 0.366821557 -0.513630152 0.775645554 0.366821557 -0.513630152 0.775645554 0.316994905 0.671089232 0.670189202 0.316994905 0.671089232 0.670189202 0.316994905 0.671089232 0.670189202 0.316994905 0.671089232 0.670189202 0.343603283 -0.595205665 0.726406932 0.343603283 -0.595205665 0.726406932 0.343603283 -0.595205665 0.726406932 0.343603283 -0.595205665 0.726406932 0.343603283 0.595205665 0.726406932 0.343603283 0.595205665 0.726406932 0.343603283 0.595205665 0.726406932 0.343603283 0.595205665 0.726406932 0.316994905 -0.671089232 0.670189202 0.316994905 -0.671089232 0.670189202 0.316994905 -0.671089232 0.670189202 0.316994905 -0.671089232 0.670189202 0.366821557 0.513630152 0.775645554 0.366821557 0.513630152 0.775645554 0.366821557 0.513630152 0.775645554 0.366821557 0.513630152 0.775645554 0.287308931 -0.74052304 0.607518911 0.287308931 -0.74052304 0.607518911 0.287308931 -0.74052304 0.607518911 0.287308931 -0.74052304 0.607518911 0.386596769 0.427096426 0.817393184 0.386596769 0.427096426 0.817393184 0.386596769 0.427096426 0.817393184 0.386596769 0.427096426 0.817393184 0.254895478 -0.802885771 0.538890421 0.254895478 -0.802885771 0.538890421 0.254895478 -0.802885771 0.538890421 0.254895478 -0.802885771 0.538890421 0.402593791 0.336494803 0.851286888 0.402593791 0.336494803 0.851286888 0.402593791 0.336494803 0.851286888 0.402593791 0.336494803 0.851286888 0.219987094 -0.85744971 0.465172738 0.219987094 -0.85744971 0.465172738 0.219987094 -0.85744971 0.465172738 0.219987094 -0.85744971 0.465172738 0.414781064 0.242688909 0.87695992 0.414781064 0.242688909 0.87695992 0.414781064 0.242688909 0.87695992 0.414781064 0.242688909 0.87695992 0.0209998563 0.998793185 0.0443996973 0.0209998563 0.998793185 0.0443996973 0.0209998563 0.998793185 0.0443996973 0.182996795 -0.903784156 0.386893243 0.182996795 -0.903784156 0.386893243 0.182996795 -0.903784156 0.386893243 0.182996795 -0.903784156 0.386893243 0.422914863 0.146605149 0.894231498 0.422914863 0.146605149 0.894231498 0.422914863 0.146605149 0.894231498 0.422914863 0.146605149 0.894231498 0.0627969727 0.989152372 0.132793605 0.0627969727 0.989152372 0.132793605 0.0627969727 0.989152372 0.132793605 0.0627969727 0.989152372 0.132793605 0.144200608 -0.941403985 0.304901272 0.144200608 -0.941403985 0.304901272 0.144200608 -0.941403985 0.304901272 0.144200608 -0.941403985 0.304901272 0.427008867 0.0490010194 0.902918756 0.427008867 0.0490010194 0.902918756 0.427008867 0.0490010194 0.902918756 0.427008867 0.0490010194 0.902918756 0.103996255 0.9699651 0.219892085 0.103996255 0.9699651 0.219892085 0.103996255 0.9699651 0.219892085 0.103996255 0.9699651 0.219892085 0.103996255 -0.9699651 0.219892085 0.103996255 -0.9699651 0.219892085 0.103996255 -0.9699651 0.219892085 0.103996255 -0.9699651 0.219892085 0.427008867 -0.0490010194 0.902918756 0.427008867 -0.0490010194 0.902918756 0.427008867 -0.0490010194 0.902918756 0.427008867 -0.0490010194 0.902918756 0.144200608 0.941403985 0.304901272 0.144200608 0.941403985 0.304901272 0.144200608 0.941403985 0.304901272 0.144200608 0.941403985 0.304901272 0.0627969727 -0.989152372 0.132793605 0.0627969727 -0.989152372 0.132793605 0.0627969727 -0.989152372 0.132793605 0.0627969727 -0.989152372 0.132793605 0.317214638 -0.336515516 0.886640906 0.317214638 -0.336515516 0.886640906 0.317214638 -0.336515516 0.886640906 0.317214638 -0.336515516 0.886640906 0.200797319 0.802889287 0.56129247 0.200797319 0.802889287 0.56129247 0.200797319 0.802889287 0.56129247 0.200797319 0.802889287 0.56129247 0.304614127 -0.427119821 0.851339459 0.304614127 -0.427119821 0.851339459 0.304614127 -0.427119821 0.851339459 0.304614127 -0.427119821 0.851339459 0.226410598 0.740534604 0.63272965 0.226410598 0.740534604 0.63272965 0.226410598 0.740534604 0.63272965 0.226410598 0.740534604 0.63272965 0.28911379 -0.513624489 0.807838559 0.28911379 -0.513624489 0.807838559 0.28911379 -0.513624489 0.807838559 0.28911379 -0.513624489 0.807838559 0.249802589 0.671106994 0.698007226 0.249802589 0.671106994 0.698007226 0.249802589 0.671106994 0.698007226 0.249802589 0.671106994 0.698007226 0.270702034 -0.595204413 0.756605685 0.270702034 -0.595204413 0.756605685 0.270702034 -0.595204413 0.756605685 0.270702034 -0.595204413 0.756605685 0.270702034 0.595204413 0.756605685 0.270702034 0.595204413 0.756605685 0.270702034 0.595204413 0.756605685 0.270702034 0.595204413 0.756605685 0.249802589 -0.671106994 0.698007226 0.249802589 -0.671106994 0.698007226 0.249802589 -0.671106994 0.698007226 0.249802589 -0.671106994 0.698007226 0.28911379 0.513624489 0.807838559 0.28911379 0.513624489 0.807838559 0.28911379 0.513624489 0.807838559 0.28911379 0.513624489 0.807838559 0.226410598 -0.740534604 0.63272965 0.226410598 -0.740534604 0.63272965 0.226410598 -0.740534604 0.63272965 0.226410598 -0.740534604 0.63272965 0.304614127 0.427119821 0.851339459 0.304614127 0.427119821 0.851339459 0.304614127 0.427119821 0.851339459 0.304614127 0.427119821 0.851339459 0.200797319 -0.802889287 0.56129247 0.200797319 -0.802889287 0.56129247 0.200797319 -0.802889287 0.56129247 0.200797319 -0.802889287 0.56129247 0.317214638 0.336515516 0.886640906 0.317214638 0.336515516 0.886640906 0.317214638 0.336515516 0.886640906 0.317214638 0.336515516 0.886640906 0.173293114 -0.857465982 0.484480768 0.173293114 -0.857465982 0.484480768 0.173293114 -0.857465982 0.484480768 0.173293114 -0.857465982 0.484480768 0.32679984 0.242699876 0.913399577 0.32679984 0.242699876 0.913399577 0.32679984 0.242699876 0.913399577 0.32679984 0.242699876 0.913399577 0.0164998583 0.998791397 0.0462996028 0.0164998583 0.998791397 0.0462996028 0.0164998583 0.998791397 0.0462996028 0.144195884 -0.903774261 0.402988523 0.144195884 -0.903774261 0.402988523 0.144195884 -0.903774261 0.402988523 0.144195884 -0.903774261 0.402988523 0.3332856 0.14659366 0.931359828 0.3332856 0.14659366 0.931359828 0.3332856 0.14659366 0.931359828 0.3332856 0.14659366 0.931359828 0.0494976826 0.989153683 0.13829352 0.0494976826 0.989153683 0.13829352 0.0494976826 0.989153683 0.13829352 0.0494976826 0.989153683 0.13829352 0.113603123 -0.94142586 0.317508727 0.113603123 -0.94142586 0.317508727 0.113603123 -0.94142586 0.317508727 0.113603123 -0.94142586 0.317508727 0.336502463 0.0490003563 0.940406919 0.336502463 0.0490003563 0.940406919 0.336502463 0.0490003563 0.940406919 0.336502463 0.0490003563 0.940406919 0.0818980113 0.969976425 0.228994429 0.0818980113 0.969976425 0.228994429 0.0818980113 0.969976425 0.228994429 0.0818980113 0.969976425 0.228994429 0.0818980113 -0.969976425 0.228994429 0.0818980113 -0.969976425 0.228994429 0.0818980113 -0.969976425 0.228994429 0.0818980113 -0.969976425 0.228994429 0.336502463 -0.0490003563 0.940406919 0.336502463 -0.0490003563 0.940406919 0.336502463 -0.0490003563 0.940406919 0.336502463 -0.0490003563 0.940406919 0.113603123 0.94142586 0.317508727 0.113603123 0.94142586 0.317508727 0.113603123 0.94142586 0.317508727 0.113603123 0.94142586 0.317508727 0.0494976826 -0.989153683 0.13829352 0.0494976826 -0.989153683 0.13829352 0.0494976826 -0.989153683 0.13829352 0.0494976826 -0.989153683 0.13829352 0.3332856 -0.14659366 0.931359828 0.3332856 -0.14659366 0.931359828 0.3332856 -0.14659366 0.931359828 0.3332856 -0.14659366 0.931359828 0.144195884 0.903774261 0.402988523 0.144195884 0.903774261 0.402988523 0.144195884 0.903774261 0.402988523 0.144195884 0.903774261 0.402988523 0.0164998583 -0.998791397 0.0462996028 0.0164998583 -0.998791397 0.0462996028 0.0164998583 -0.998791397 0.0462996028 0.32679984 -0.242699876 0.913399577 0.32679984 -0.242699876 0.913399577 0.32679984 -0.242699876 0.913399577 0.32679984 -0.242699876 0.913399577 0.173293114 0.857465982 0.484480768 0.173293114 0.857465982 0.484480768 0.173293114 0.857465982 0.484480768 0.173293114 0.857465982 0.484480768 0.208502039 -0.513604999 0.832308114 0.208502039 -0.513604999 0.832308114 0.208502039 -0.513604999 0.832308114 0.208502039 -0.513604999 0.832308114 0.180107549 0.671128154 0.719130158 0.180107549 0.671128154 0.719130158 0.180107549 0.671128154 0.719130158 0.180107549 0.671128154 0.719130158 0.195201337 -0.595204055 0.779505372 0.195201337 -0.595204055 0.779505372 0.195201337 -0.595204055 0.779505372 0.195201337 -0.595204055 0.779505372 0.195201337 0.595204055 0.779505372 0.195201337 0.595204055 0.779505372 0.195201337 0.595204055 0.779505372 0.195201337 0.595204055 0.779505372 0.180107549 -0.671128154 0.719130158 0.180107549 -0.671128154 0.719130158 0.180107549 -0.671128154 0.719130158 0.180107549 -0.671128154 0.719130158 0.208502039 0.513604999 0.832308114 0.208502039 0.513604999 0.832308114 0.208502039 0.513604999 0.832308114 0.208502039 0.513604999 0.832308114 0.163301572 -0.740507126 0.651906312 0.163301572 -0.740507126 0.651906312 0.163301572 -0.740507126 0.651906312 0.163301572 -0.740507126 0.651906312 0.219701439 0.427102804 0.877105713 0.219701439 0.427102804 0.877105713 0.219701439 0.427102804 0.877105713 0.219701439 0.427102804 0.877105713 0.14489454 -0.802869797 0.578278244 0.14489454 -0.802869797 0.578278244 0.14489454 -0.802869797 0.578278244 0.14489454 -0.802869797 0.578278244 0.228792682 0.33648923 0.913470805 0.228792682 0.33648923 0.913470805 0.228792682 0.33648923 0.913470805 0.228792682 0.33648923 0.913470805 0.124998003 -0.857486308 0.499092013 0.124998003 -0.857486308 0.499092013 0.124998003 -0.857486308 0.499092013 0.124998003 -0.857486308 0.499092013 0.235707223 0.242707431 0.941028833 0.235707223 0.242707431 0.941028833 0.235707223 0.242707431 0.941028833 0.235707223 0.242707431 0.941028833 0.0118998922 0.99879092 0.0476995669 0.0118998922 0.99879092 0.0476995669 0.0118998922 0.99879092 0.0476995669 0.103996806 -0.903772235 0.41518724 0.103996806 -0.903772235 0.41518724 0.103996806 -0.903772235 0.41518724 0.103996806 -0.903772235 0.41518724 0.240386069 0.146591499 0.959544361 0.240386069 0.146591499 0.959544361 0.240386069 0.146591499 0.959544361 0.240386069 0.146591499 0.959544361 0.0356982648 0.989151895 0.142493069 0.0356982648 0.989151895 0.142493069 0.0356982648 0.989151895 0.142493069 0.0356982648 0.989151895 0.142493069 0.0819026306 -0.941430151 0.327110499 0.0819026306 -0.941430151 0.327110499 0.0819026306 -0.941430151 0.327110499 0.0819026306 -0.941430151 0.327110499 0.242691323 0.0489982478 0.968865395 0.242691323 0.0489982478 0.968865395 0.242691323 0.0489982478 0.968865395 0.242691323 0.0489982478 0.968865395 0.0590973794 0.969956994 0.235989541 0.0590973794 0.969956994 0.235989541 0.0590973794 0.969956994 0.235989541 0.0590973794 0.969956994 0.235989541 0.0590973794 -0.969956994 0.235989541 0.0590973794 -0.969956994 0.235989541 0.0590973794 -0.969956994 0.235989541 0.0590973794 -0.969956994 0.235989541 0.242691323 -0.0489982478 0.968865395 0.242691323 -0.0489982478 0.968865395 0.242691323 -0.0489982478 0.968865395 0.242691323 -0.0489982478 0.968865395 0.0819026306 0.941430151 0.327110499 0.0819026306 0.941430151 0.327110499 0.0819026306 0.941430151 0.327110499 0.0819026306 0.941430151 0.327110499 0.0356982648 -0.989151895 0.142493069 0.0356982648 -0.989151895 0.142493069 0.0356982648 -0.989151895 0.142493069 0.0356982648 -0.989151895 0.142493069 0.240386069 -0.146591499 0.959544361 0.240386069 -0.146591499 0.959544361 0.240386069 -0.146591499 0.959544361 0.240386069 -0.146591499 0.959544361 0.103996806 0.903772235 0.41518724 0.103996806 0.903772235 0.41518724 0.103996806 0.903772235 0.41518724 0.103996806 0.903772235 0.41518724 0.0118998922 -0.99879092 0.0476995669 0.0118998922 -0.99879092 0.0476995669 0.0118998922 -0.99879092 0.0476995669 0.235707223 -0.242707431 0.941028833 0.235707223 -0.242707431 0.941028833 0.235707223 -0.242707431 0.941028833 0.235707223 -0.242707431 0.941028833 0.124998003 0.857486308 0.499092013 0.124998003 0.857486308 0.499092013 0.124998003 0.857486308 0.499092013 0.124998003 0.857486308 0.499092013 0.228792682 -0.33648923 0.913470805 0.228792682 -0.33648923 0.913470805 0.228792682 -0.33648923 0.913470805 0.228792682 -0.33648923 0.913470805 0.14489454 0.802869797 0.578278244 0.14489454 0.802869797 0.578278244 0.14489454 0.802869797 0.578278244 0.14489454 0.802869797 0.578278244 0.219701439 -0.427102804 0.877105713 0.219701439 -0.427102804 0.877105713 0.219701439 -0.427102804 0.877105713 0.219701439 -0.427102804 0.877105713 0.163301572 0.740507126 0.651906312 0.163301572 0.740507126 0.651906312 0.163301572 0.740507126 0.651906312 0.163301572 0.740507126 0.651906312 0.108803183 -0.67111969 0.733321428 0.108803183 -0.67111969 0.733321428 0.108803183 -0.67111969 0.733321428 0.108803183 -0.67111969 0.733321428 0.125904575 0.513618648 0.848730803 0.125904575 0.513618648 0.848730803 0.125904575 0.513618648 0.848730803 0.125904575 0.513618648 0.848730803 0.0986055136 -0.740541399 0.664737165 0.0986055136 -0.740541399 0.664737165 0.0986055136 -0.740541399 0.664737165 0.0986055136 -0.740541399 0.664737165 0.13270165 0.427105337 0.894411147 0.13270165 0.427105337 0.894411147 0.13270165 0.427105337 0.894411147 0.13270165 0.427105337 0.894411147 0.0874977782 -0.802879632 0.589685023 0.0874977782 -0.802879632 0.589685023 0.0874977782 -0.802879632 0.589685023 0.0874977782 -0.802879632 0.589685023 0.138198376 0.336496025 0.93148905 0.138198376 0.336496025 0.93148905 0.138198376 0.336496025 0.93148905 0.138198376 0.336496025 0.93148905 0.0754966959 -0.857462525 0.508977711 0.0754966959 -0.857462525 0.508977711 0.0754966959 -0.857462525 0.508977711 0.0754966959 -0.857462525 0.508977711 0.142301083 0.242701858 0.959607363 0.142301083 0.242701858 0.959607363 0.142301083 0.242701858 0.959607363 0.142301083 0.242701858 0.959607363 0.00719994586 0.99879247 0.0485996343 0.00719994586 0.99879247 0.0485996343 0.00719994586 0.99879247 0.0485996343 0.0628005862 -0.903808534 0.423303992 0.0628005862 -0.903808534 0.423303992 0.0628005862 -0.903808534 0.423303992 0.0628005862 -0.903808534 0.423303992 0.145099431 0.146599412 0.978496134 0.145099431 0.146599412 0.978496134 0.145099431 0.146599412 0.978496134 0.145099431 0.146599412 0.978496134 0.0215989724 0.989152968 0.145293087 0.0215989724 0.989152968 0.145293087 0.0215989724 0.989152968 0.145293087 0.0215989724 0.989152968 0.145293087 0.0495006628 -0.941412628 0.333604485 0.0495006628 -0.941412628 0.333604485 0.0495006628 -0.941412628 0.333604485 0.0495006628 -0.941412628 0.333604485 0.146597326 0.0489991046 0.987981975 0.146597326 0.0489991046 0.987981975 0.146597326 0.0489991046 0.987981975 0.146597326 0.0489991046 0.987981975 0.0356988832 0.96996963 0.240592465 0.0356988832 0.96996963 0.240592465 0.0356988832 0.96996963 0.240592465 0.0356988832 0.96996963 0.240592465 0.0356988832 -0.96996963 0.240592465 0.0356988832 -0.96996963 0.240592465 0.0356988832 -0.96996963 0.240592465 0.0356988832 -0.96996963 0.240592465 0.146597326 -0.0489991046 0.987981975 0.146597326 -0.0489991046 0.987981975 0.146597326 -0.0489991046 0.987981975 0.146597326 -0.0489991046 0.987981975 0.0495006628 0.941412628 0.333604485 0.0495006628 0.941412628 0.333604485 0.0495006628 0.941412628 0.333604485 0.0495006628 0.941412628 0.333604485 0.0215989724 -0.989152968 0.145293087 0.0215989724 -0.989152968 0.145293087 0.0215989724 -0.989152968 0.145293087 0.0215989724 -0.989152968 0.145293087 0.145099431 -0.146599412 0.978496134 0.145099431 -0.146599412 0.978496134 0.145099431 -0.146599412 0.978496134 0.145099431 -0.146599412 0.978496134 0.0628005862 0.903808534 0.423303992 0.0628005862 0.903808534 0.423303992 0.0628005862 0.903808534 0.423303992 0.0628005862 0.903808534 0.423303992 0.00719994586 -0.99879247 0.0485996343 0.00719994586 -0.99879247 0.0485996343 0.00719994586 -0.99879247 0.0485996343 0.142301083 -0.242701858 0.959607363 0.142301083 -0.242701858 0.959607363 0.142301083 -0.242701858 0.959607363 0.142301083 -0.242701858 0.959607363 0.0754966959 0.857462525 0.508977711 0.0754966959 0.857462525 0.508977711 0.0754966959 0.857462525 0.508977711 0.0754966959 0.857462525 0.508977711 0.138198376 -0.336496025 0.93148905 0.138198376 -0.336496025 0.93148905 0.138198376 -0.336496025 0.93148905 0.138198376 -0.336496025 0.93148905 0.0874977782 0.802879632 0.589685023 0.0874977782 0.802879632 0.589685023 0.0874977782 0.802879632 0.589685023 0.0874977782 0.802879632 0.589685023 0.13270165 -0.427105337 0.894411147 0.13270165 -0.427105337 0.894411147 0.13270165 -0.427105337 0.894411147 0.13270165 -0.427105337 0.894411147 0.0986055136 0.740541399 0.664737165 0.0986055136 0.740541399 0.664737165 0.0986055136 0.740541399 0.664737165 0.0986055136 0.740541399 0.664737165 0.125904575 -0.513618648 0.848730803 0.125904575 -0.513618648 0.848730803 0.125904575 -0.513618648 0.848730803 0.125904575 -0.513618648 0.848730803 0.108803183 0.67111969 0.733321428 0.108803183 0.67111969 0.733321428 0.108803183 0.67111969 0.733321428 0.108803183 0.67111969 0.733321428 0.11789827 -0.5951913 0.794888318 0.11789827 -0.5951913 0.794888318 0.11789827 -0.5951913 0.794888318 0.11789827 -0.5951913 0.794888318 0.11789827 0.5951913 0.794888318 0.11789827 0.5951913 0.794888318 0.11789827 0.5951913 0.794888318 0.11789827 0.5951913 0.794888318 0.0292998813 -0.802896738 0.595397592 0.0292998813 -0.802896738 0.595397592 0.0292998813 -0.802896738 0.595397592 0.0292998813 -0.802896738 0.595397592 0.0462021492 0.336515665 0.94054383 0.0462021492 0.336515665 0.94054383 0.0462021492 0.336515665 0.94054383 0.0462021492 0.336515665 0.94054383 0.0251995679 -0.857485294 0.51389116 0.0251995679 -0.857485294 0.51389116 0.0251995679 -0.857485294 0.51389116 0.0251995679 -0.857485294 0.51389116 0.0476015173 0.242707729 0.9689309 0.0476015173 0.242707729 0.9689309 0.0476015173 0.242707729 0.9689309 0.0476015173 0.242707729 0.9689309 0.00239997869 0.998791039 0.0490995608 0.00239997869 0.998791039 0.0490995608 0.00239997869 0.998791039 0.0490995608 0.0209994558 -0.903776646 0.427488953 0.0209994558 -0.903776646 0.427488953 0.0209994558 -0.903776646 0.427488953 0.0209994558 -0.903776646 0.427488953 0.0485002995 0.146600887 0.988006055 0.0485002995 0.146600887 0.988006055 0.0485002995 0.146600887 0.988006055 0.0485002995 0.146600887 0.988006055 0.0071996781 0.989155769 0.146693438 0.0071996781 0.989155769 0.146693438 0.0071996781 0.989155769 0.146693438 0.0071996781 0.989155769 0.146693438 0.0165004916 -0.941428065 0.336810052 0.0165004916 -0.941428065 0.336810052 0.0165004916 -0.941428065 0.336810052 0.0165004916 -0.941428065 0.336810052 0.048999805 0.048999805 0.997596085 0.048999805 0.048999805 0.997596085 0.048999805 0.048999805 0.997596085 0.048999805 0.048999805 0.997596085 0.011899461 0.9699561 0.242988989 0.011899461 0.9699561 0.242988989 0.011899461 0.9699561 0.242988989 0.011899461 0.9699561 0.242988989 0.011899461 -0.9699561 0.242988989 0.011899461 -0.9699561 0.242988989 0.011899461 -0.9699561 0.242988989 0.011899461 -0.9699561 0.242988989 0.048999805 -0.048999805 0.997596085 0.048999805 -0.048999805 0.997596085 0.048999805 -0.048999805 0.997596085 0.048999805 -0.048999805 0.997596085 0.0165004916 0.941428065 0.336810052 0.0165004916 0.941428065 0.336810052 0.0165004916 0.941428065 0.336810052 0.0165004916 0.941428065 0.336810052 0.0071996781 -0.989155769 0.146693438 0.0071996781 -0.989155769 0.146693438 0.0071996781 -0.989155769 0.146693438 0.0071996781 -0.989155769 0.146693438 0.0485002995 -0.146600887 0.988006055 0.0485002995 -0.146600887 0.988006055 0.0485002995 -0.146600887 0.988006055 0.0485002995 -0.146600887 0.988006055 0.0209994558 0.903776646 0.427488953 0.0209994558 0.903776646 0.427488953 0.0209994558 0.903776646 0.427488953 0.0209994558 0.903776646 0.427488953 0.00239997869 -0.998791039 0.0490995608 0.00239997869 -0.998791039 0.0490995608 0.00239997869 -0.998791039 0.0490995608 0.0476015173 -0.242707729 0.9689309 0.0476015173 -0.242707729 0.9689309 0.0476015173 -0.242707729 0.9689309 0.0476015173 -0.242707729 0.9689309 0.0251995679 0.857485294 0.51389116 0.0251995679 0.857485294 0.51389116 0.0251995679 0.857485294 0.51389116 0.0251995679 0.857485294 0.51389116 0.0462021492 -0.336515665 0.94054383 0.0462021492 -0.336515665 0.94054383 0.0462021492 -0.336515665 0.94054383 0.0462021492 -0.336515665 0.94054383 0.0292998813 0.802896738 0.595397592 0.0292998813 0.802896738 0.595397592 0.0292998813 0.802896738 0.595397592 0.0292998813 0.802896738 0.595397592 0.0444005467 -0.427105278 0.90311116 0.0444005467 -0.427105278 0.90311116 0.0444005467 -0.427105278 0.90311116 0.0444005467 -0.427105278 0.90311116 0.0330010131 0.740522683 0.671220601 0.0330010131 0.740522683 0.671220601 0.0330010131 0.740522683 0.671220601 0.0330010131 0.740522683 0.671220601 0.0420998707 -0.513598382 0.856997311 0.0420998707 -0.513598382 0.856997311 0.0420998707 -0.513598382 0.856997311 0.0420998707 -0.513598382 0.856997311 0.0363992676 0.67108649 0.740485072 0.0363992676 0.67108649 0.740485072 0.0363992676 0.67108649 0.740485072 0.0363992676 0.67108649 0.740485072 0.0394003503 -0.595205307 0.802607179 0.0394003503 -0.595205307 0.802607179 0.0394003503 -0.595205307 0.802607179 0.0394003503 -0.595205307 0.802607179 0.0394003503 0.595205307 0.802607179 0.0394003503 0.595205307 0.802607179 0.0394003503 0.595205307 0.802607179 0.0394003503 0.595205307 0.802607179 0.0363992676 -0.67108649 0.740485072 0.0363992676 -0.67108649 0.740485072 0.0363992676 -0.67108649 0.740485072 0.0363992676 -0.67108649 0.740485072 0.0420998707 0.513598382 0.856997311 0.0420998707 0.513598382 0.856997311 0.0420998707 0.513598382 0.856997311 0.0420998707 0.513598382 0.856997311 0.0330010131 -0.740522683 0.671220601 0.0330010131 -0.740522683 0.671220601 0.0330010131 -0.740522683 0.671220601 0.0330010131 -0.740522683 0.671220601 0.0444005467 0.427105278 0.90311116 0.0444005467 0.427105278 0.90311116 0.0444005467 0.427105278 0.90311116 0.0444005467 0.427105278 0.90311116 -0.0209994558 -0.903776646 0.427488953 -0.0209994558 -0.903776646 0.427488953 -0.0209994558 -0.903776646 0.427488953 -0.0209994558 -0.903776646 0.427488953 -0.0485002995 0.146600887 0.988006055 -0.0485002995 0.146600887 0.988006055 -0.0485002995 0.146600887 0.988006055 -0.0485002995 0.146600887 0.988006055 -0.0071996781 0.989155769 0.146693438 -0.0071996781 0.989155769 0.146693438 -0.0071996781 0.989155769 0.146693438 -0.0071996781 0.989155769 0.146693438 -0.0165004916 -0.941428065 0.336810052 -0.0165004916 -0.941428065 0.336810052 -0.0165004916 -0.941428065 0.336810052 -0.0165004916 -0.941428065 0.336810052 -0.048999805 0.048999805 0.997596085 -0.048999805 0.048999805 0.997596085 -0.048999805 0.048999805 0.997596085 -0.048999805 0.048999805 0.997596085 -0.011899461 0.9699561 0.242988989 -0.011899461 0.9699561 0.242988989 -0.011899461 0.9699561 0.242988989 -0.011899461 0.9699561 0.242988989 -0.011899461 -0.9699561 0.242988989 -0.011899461 -0.9699561 0.242988989 -0.011899461 -0.9699561 0.242988989 -0.011899461 -0.9699561 0.242988989 -0.048999805 -0.048999805 0.997596085 -0.048999805 -0.048999805 0.997596085 -0.048999805 -0.048999805 0.997596085 -0.048999805 -0.048999805 0.997596085 -0.0165004916 0.941428065 0.336810052 -0.0165004916 0.941428065 0.336810052 -0.0165004916 0.941428065 0.336810052 -0.0165004916 0.941428065 0.336810052 -0.0071996781 -0.989155769 0.146693438 -0.0071996781 -0.989155769 0.146693438 -0.0071996781 -0.989155769 0.146693438 -0.0071996781 -0.989155769 0.146693438 -0.0485002995 -0.146600887 0.988006055 -0.0485002995 -0.146600887 0.988006055 -0.0485002995 -0.146600887 0.988006055 -0.0485002995 -0.146600887 0.988006055 -0.0209994558 0.903776646 0.427488953 -0.0209994558 0.903776646 0.427488953 -0.0209994558 0.903776646 0.427488953 -0.0209994558 0.903776646 0.427488953 -0.00239997869 -0.998791039 0.0490995608 -0.00239997869 -0.998791039 0.0490995608 -0.00239997869 -0.998791039 0.0490995608 -0.0476015173 -0.242707729 0.9689309 -0.0476015173 -0.242707729 0.9689309 -0.0476015173 -0.242707729 0.9689309 -0.0476015173 -0.242707729 0.9689309 -0.0251995679 0.857485294 0.51389116 -0.0251995679 0.857485294 0.51389116 -0.0251995679 0.857485294 0.51389116 -0.0251995679 0.857485294 0.51389116 -0.0462021492 -0.336515665 0.94054383 -0.0462021492 -0.336515665 0.94054383 -0.0462021492 -0.336515665 0.94054383 -0.0462021492 -0.336515665 0.94054383 -0.0292998813 0.802896738 0.595397592 -0.0292998813 0.802896738 0.595397592 -0.0292998813 0.802896738 0.595397592 -0.0292998813 0.802896738 0.595397592 -0.0444005467 -0.427105278 0.90311116 -0.0444005467 -0.427105278 0.90311116 -0.0444005467 -0.427105278 0.90311116 -0.0444005467 -0.427105278 0.90311116 -0.0330010131 0.740522683 0.671220601 -0.0330010131 0.740522683 0.671220601 -0.0330010131 0.740522683 0.671220601 -0.0330010131 0.740522683 0.671220601 -0.0420998707 -0.513598382 0.856997311 -0.0420998707 -0.513598382 0.856997311 -0.0420998707 -0.513598382 0.856997311 -0.0420998707 -0.513598382 0.856997311 -0.0363992676 0.67108649 0.740485072 -0.0363992676 0.67108649 0.740485072 -0.0363992676 0.67108649 0.740485072 -0.0363992676 0.67108649 0.740485072 -0.0394003503 -0.595205307 0.802607179 -0.0394003503 -0.595205307 0.802607179 -0.0394003503 -0.595205307 0.802607179 -0.0394003503 -0.595205307 0.802607179 -0.0394003503 0.595205307 0.802607179 -0.0394003503 0.595205307 0.802607179 -0.0394003503 0.595205307 0.802607179 -0.0394003503 0.595205307 0.802607179 -0.0363992676 -0.67108649 0.740485072 -0.0363992676 -0.67108649 0.740485072 -0.0363992676 -0.67108649 0.740485072 -0.0363992676 -0.67108649 0.740485072 -0.0420998707 0.513598382 0.856997311 -0.0420998707 0.513598382 0.856997311 -0.0420998707 0.513598382 0.856997311 -0.0420998707 0.513598382 0.856997311 -0.0330010131 -0.740522683 0.671220601 -0.0330010131 -0.740522683 0.671220601 -0.0330010131 -0.740522683 0.671220601 -0.0330010131 -0.740522683 0.671220601 -0.0444005467 0.427105278 0.90311116 -0.0444005467 0.427105278 0.90311116 -0.0444005467 0.427105278 0.90311116 -0.0444005467 0.427105278 0.90311116 -0.0292998813 -0.802896738 0.595397592 -0.0292998813 -0.802896738 0.595397592 -0.0292998813 -0.802896738 0.595397592 -0.0292998813 -0.802896738 0.595397592 -0.0462021492 0.336515665 0.94054383 -0.0462021492 0.336515665 0.94054383 -0.0462021492 0.336515665 0.94054383 -0.0462021492 0.336515665 0.94054383 -0.0251995679 -0.857485294 0.51389116 -0.0251995679 -0.857485294 0.51389116 -0.0251995679 -0.857485294 0.51389116 -0.0251995679 -0.857485294 0.51389116 -0.0476015173 0.242707729 0.9689309 -0.0476015173 0.242707729 0.9689309 -0.0476015173 0.242707729 0.9689309 -0.0476015173 0.242707729 0.9689309 -0.00239997869 0.998791039 0.0490995608 -0.00239997869 0.998791039 0.0490995608 -0.00239997869 0.998791039 0.0490995608 -0.0356988832 -0.96996963 0.240592465 -0.0356988832 -0.96996963 0.240592465 -0.0356988832 -0.96996963 0.240592465 -0.0356988832 -0.96996963 0.240592465 -0.146597326 -0.0489991046 0.987981975 -0.146597326 -0.0489991046 0.987981975 -0.146597326 -0.0489991046 0.987981975 -0.146597326 -0.0489991046 0.987981975 -0.0495006628 0.941412628 0.333604485 -0.0495006628 0.941412628 0.333604485 -0.0495006628 0.941412628 0.333604485 -0.0495006628 0.941412628 0.333604485 -0.0215989724 -0.989152968 0.145293087 -0.0215989724 -0.989152968 0.145293087 -0.0215989724 -0.989152968 0.145293087 -0.0215989724 -0.989152968 0.145293087 -0.145099431 -0.146599412 0.978496134 -0.145099431 -0.146599412 0.978496134 -0.145099431 -0.146599412 0.978496134 -0.145099431 -0.146599412 0.978496134 -0.0628005862 0.903808534 0.423303992 -0.0628005862 0.903808534 0.423303992 -0.0628005862 0.903808534 0.423303992 -0.0628005862 0.903808534 0.423303992 -0.00719994586 -0.99879247 0.0485996343 -0.00719994586 -0.99879247 0.0485996343 -0.00719994586 -0.99879247 0.0485996343 -0.142301083 -0.242701858 0.959607363 -0.142301083 -0.242701858 0.959607363 -0.142301083 -0.242701858 0.959607363 -0.142301083 -0.242701858 0.959607363 -0.0754966959 0.857462525 0.508977711 -0.0754966959 0.857462525 0.508977711 -0.0754966959 0.857462525 0.508977711 -0.0754966959 0.857462525 0.508977711 -0.138198376 -0.336496025 0.93148905 -0.138198376 -0.336496025 0.93148905 -0.138198376 -0.336496025 0.93148905 -0.138198376 -0.336496025 0.93148905 -0.0874977782 0.802879632 0.589685023 -0.0874977782 0.802879632 0.589685023 -0.0874977782 0.802879632 0.589685023 -0.0874977782 0.802879632 0.589685023 -0.13270165 -0.427105337 0.894411147 -0.13270165 -0.427105337 0.894411147 -0.13270165 -0.427105337 0.894411147 -0.13270165 -0.427105337 0.894411147 -0.0986055136 0.740541399 0.664737165 -0.0986055136 0.740541399 0.664737165 -0.0986055136 0.740541399 0.664737165 -0.0986055136 0.740541399 0.664737165 -0.125904575 -0.513618648 0.848730803 -0.125904575 -0.513618648 0.848730803 -0.125904575 -0.513618648 0.848730803 -0.125904575 -0.513618648 0.848730803 -0.108803183 0.67111969 0.733321428 -0.108803183 0.67111969 0.733321428 -0.108803183 0.67111969 0.733321428 -0.108803183 0.67111969 0.733321428 -0.11789827 -0.5951913 0.794888318 -0.11789827 -0.5951913 0.794888318 -0.11789827 -0.5951913 0.794888318 -0.11789827 -0.5951913 0.794888318 -0.11789827 0.5951913 0.794888318 -0.11789827 0.5951913 0.794888318 -0.11789827 0.5951913 0.794888318 -0.11789827 0.5951913 0.794888318 -0.108803183 -0.67111969 0.733321428 -0.108803183 -0.67111969 0.733321428 -0.108803183 -0.67111969 0.733321428 -0.108803183 -0.67111969 0.733321428 -0.125904575 0.513618648 0.848730803 -0.125904575 0.513618648 0.848730803 -0.125904575 0.513618648 0.848730803 -0.125904575 0.513618648 0.848730803 -0.0986055136 -0.740541399 0.664737165 -0.0986055136 -0.740541399 0.664737165 -0.0986055136 -0.740541399 0.664737165 -0.0986055136 -0.740541399 0.664737165 -0.13270165 0.427105337 0.894411147 -0.13270165 0.427105337 0.894411147 -0.13270165 0.427105337 0.894411147 -0.13270165 0.427105337 0.894411147 -0.0874977782 -0.802879632 0.589685023 -0.0874977782 -0.802879632 0.589685023 -0.0874977782 -0.802879632 0.589685023 -0.0874977782 -0.802879632 0.589685023 -0.138198376 0.336496025 0.93148905 -0.138198376 0.336496025 0.93148905 -0.138198376 0.336496025 0.93148905 -0.138198376 0.336496025 0.93148905 -0.0754966959 -0.857462525 0.508977711 -0.0754966959 -0.857462525 0.508977711 -0.0754966959 -0.857462525 0.508977711 -0.0754966959 -0.857462525 0.508977711 -0.142301083 0.242701858 0.959607363 -0.142301083 0.242701858 0.959607363 -0.142301083 0.242701858 0.959607363 -0.142301083 0.242701858 0.959607363 -0.00719994586 0.99879247 0.0485996343 -0.00719994586 0.99879247 0.0485996343 -0.00719994586 0.99879247 0.0485996343 -0.0628005862 -0.903808534 0.423303992 -0.0628005862 -0.903808534 0.423303992 -0.0628005862 -0.903808534 0.423303992 -0.0628005862 -0.903808534 0.423303992 -0.145099431 0.146599412 0.978496134 -0.145099431 0.146599412 0.978496134 -0.145099431 0.146599412 0.978496134 -0.145099431 0.146599412 0.978496134 -0.0215989724 0.989152968 0.145293087 -0.0215989724 0.989152968 0.145293087 -0.0215989724 0.989152968 0.145293087 -0.0215989724 0.989152968 0.145293087 -0.0495006628 -0.941412628 0.333604485 -0.0495006628 -0.941412628 0.333604485 -0.0495006628 -0.941412628 0.333604485 -0.0495006628 -0.941412628 0.333604485 -0.146597326 0.0489991046 0.987981975 -0.146597326 0.0489991046 0.987981975 -0.146597326 0.0489991046 0.987981975 -0.146597326 0.0489991046 0.987981975 -0.0356988832 0.96996963 0.240592465 -0.0356988832 0.96996963 0.240592465 -0.0356988832 0.96996963 0.240592465 -0.0356988832 0.96996963 0.240592465 -0.0118998922 -0.99879092 0.0476995669 -0.0118998922 -0.99879092 0.0476995669 -0.0118998922 -0.99879092 0.0476995669 -0.235707223 -0.242707431 0.941028833 -0.235707223 -0.242707431 0.941028833 -0.235707223 -0.242707431 0.941028833 -0.235707223 -0.242707431 0.941028833 -0.124998003 0.857486308 0.499092013 -0.124998003 0.857486308 0.499092013 -0.124998003 0.857486308 0.499092013 -0.124998003 0.857486308 0.499092013 -0.228792682 -0.33648923 0.913470805 -0.228792682 -0.33648923 0.913470805 -0.228792682 -0.33648923 0.913470805 -0.228792682 -0.33648923 0.913470805 -0.14489454 0.802869797 0.578278244 -0.14489454 0.802869797 0.578278244 -0.14489454 0.802869797 0.578278244 -0.14489454 0.802869797 0.578278244 -0.219701439 -0.427102804 0.877105713 -0.219701439 -0.427102804 0.877105713 -0.219701439 -0.427102804 0.877105713 -0.219701439 -0.427102804 0.877105713 -0.163301572 0.740507126 0.651906312 -0.163301572 0.740507126 0.651906312 -0.163301572 0.740507126 0.651906312 -0.163301572 0.740507126 0.651906312 -0.208502039 -0.513604999 0.832308114 -0.208502039 -0.513604999 0.832308114 -0.208502039 -0.513604999 0.832308114 -0.208502039 -0.513604999 0.832308114 -0.180107549 0.671128154 0.719130158 -0.180107549 0.671128154 0.719130158 -0.180107549 0.671128154 0.719130158 -0.180107549 0.671128154 0.719130158 -0.195201337 -0.595204055 0.779505372 -0.195201337 -0.595204055 0.779505372 -0.195201337 -0.595204055 0.779505372 -0.195201337 -0.595204055 0.779505372 -0.195201337 0.595204055 0.779505372 -0.195201337 0.595204055 0.779505372 -0.195201337 0.595204055 0.779505372 -0.195201337 0.595204055 0.779505372 -0.180107549 -0.671128154 0.719130158 -0.180107549 -0.671128154 0.719130158 -0.180107549 -0.671128154 0.719130158 -0.180107549 -0.671128154 0.719130158 -0.208502039 0.513604999 0.832308114 -0.208502039 0.513604999 0.832308114 -0.208502039 0.513604999 0.832308114 -0.208502039 0.513604999 0.832308114 -0.163301572 -0.740507126 0.651906312 -0.163301572 -0.740507126 0.651906312 -0.163301572 -0.740507126 0.651906312 -0.163301572 -0.740507126 0.651906312 -0.219701439 0.427102804 0.877105713 -0.219701439 0.427102804 0.877105713 -0.219701439 0.427102804 0.877105713 -0.219701439 0.427102804 0.877105713 -0.14489454 -0.802869797 0.578278244 -0.14489454 -0.802869797 0.578278244 -0.14489454 -0.802869797 0.578278244 -0.14489454 -0.802869797 0.578278244 -0.228792682 0.33648923 0.913470805 -0.228792682 0.33648923 0.913470805 -0.228792682 0.33648923 0.913470805 -0.228792682 0.33648923 0.913470805 -0.124998003 -0.857486308 0.499092013 -0.124998003 -0.857486308 0.499092013 -0.124998003 -0.857486308 0.499092013 -0.124998003 -0.857486308 0.499092013 -0.235707223 0.242707431 0.941028833 -0.235707223 0.242707431 0.941028833 -0.235707223 0.242707431 0.941028833 -0.235707223 0.242707431 0.941028833 -0.0118998922 0.99879092 0.0476995669 -0.0118998922 0.99879092 0.0476995669 -0.0118998922 0.99879092 0.0476995669 -0.103996806 -0.903772235 0.41518724 -0.103996806 -0.903772235 0.41518724 -0.103996806 -0.903772235 0.41518724 -0.103996806 -0.903772235 0.41518724 -0.240386069 0.146591499 0.959544361 -0.240386069 0.146591499 0.959544361 -0.240386069 0.146591499 0.959544361 -0.240386069 0.146591499 0.959544361 -0.0356982648 0.989151895 0.142493069 -0.0356982648 0.989151895 0.142493069 -0.0356982648 0.989151895 0.142493069 -0.0356982648 0.989151895 0.142493069 -0.0819026306 -0.941430151 0.327110499 -0.0819026306 -0.941430151 0.327110499 -0.0819026306 -0.941430151 0.327110499 -0.0819026306 -0.941430151 0.327110499 -0.242691323 0.0489982478 0.968865395 -0.242691323 0.0489982478 0.968865395 -0.242691323 0.0489982478 0.968865395 -0.242691323 0.0489982478 0.968865395 -0.0590973794 0.969956994 0.235989541 -0.0590973794 0.969956994 0.235989541 -0.0590973794 0.969956994 0.235989541 -0.0590973794 0.969956994 0.235989541 -0.0590973794 -0.969956994 0.235989541 -0.0590973794 -0.969956994 0.235989541 -0.0590973794 -0.969956994 0.235989541 -0.0590973794 -0.969956994 0.235989541 -0.242691323 -0.0489982478 0.968865395 -0.242691323 -0.0489982478 0.968865395 -0.242691323 -0.0489982478 0.968865395 -0.242691323 -0.0489982478 0.968865395 -0.0819026306 0.941430151 0.327110499 -0.0819026306 0.941430151 0.327110499 -0.0819026306 0.941430151 0.327110499 -0.0819026306 0.941430151 0.327110499 -0.0356982648 -0.989151895 0.142493069 -0.0356982648 -0.989151895 0.142493069 -0.0356982648 -0.989151895 0.142493069 -0.0356982648 -0.989151895 0.142493069 -0.240386069 -0.146591499 0.959544361 -0.240386069 -0.146591499 0.959544361 -0.240386069 -0.146591499 0.959544361 -0.240386069 -0.146591499 0.959544361 -0.103996806 0.903772235 0.41518724 -0.103996806 0.903772235 0.41518724 -0.103996806 0.903772235 0.41518724 -0.103996806 0.903772235 0.41518724 -0.304614127 -0.427119821 0.851339459 -0.304614127 -0.427119821 0.851339459 -0.304614127 -0.427119821 0.851339459 -0.304614127 -0.427119821 0.851339459 -0.226410598 0.740534604 0.63272965 -0.226410598 0.740534604 0.63272965 -0.226410598 0.740534604 0.63272965 -0.226410598 0.740534604 0.63272965 -0.28911379 -0.513624489 0.807838559 -0.28911379 -0.513624489 0.807838559 -0.28911379 -0.513624489 0.807838559 -0.28911379 -0.513624489 0.807838559 -0.249802589 0.671106994 0.698007226 -0.249802589 0.671106994 0.698007226 -0.249802589 0.671106994 0.698007226 -0.249802589 0.671106994 0.698007226 -0.270702034 -0.595204413 0.756605685 -0.270702034 -0.595204413 0.756605685 -0.270702034 -0.595204413 0.756605685 -0.270702034 -0.595204413 0.756605685 -0.270702034 0.595204413 0.756605685 -0.270702034 0.595204413 0.756605685 -0.270702034 0.595204413 0.756605685 -0.270702034 0.595204413 0.756605685 -0.249802589 -0.671106994 0.698007226 -0.249802589 -0.671106994 0.698007226 -0.249802589 -0.671106994 0.698007226 -0.249802589 -0.671106994 0.698007226 -0.28911379 0.513624489 0.807838559 -0.28911379 0.513624489 0.807838559 -0.28911379 0.513624489 0.807838559 -0.28911379 0.513624489 0.807838559 -0.226410598 -0.740534604 0.63272965 -0.226410598 -0.740534604 0.63272965 -0.226410598 -0.740534604 0.63272965 -0.226410598 -0.740534604 0.63272965 -0.304614127 0.427119821 0.851339459 -0.304614127 0.427119821 0.851339459 -0.304614127 0.427119821 0.851339459 -0.304614127 0.427119821 0.851339459 -0.200797319 -0.802889287 0.56129247 -0.200797319 -0.802889287 0.56129247 -0.200797319 -0.802889287 0.56129247 -0.200797319 -0.802889287 0.56129247 -0.317214638 0.336515516 0.886640906 -0.317214638 0.336515516 0.886640906 -0.317214638 0.336515516 0.886640906 -0.317214638 0.336515516 0.886640906 -0.173293114 -0.857465982 0.484480768 -0.173293114 -0.857465982 0.484480768 -0.173293114 -0.857465982 0.484480768 -0.173293114 -0.857465982 0.484480768 -0.32679984 0.242699876 0.913399577 -0.32679984 0.242699876 0.913399577 -0.32679984 0.242699876 0.913399577 -0.32679984 0.242699876 0.913399577 -0.0164998583 0.998791397 0.0462996028 -0.0164998583 0.998791397 0.0462996028 -0.0164998583 0.998791397 0.0462996028 -0.144195884 -0.903774261 0.402988523 -0.144195884 -0.903774261 0.402988523 -0.144195884 -0.903774261 0.402988523 -0.144195884 -0.903774261 0.402988523 -0.3332856 0.14659366 0.931359828 -0.3332856 0.14659366 0.931359828 -0.3332856 0.14659366 0.931359828 -0.3332856 0.14659366 0.931359828 -0.0494976826 0.989153683 0.13829352 -0.0494976826 0.989153683 0.13829352 -0.0494976826 0.989153683 0.13829352 -0.0494976826 0.989153683 0.13829352 -0.113603123 -0.94142586 0.317508727 -0.113603123 -0.94142586 0.317508727 -0.113603123 -0.94142586 0.317508727 -0.113603123 -0.94142586 0.317508727 -0.336502463 0.0490003563 0.940406919 -0.336502463 0.0490003563 0.940406919 -0.336502463 0.0490003563 0.940406919 -0.336502463 0.0490003563 0.940406919 -0.0818980113 0.969976425 0.228994429 -0.0818980113 0.969976425 0.228994429 -0.0818980113 0.969976425 0.228994429 -0.0818980113 0.969976425 0.228994429 -0.0818980113 -0.969976425 0.228994429 -0.0818980113 -0.969976425 0.228994429 -0.0818980113 -0.969976425 0.228994429 -0.0818980113 -0.969976425 0.228994429 -0.336502463 -0.0490003563 0.940406919 -0.336502463 -0.0490003563 0.940406919 -0.336502463 -0.0490003563 0.940406919 -0.336502463 -0.0490003563 0.940406919 -0.113603123 0.94142586 0.317508727 -0.113603123 0.94142586 0.317508727 -0.113603123 0.94142586 0.317508727 -0.113603123 0.94142586 0.317508727 -0.0494976826 -0.989153683 0.13829352 -0.0494976826 -0.989153683 0.13829352 -0.0494976826 -0.989153683 0.13829352 -0.0494976826 -0.989153683 0.13829352 -0.3332856 -0.14659366 0.931359828 -0.3332856 -0.14659366 0.931359828 -0.3332856 -0.14659366 0.931359828 -0.3332856 -0.14659366 0.931359828 -0.144195884 0.903774261 0.402988523 -0.144195884 0.903774261 0.402988523 -0.144195884 0.903774261 0.402988523 -0.144195884 0.903774261 0.402988523 -0.0164998583 -0.998791397 0.0462996028 -0.0164998583 -0.998791397 0.0462996028 -0.0164998583 -0.998791397 0.0462996028 -0.32679984 -0.242699876 0.913399577 -0.32679984 -0.242699876 0.913399577 -0.32679984 -0.242699876 0.913399577 -0.32679984 -0.242699876 0.913399577 -0.173293114 0.857465982 0.484480768 -0.173293114 0.857465982 0.484480768 -0.173293114 0.857465982 0.484480768 -0.173293114 0.857465982 0.484480768 -0.317214638 -0.336515516 0.886640906 -0.317214638 -0.336515516 0.886640906 -0.317214638 -0.336515516 0.886640906 -0.317214638 -0.336515516 0.886640906 -0.200797319 0.802889287 0.56129247 -0.200797319 0.802889287 0.56129247 -0.200797319 0.802889287 0.56129247 -0.200797319 0.802889287 0.56129247 -0.343603283 -0.595205665 0.726406932 -0.343603283 -0.595205665 0.726406932 -0.343603283 -0.595205665 0.726406932 -0.343603283 -0.595205665 0.726406932 -0.343603283 0.595205665 0.726406932 -0.343603283 0.595205665 0.726406932 -0.343603283 0.595205665 0.726406932 -0.343603283 0.595205665 0.726406932 -0.316994905 -0.671089232 0.670189202 -0.316994905 -0.671089232 0.670189202 -0.316994905 -0.671089232 0.670189202 -0.316994905 -0.671089232 0.670189202 -0.366821557 0.513630152 0.775645554 -0.366821557 0.513630152 0.775645554 -0.366821557 0.513630152 0.775645554 -0.366821557 0.513630152 0.775645554 -0.287308931 -0.74052304 0.607518911 -0.287308931 -0.74052304 0.607518911 -0.287308931 -0.74052304 0.607518911 -0.287308931 -0.74052304 0.607518911 -0.386596769 0.427096426 0.817393184 -0.386596769 0.427096426 0.817393184 -0.386596769 0.427096426 0.817393184 -0.386596769 0.427096426 0.817393184 -0.254895478 -0.802885771 0.538890421 -0.254895478 -0.802885771 0.538890421 -0.254895478 -0.802885771 0.538890421 -0.254895478 -0.802885771 0.538890421 -0.402593791 0.336494803 0.851286888 -0.402593791 0.336494803 0.851286888 -0.402593791 0.336494803 0.851286888 -0.402593791 0.336494803 0.851286888 -0.219987094 -0.85744971 0.465172738 -0.219987094 -0.85744971 0.465172738 -0.219987094 -0.85744971 0.465172738 -0.219987094 -0.85744971 0.465172738 -0.414781064 0.242688909 0.87695992 -0.414781064 0.242688909 0.87695992 -0.414781064 0.242688909 0.87695992 -0.414781064 0.242688909 0.87695992 -0.0209998563 0.998793185 0.0443996973 -0.0209998563 0.998793185 0.0443996973 -0.0209998563 0.998793185 0.0443996973 -0.182996795 -0.903784156 0.386893243 -0.182996795 -0.903784156 0.386893243 -0.182996795 -0.903784156 0.386893243 -0.182996795 -0.903784156 0.386893243 -0.422914863 0.146605149 0.894231498 -0.422914863 0.146605149 0.894231498 -0.422914863 0.146605149 0.894231498 -0.422914863 0.146605149 0.894231498 -0.0627969727 0.989152372 0.132793605 -0.0627969727 0.989152372 0.132793605 -0.0627969727 0.989152372 0.132793605 -0.0627969727 0.989152372 0.132793605 -0.144200608 -0.941403985 0.304901272 -0.144200608 -0.941403985 0.304901272 -0.144200608 -0.941403985 0.304901272 -0.144200608 -0.941403985 0.304901272 -0.427008867 0.0490010194 0.902918756 -0.427008867 0.0490010194 0.902918756 -0.427008867 0.0490010194 0.902918756 -0.427008867 0.0490010194 0.902918756 -0.103996255 0.9699651 0.219892085 -0.103996255 0.9699651 0.219892085 -0.103996255 0.9699651 0.219892085 -0.103996255 0.9699651 0.219892085 -0.103996255 -0.9699651 0.219892085 -0.103996255 -0.9699651 0.219892085 -0.103996255 -0.9699651 0.219892085 -0.103996255 -0.9699651 0.219892085 -0.427008867 -0.0490010194 0.902918756 -0.427008867 -0.0490010194 0.902918756 -0.427008867 -0.0490010194 0.902918756 -0.427008867 -0.0490010194 0.902918756 -0.144200608 0.941403985 0.304901272 -0.144200608 0.941403985 0.304901272 -0.144200608 0.941403985 0.304901272 -0.144200608 0.941403985 0.304901272 -0.0627969727 -0.989152372 0.132793605 -0.0627969727 -0.989152372 0.132793605 -0.0627969727 -0.989152372 0.132793605 -0.0627969727 -0.989152372 0.132793605 -0.422914863 -0.146605149 0.894231498 -0.422914863 -0.146605149 0.894231498 -0.422914863 -0.146605149 0.894231498 -0.422914863 -0.146605149 0.894231498 -0.182996795 0.903784156 0.386893243 -0.182996795 0.903784156 0.386893243 -0.182996795 0.903784156 0.386893243 -0.182996795 0.903784156 0.386893243 -0.0209998563 -0.998793185 0.0443996973 -0.0209998563 -0.998793185 0.0443996973 -0.0209998563 -0.998793185 0.0443996973 -0.414781064 -0.242688909 0.87695992 -0.414781064 -0.242688909 0.87695992 -0.414781064 -0.242688909 0.87695992 -0.414781064 -0.242688909 0.87695992 -0.219987094 0.85744971 0.465172738 -0.219987094 0.85744971 0.465172738 -0.219987094 0.85744971 0.465172738 -0.219987094 0.85744971 0.465172738 -0.402593791 -0.336494803 0.851286888 -0.402593791 -0.336494803 0.851286888 -0.402593791 -0.336494803 0.851286888 -0.402593791 -0.336494803 0.851286888 -0.254895478 0.802885771 0.538890421 -0.254895478 0.802885771 0.538890421 -0.254895478 0.802885771 0.538890421 -0.254895478 0.802885771 0.538890421 -0.386596769 -0.427096426 0.817393184 -0.386596769 -0.427096426 0.817393184 -0.386596769 -0.427096426 0.817393184 -0.386596769 -0.427096426 0.817393184 -0.287308931 0.74052304 0.607518911 -0.287308931 0.74052304 0.607518911 -0.287308931 0.74052304 0.607518911 -0.287308931 0.74052304 0.607518911 -0.366821557 -0.513630152 0.775645554 -0.366821557 -0.513630152 0.775645554 -0.366821557 -0.513630152 0.775645554 -0.366821557 -0.513630152 0.775645554 -0.316994905 0.671089232 0.670189202 -0.316994905 0.671089232 0.670189202 -0.316994905 0.671089232 0.670189202 -0.316994905 0.671089232 0.670189202 -0.345509082 -0.740519464 0.576415122 -0.345509082 -0.740519464 0.576415122 -0.345509082 -0.740519464 0.576415122 -0.345509082 -0.740519464 0.576415122 -0.464834005 0.427131236 0.775556743 -0.464834005 0.427131236 0.775556743 -0.464834005 0.427131236 0.775556743 -0.464834005 0.427131236 0.775556743 -0.306497186 -0.802892625 0.511295319 -0.306497186 -0.802892625 0.511295319 -0.306497186 -0.802892625 0.511295319 -0.306497186 -0.802892625 0.511295319 -0.484108627 0.336505979 0.807714403 -0.484108627 0.336505979 0.807714403 -0.484108627 0.336505979 0.807714403 -0.484108627 0.336505979 0.807714403 -0.264498383 -0.857494831 0.441297323 -0.264498383 -0.857494831 0.441297323 -0.264498383 -0.857494831 0.441297323 -0.264498383 -0.857494831 0.441297323 -0.498701155 0.242700562 0.832101882 -0.498701155 0.242700562 0.832101882 -0.498701155 0.242700562 0.832101882 -0.498701155 0.242700562 0.832101882 -0.0252998248 0.998793066 0.0420997106 -0.0252998248 0.998793066 0.0420997106 -0.0252998248 0.998793066 0.0420997106 -0.219998136 -0.903792381 0.367096901 -0.219998136 -0.903792381 0.367096901 -0.219998136 -0.903792381 0.367096901 -0.219998136 -0.903792381 0.367096901 -0.508570075 0.146591365 0.848450065 -0.508570075 0.146591365 0.848450065 -0.508570075 0.146591365 0.848450065 -0.508570075 0.146591365 0.848450065 -0.0754964948 0.9891541 0.125994161 -0.0754964948 0.9891541 0.125994161 -0.0754964948 0.9891541 0.125994161 -0.0754964948 0.9891541 0.125994161 -0.173400357 -0.941401899 0.289300591 -0.173400357 -0.941401899 0.289300591 -0.173400357 -0.941401899 0.289300591 -0.173400357 -0.941401899 0.289300591 -0.513495326 0.0489995554 0.856692255 -0.513495326 0.0489995554 0.856692255 -0.513495326 0.0489995554 0.856692255 -0.513495326 0.0489995554 0.856692255 -0.125096008 0.969969034 0.208593339 -0.125096008 0.969969034 0.208593339 -0.125096008 0.969969034 0.208593339 -0.125096008 0.969969034 0.208593339 -0.125096008 -0.969969034 0.208593339 -0.125096008 -0.969969034 0.208593339 -0.125096008 -0.969969034 0.208593339 -0.125096008 -0.969969034 0.208593339 -0.513495326 -0.0489995554 0.856692255 -0.513495326 -0.0489995554 0.856692255 -0.513495326 -0.0489995554 0.856692255 -0.513495326 -0.0489995554 0.856692255 -0.173400357 0.941401899 0.289300591 -0.173400357 0.941401899 0.289300591 -0.173400357 0.941401899 0.289300591 -0.173400357 0.941401899 0.289300591 -0.0754964948 -0.9891541 0.125994161 -0.0754964948 -0.9891541 0.125994161 -0.0754964948 -0.9891541 0.125994161 -0.0754964948 -0.9891541 0.125994161 -0.508570075 -0.146591365 0.848450065 -0.508570075 -0.146591365 0.848450065 -0.508570075 -0.146591365 0.848450065 -0.508570075 -0.146591365 0.848450065 -0.219998136 0.903792381 0.367096901 -0.219998136 0.903792381 0.367096901 -0.219998136 0.903792381 0.367096901 -0.219998136 0.903792381 0.367096901 -0.0252998248 -0.998793066 0.0420997106 -0.0252998248 -0.998793066 0.0420997106 -0.0252998248 -0.998793066 0.0420997106 -0.498701155 -0.242700562 0.832101882 -0.498701155 -0.242700562 0.832101882 -0.498701155 -0.242700562 0.832101882 -0.498701155 -0.242700562 0.832101882 -0.264498383 0.857494831 0.441297323 -0.264498383 0.857494831 0.441297323 -0.264498383 0.857494831 0.441297323 -0.264498383 0.857494831 0.441297323 -0.484108627 -0.336505979 0.807714403 -0.484108627 -0.336505979 0.807714403 -0.484108627 -0.336505979 0.807714403 -0.484108627 -0.336505979 0.807714403 -0.306497186 0.802892625 0.511295319 -0.306497186 0.802892625 0.511295319 -0.306497186 0.802892625 0.511295319 -0.306497186 0.802892625 0.511295319 -0.464834005 -0.427131236 0.775556743 -0.464834005 -0.427131236 0.775556743 -0.464834005 -0.427131236 0.775556743 -0.464834005 -0.427131236 0.775556743 -0.345509082 0.740519464 0.576415122 -0.345509082 0.740519464 0.576415122 -0.345509082 0.740519464 0.576415122 -0.345509082 0.740519464 0.576415122 -0.441121399 -0.513624907 0.735935688 -0.441121399 -0.513624907 0.735935688 -0.441121399 -0.513624907 0.735935688 -0.441121399 -0.513624907 0.735935688 -0.381103575 0.671106279 0.635905981 -0.381103575 0.671106279 0.635905981 -0.381103575 0.671106279 0.635905981 -0.381103575 0.671106279 0.635905981 -0.413118333 -0.595226407 0.689230561 -0.413118333 -0.595226407 0.689230561 -0.413118333 -0.595226407 0.689230561 -0.413118333 -0.595226407 0.689230561 -0.413118333 0.595226407 0.689230561 -0.413118333 0.595226407 0.689230561 -0.413118333 0.595226407 0.689230561 -0.413118333 0.595226407 0.689230561 -0.381103575 -0.671106279 0.635905981 -0.381103575 -0.671106279 0.635905981 -0.381103575 -0.671106279 0.635905981 -0.381103575 -0.671106279 0.635905981 -0.441121399 0.513624907 0.735935688 -0.441121399 0.513624907 0.735935688 -0.441121399 0.513624907 0.735935688 -0.441121399 0.513624907 0.735935688 -0.306489974 -0.857472003 0.413286507 -0.306489974 -0.857472003 0.413286507 -0.306489974 -0.857472003 0.413286507 -0.306489974 -0.857472003 0.413286507 -0.577892959 0.242697045 0.77919054 -0.577892959 0.242697045 0.77919054 -0.577892959 0.242697045 0.77919054 -0.577892959 0.242697045 0.77919054 -0.0292997062 0.998789966 0.0394996069 -0.0292997062 0.998789966 0.0394996069 -0.0292997062 0.998789966 0.0394996069 -0.254896581 -0.903787851 0.343795389 -0.254896581 -0.903787851 0.343795389 -0.254896581 -0.903787851 0.343795389 -0.254896581 -0.903787851 0.343795389 -0.589301109 0.146600276 0.794501483 -0.589301109 0.146600276 0.794501483 -0.589301109 0.146600276 0.794501483 -0.589301109 0.146600276 0.794501483 -0.0874957666 0.989152133 0.117994294 -0.0874957666 0.989152133 0.117994294 -0.0874957666 0.989152133 0.117994294 -0.0874957666 0.989152133 0.117994294 -0.200901866 -0.941408694 0.270902514 -0.200901866 -0.941408694 0.270902514 -0.200901866 -0.941408694 0.270902514 -0.200901866 -0.941408694 0.270902514 -0.595014632 0.049001202 0.802219748 -0.595014632 0.049001202 0.802219748 -0.595014632 0.049001202 0.802219748 -0.595014632 0.049001202 0.802219748 -0.144894391 0.969962537 0.19539246 -0.144894391 0.969962537 0.19539246 -0.144894391 0.969962537 0.19539246 -0.144894391 0.969962537 0.19539246 -0.144894391 -0.969962537 0.19539246 -0.144894391 -0.969962537 0.19539246 -0.144894391 -0.969962537 0.19539246 -0.144894391 -0.969962537 0.19539246 -0.595014632 -0.049001202 0.802219748 -0.595014632 -0.049001202 0.802219748 -0.595014632 -0.049001202 0.802219748 -0.595014632 -0.049001202 0.802219748 -0.200901866 0.941408694 0.270902514 -0.200901866 0.941408694 0.270902514 -0.200901866 0.941408694 0.270902514 -0.200901866 0.941408694 0.270902514 -0.0874957666 -0.989152133 0.117994294 -0.0874957666 -0.989152133 0.117994294 -0.0874957666 -0.989152133 0.117994294 -0.0874957666 -0.989152133 0.117994294 -0.589301109 -0.146600276 0.794501483 -0.589301109 -0.146600276 0.794501483 -0.589301109 -0.146600276 0.794501483 -0.589301109 -0.146600276 0.794501483 -0.254896581 0.903787851 0.343795389 -0.254896581 0.903787851 0.343795389 -0.254896581 0.903787851 0.343795389 -0.254896581 0.903787851 0.343795389 -0.0292997062 -0.998789966 0.0394996069 -0.0292997062 -0.998789966 0.0394996069 -0.0292997062 -0.998789966 0.0394996069 -0.577892959 -0.242697045 0.77919054 -0.577892959 -0.242697045 0.77919054 -0.577892959 -0.242697045 0.77919054 -0.577892959 -0.242697045 0.77919054 -0.306489974 0.857472003 0.413286507 -0.306489974 0.857472003 0.413286507 -0.306489974 0.857472003 0.413286507 -0.306489974 0.857472003 0.413286507 -0.560973585 -0.336484134 0.756364346 -0.560973585 -0.336484134 0.756364346 -0.560973585 -0.336484134 0.756364346 -0.560973585 -0.336484134 0.756364346 -0.355101109 0.80290252 0.478801489 -0.355101109 0.80290252 0.478801489 -0.355101109 0.80290252 0.478801489 -0.355101109 0.80290252 0.478801489 -0.538595736 -0.427096605 0.726294219 -0.538595736 -0.427096605 0.726294219 -0.538595736 -0.427096605 0.726294219 -0.538595736 -0.427096605 0.726294219 -0.400307119 0.740513146 0.539809585 -0.400307119 0.740513146 0.539809585 -0.400307119 0.740513146 0.539809585 -0.400307119 0.740513146 0.539809585 -0.511098802 -0.51359874 0.689198315 -0.511098802 -0.51359874 0.689198315 -0.511098802 -0.51359874 0.689198315 -0.511098802 -0.51359874 0.689198315 -0.441598684 0.671097994 0.595498204 -0.441598684 0.671097994 0.595498204 -0.441598684 0.671097994 0.595498204 -0.441598684 0.671097994 0.595498204 -0.478710085 -0.595212519 0.645413578 -0.478710085 -0.595212519 0.645413578 -0.478710085 -0.595212519 0.645413578 -0.478710085 -0.595212519 0.645413578 -0.478710085 0.595212519 0.645413578 -0.478710085 0.595212519 0.645413578 -0.478710085 0.595212519 0.645413578 -0.478710085 0.595212519 0.645413578 -0.441598684 -0.671097994 0.595498204 -0.441598684 -0.671097994 0.595498204 -0.441598684 -0.671097994 0.595498204 -0.441598684 -0.671097994 0.595498204 -0.511098802 0.51359874 0.689198315 -0.511098802 0.51359874 0.689198315 -0.511098802 0.51359874 0.689198315 -0.511098802 0.51359874 0.689198315 -0.400307119 -0.740513146 0.539809585 -0.400307119 -0.740513146 0.539809585 -0.400307119 -0.740513146 0.539809585 -0.400307119 -0.740513146 0.539809585 -0.538595736 0.427096605 0.726294219 -0.538595736 0.427096605 0.726294219 -0.538595736 0.427096605 0.726294219 -0.538595736 0.427096605 0.726294219 -0.355101109 -0.80290252 0.478801489 -0.355101109 -0.80290252 0.478801489 -0.355101109 -0.80290252 0.478801489 -0.355101109 -0.80290252 0.478801489 -0.560973585 0.336484134 0.756364346 -0.560973585 0.336484134 0.756364346 -0.560973585 0.336484134 0.756364346 -0.560973585 0.336484134 0.756364346 -0.0986952856 0.98915273 0.108794801 -0.0986952856 0.98915273 0.108794801 -0.0986952856 0.98915273 0.108794801 -0.0986952856 0.98915273 0.108794801 -0.226501569 -0.941406488 0.249901727 -0.226501569 -0.941406488 0.249901727 -0.226501569 -0.941406488 0.249901727 -0.226501569 -0.941406488 0.249901727 -0.670759201 0.0489970185 0.740055025 -0.670759201 0.0489970185 0.740055025 -0.670759201 0.0489970185 0.740055025 -0.670759201 0.0489970185 0.740055025 -0.163394153 0.969965339 0.180193558 -0.163394153 0.969965339 0.180193558 -0.163394153 0.969965339 0.180193558 -0.163394153 0.969965339 0.180193558 -0.163394153 -0.969965339 0.180193558 -0.163394153 -0.969965339 0.180193558 -0.163394153 -0.969965339 0.180193558 -0.163394153 -0.969965339 0.180193558 -0.670759201 -0.0489970185 0.740055025 -0.670759201 -0.0489970185 0.740055025 -0.670759201 -0.0489970185 0.740055025 -0.670759201 -0.0489970185 0.740055025 -0.226501569 0.941406488 0.249901727 -0.226501569 0.941406488 0.249901727 -0.226501569 0.941406488 0.249901727 -0.226501569 0.941406488 0.249901727 -0.0986952856 -0.98915273 0.108794801 -0.0986952856 -0.98915273 0.108794801 -0.0986952856 -0.98915273 0.108794801 -0.0986952856 -0.98915273 0.108794801 -0.664275169 -0.146594509 0.732972562 -0.664275169 -0.146594509 0.732972562 -0.664275169 -0.146594509 0.732972562 -0.664275169 -0.146594509 0.732972562 -0.287399232 0.903797507 0.317099124 -0.287399232 0.903797507 0.317099124 -0.287399232 0.903797507 0.317099124 -0.287399232 0.903797507 0.317099124 -0.0329997465 -0.99879235 0.0363997221 -0.0329997465 -0.99879235 0.0363997221 -0.0329997465 -0.99879235 0.0363997221 -0.651490569 -0.242696494 0.718789637 -0.651490569 -0.242696494 0.718789637 -0.651490569 -0.242696494 0.718789637 -0.651490569 -0.242696494 0.718789637 -0.345576644 0.857442081 0.381274223 -0.345576644 0.857442081 0.381274223 -0.345576644 0.857442081 0.381274223 -0.345576644 0.857442081 0.381274223 -0.632416666 -0.33650884 0.697718382 -0.632416666 -0.33650884 0.697718382 -0.632416666 -0.33650884 0.697718382 -0.632416666 -0.33650884 0.697718382 -0.400386512 0.802872956 0.44168511 -0.400386512 0.802872956 0.44168511 -0.400386512 0.802872956 0.44168511 -0.400386512 0.802872956 0.44168511 -0.607198119 -0.427098691 0.669997931 -0.607198119 -0.427098691 0.669997931 -0.607198119 -0.427098691 0.669997931 -0.607198119 -0.427098691 0.669997931 -0.45131889 0.740530968 0.497920841 -0.45131889 0.740530968 0.497920841 -0.45131889 0.740530968 0.497920841 -0.45131889 0.740530968 0.497920841 -0.576227129 -0.513624191 0.635729909 -0.576227129 -0.513624191 0.635729909 -0.576227129 -0.513624191 0.635729909 -0.576227129 -0.513624191 0.635729909 -0.497897506 0.671096683 0.549297273 -0.497897506 0.671096683 0.549297273 -0.497897506 0.671096683 0.549297273 -0.497897506 0.671096683 0.549297273 -0.539618254 -0.595220089 0.595420122 -0.539618254 -0.595220089 0.595420122 -0.539618254 -0.595220089 0.595420122 -0.539618254 -0.595220089 0.595420122 -0.539618254 0.595220089 0.595420122 -0.539618254 0.595220089 0.595420122 -0.539618254 0.595220089 0.595420122 -0.539618254 0.595220089 0.595420122 -0.497897506 -0.671096683 0.549297273 -0.497897506 -0.671096683 0.549297273 -0.497897506 -0.671096683 0.549297273 -0.497897506 -0.671096683 0.549297273 -0.576227129 0.513624191 0.635729909 -0.576227129 0.513624191 0.635729909 -0.576227129 0.513624191 0.635729909 -0.576227129 0.513624191 0.635729909 -0.45131889 -0.740530968 0.497920841 -0.45131889 -0.740530968 0.497920841 -0.45131889 -0.740530968 0.497920841 -0.45131889 -0.740530968 0.497920841 -0.607198119 0.427098691 0.669997931 -0.607198119 0.427098691 0.669997931 -0.607198119 0.427098691 0.669997931 -0.607198119 0.427098691 0.669997931 -0.400386512 -0.802872956 0.44168511 -0.400386512 -0.802872956 0.44168511 -0.400386512 -0.802872956 0.44168511 -0.400386512 -0.802872956 0.44168511 -0.632416666 0.33650884 0.697718382 -0.632416666 0.33650884 0.697718382 -0.632416666 0.33650884 0.697718382 -0.632416666 0.33650884 0.697718382 -0.345576644 -0.857442081 0.381274223 -0.345576644 -0.857442081 0.381274223 -0.345576644 -0.857442081 0.381274223 -0.345576644 -0.857442081 0.381274223 -0.651490569 0.242696494 0.718789637 -0.651490569 0.242696494 0.718789637 -0.651490569 0.242696494 0.718789637 -0.651490569 0.242696494 0.718789637 -0.0329997465 0.99879235 0.0363997221 -0.0329997465 0.99879235 0.0363997221 -0.0329997465 0.99879235 0.0363997221 -0.287399232 -0.903797507 0.317099124 -0.287399232 -0.903797507 0.317099124 -0.287399232 -0.903797507 0.317099124 -0.287399232 -0.903797507 0.317099124 -0.664275169 0.146594509 0.732972562 -0.664275169 0.146594509 0.732972562 -0.664275169 0.146594509 0.732972562 -0.664275169 0.146594509 0.732972562 -0.249901727 0.941406488 0.226501569 -0.249901727 0.941406488 0.226501569 -0.249901727 0.941406488 0.226501569 -0.249901727 0.941406488 0.226501569 -0.108893603 -0.989141881 0.0986942053 -0.108893603 -0.989141881 0.0986942053 -0.108893603 -0.989141881 0.0986942053 -0.108893603 -0.989141881 0.0986942053 -0.732972562 -0.146594509 0.664275169 -0.732972562 -0.146594509 0.664275169 -0.732972562 -0.146594509 0.664275169 -0.732972562 -0.146594509 0.664275169 -0.317099124 0.903797507 0.287399232 -0.317099124 0.903797507 0.287399232 -0.317099124 0.903797507 0.287399232 -0.317099124 0.903797507 0.287399232 -0.0363997221 -0.99879235 0.0329997465 -0.0363997221 -0.99879235 0.0329997465 -0.0363997221 -0.99879235 0.0329997465 -0.718789637 -0.242696494 0.651490569 -0.718789637 -0.242696494 0.651490569 -0.718789637 -0.242696494 0.651490569 -0.718789637 -0.242696494 0.651490569 -0.381274223 0.857442081 0.345576644 -0.381274223 0.857442081 0.345576644 -0.381274223 0.857442081 0.345576644 -0.381274223 0.857442081 0.345576644 -0.697718382 -0.33650884 0.632416666 -0.697718382 -0.33650884 0.632416666 -0.697718382 -0.33650884 0.632416666 -0.697718382 -0.33650884 0.632416666 -0.44168511 0.802872956 0.400386512 -0.44168511 0.802872956 0.400386512 -0.44168511 0.802872956 0.400386512 -0.44168511 0.802872956 0.400386512 -0.669997931 -0.427098691 0.607198119 -0.669997931 -0.427098691 0.607198119 -0.669997931 -0.427098691 0.607198119 -0.669997931 -0.427098691 0.607198119 -0.497920841 0.740530968 0.45131889 -0.497920841 0.740530968 0.45131889 -0.497920841 0.740530968 0.45131889 -0.497920841 0.740530968 0.45131889 -0.635729909 -0.513624191 0.576227129 -0.635729909 -0.513624191 0.576227129 -0.635729909 -0.513624191 0.576227129 -0.635729909 -0.513624191 0.576227129 -0.549297273 0.671096683 0.497897506 -0.549297273 0.671096683 0.497897506 -0.549297273 0.671096683 0.497897506 -0.549297273 0.671096683 0.497897506 -0.595420122 -0.595220089 0.539618254 -0.595420122 -0.595220089 0.539618254 -0.595420122 -0.595220089 0.539618254 -0.595420122 -0.595220089 0.539618254 -0.595420122 0.595220089 0.539618254 -0.595420122 0.595220089 0.539618254 -0.595420122 0.595220089 0.539618254 -0.595420122 0.595220089 0.539618254 -0.549297273 -0.671096683 0.497897506 -0.549297273 -0.671096683 0.497897506 -0.549297273 -0.671096683 0.497897506 -0.549297273 -0.671096683 0.497897506 -0.635729909 0.513624191 0.576227129 -0.635729909 0.513624191 0.576227129 -0.635729909 0.513624191 0.576227129 -0.635729909 0.513624191 0.576227129 -0.497920841 -0.740530968 0.45131889 -0.497920841 -0.740530968 0.45131889 -0.497920841 -0.740530968 0.45131889 -0.497920841 -0.740530968 0.45131889 -0.669997931 0.427098691 0.607198119 -0.669997931 0.427098691 0.607198119 -0.669997931 0.427098691 0.607198119 -0.669997931 0.427098691 0.607198119 -0.44168511 -0.802872956 0.400386512 -0.44168511 -0.802872956 0.400386512 -0.44168511 -0.802872956 0.400386512 -0.44168511 -0.802872956 0.400386512 -0.697718382 0.33650884 0.632416666 -0.697718382 0.33650884 0.632416666 -0.697718382 0.33650884 0.632416666 -0.697718382 0.33650884 0.632416666 -0.381274223 -0.857442081 0.345576644 -0.381274223 -0.857442081 0.345576644 -0.381274223 -0.857442081 0.345576644 -0.381274223 -0.857442081 0.345576644 -0.718789637 0.242696494 0.651490569 -0.718789637 0.242696494 0.651490569 -0.718789637 0.242696494 0.651490569 -0.718789637 0.242696494 0.651490569 -0.0363997221 0.99879235 0.0329997465 -0.0363997221 0.99879235 0.0329997465 -0.0363997221 0.99879235 0.0329997465 -0.317099124 -0.903797507 0.287399232 -0.317099124 -0.903797507 0.287399232 -0.317099124 -0.903797507 0.287399232 -0.317099124 -0.903797507 0.287399232 -0.732972562 0.146594509 0.664275169 -0.732972562 0.146594509 0.664275169 -0.732972562 0.146594509 0.664275169 -0.732972562 0.146594509 0.664275169 -0.108794801 0.98915273 0.0986952856 -0.108794801 0.98915273 0.0986952856 -0.108794801 0.98915273 0.0986952856 -0.108794801 0.98915273 0.0986952856 -0.249901727 -0.941406488 0.226501569 -0.249901727 -0.941406488 0.226501569 -0.249901727 -0.941406488 0.226501569 -0.249901727 -0.941406488 0.226501569 -0.740055025 0.0489970185 0.670759201 -0.740055025 0.0489970185 0.670759201 -0.740055025 0.0489970185 0.670759201 -0.740055025 0.0489970185 0.670759201 -0.180193558 0.969965339 0.163394153 -0.180193558 0.969965339 0.163394153 -0.180193558 0.969965339 0.163394153 -0.180193558 0.969965339 0.163394153 -0.180193558 -0.969965339 0.163394153 -0.180193558 -0.969965339 0.163394153 -0.180193558 -0.969965339 0.163394153 -0.180193558 -0.969965339 0.163394153 -0.740055025 -0.0489970185 0.670759201 -0.740055025 -0.0489970185 0.670759201 -0.740055025 -0.0489970185 0.670759201 -0.740055025 -0.0489970185 0.670759201 -0.413286507 0.857472003 0.306489974 -0.413286507 0.857472003 0.306489974 -0.413286507 0.857472003 0.306489974 -0.413286507 0.857472003 0.306489974 -0.756364346 -0.336484134 0.560973585 -0.756364346 -0.336484134 0.560973585 -0.756364346 -0.336484134 0.560973585 -0.756364346 -0.336484134 0.560973585 -0.478801489 0.80290252 0.355101109 -0.478801489 0.80290252 0.355101109 -0.478801489 0.80290252 0.355101109 -0.478801489 0.80290252 0.355101109 -0.726294219 -0.427096605 0.538595736 -0.726294219 -0.427096605 0.538595736 -0.726294219 -0.427096605 0.538595736 -0.726294219 -0.427096605 0.538595736 -0.539809585 0.740513146 0.400307119 -0.539809585 0.740513146 0.400307119 -0.539809585 0.740513146 0.400307119 -0.539809585 0.740513146 0.400307119 -0.689198315 -0.51359874 0.511098802 -0.689198315 -0.51359874 0.511098802 -0.689198315 -0.51359874 0.511098802 -0.689198315 -0.51359874 0.511098802 -0.595498204 0.671097994 0.441598684 -0.595498204 0.671097994 0.441598684 -0.595498204 0.671097994 0.441598684 -0.595498204 0.671097994 0.441598684 -0.645413578 -0.595212519 0.478710085 -0.645413578 -0.595212519 0.478710085 -0.645413578 -0.595212519 0.478710085 -0.645413578 -0.595212519 0.478710085 -0.645413578 0.595212519 0.478710085 -0.645413578 0.595212519 0.478710085 -0.645413578 0.595212519 0.478710085 -0.645413578 0.595212519 0.478710085 -0.595498204 -0.671097994 0.441598684 -0.595498204 -0.671097994 0.441598684 -0.595498204 -0.671097994 0.441598684 -0.595498204 -0.671097994 0.441598684 -0.689198315 0.51359874 0.511098802 -0.689198315 0.51359874 0.511098802 -0.689198315 0.51359874 0.511098802 -0.689198315 0.51359874 0.511098802 -0.539809585 -0.740513146 0.400307119 -0.539809585 -0.740513146 0.400307119 -0.539809585 -0.740513146 0.400307119 -0.539809585 -0.740513146 0.400307119 -0.726294219 0.427096605 0.538595736 -0.726294219 0.427096605 0.538595736 -0.726294219 0.427096605 0.538595736 -0.726294219 0.427096605 0.538595736 -0.478801489 -0.80290252 0.355101109 -0.478801489 -0.80290252 0.355101109 -0.478801489 -0.80290252 0.355101109 -0.478801489 -0.80290252 0.355101109 -0.756364346 0.336484134 0.560973585 -0.756364346 0.336484134 0.560973585 -0.756364346 0.336484134 0.560973585 -0.756364346 0.336484134 0.560973585 -0.413286507 -0.857472003 0.306489974 -0.413286507 -0.857472003 0.306489974 -0.413286507 -0.857472003 0.306489974 -0.413286507 -0.857472003 0.306489974 -0.77919054 0.242697045 0.577892959 -0.77919054 0.242697045 0.577892959 -0.77919054 0.242697045 0.577892959 -0.77919054 0.242697045 0.577892959 -0.0394996069 0.998789966 0.0292997062 -0.0394996069 0.998789966 0.0292997062 -0.0394996069 0.998789966 0.0292997062 -0.343795389 -0.903787851 0.254896581 -0.343795389 -0.903787851 0.254896581 -0.343795389 -0.903787851 0.254896581 -0.343795389 -0.903787851 0.254896581 -0.794501483 0.146600276 0.589301109 -0.794501483 0.146600276 0.589301109 -0.794501483 0.146600276 0.589301109 -0.794501483 0.146600276 0.589301109 -0.117994294 0.989152133 0.0874957666 -0.117994294 0.989152133 0.0874957666 -0.117994294 0.989152133 0.0874957666 -0.117994294 0.989152133 0.0874957666 -0.270902514 -0.941408694 0.200901866 -0.270902514 -0.941408694 0.200901866 -0.270902514 -0.941408694 0.200901866 -0.270902514 -0.941408694 0.200901866 -0.802219748 0.049001202 0.595014632 -0.802219748 0.049001202 0.595014632 -0.802219748 0.049001202 0.595014632 -0.802219748 0.049001202 0.595014632 -0.19539246 0.969962537 0.144894391 -0.19539246 0.969962537 0.144894391 -0.19539246 0.969962537 0.144894391 -0.19539246 0.969962537 0.144894391 -0.19539246 -0.969962537 0.144894391 -0.19539246 -0.969962537 0.144894391 -0.19539246 -0.969962537 0.144894391 -0.19539246 -0.969962537 0.144894391 -0.802219748 -0.049001202 0.595014632 -0.802219748 -0.049001202 0.595014632 -0.802219748 -0.049001202 0.595014632 -0.802219748 -0.049001202 0.595014632 -0.270902514 0.941408694 0.200901866 -0.270902514 0.941408694 0.200901866 -0.270902514 0.941408694 0.200901866 -0.270902514 0.941408694 0.200901866 -0.117994294 -0.989152133 0.0874957666 -0.117994294 -0.989152133 0.0874957666 -0.117994294 -0.989152133 0.0874957666 -0.117994294 -0.989152133 0.0874957666 -0.794501483 -0.146600276 0.589301109 -0.794501483 -0.146600276 0.589301109 -0.794501483 -0.146600276 0.589301109 -0.794501483 -0.146600276 0.589301109 -0.343795389 0.903787851 0.254896581 -0.343795389 0.903787851 0.254896581 -0.343795389 0.903787851 0.254896581 -0.343795389 0.903787851 0.254896581 -0.0394996069 -0.998789966 0.0292997062 -0.0394996069 -0.998789966 0.0292997062 -0.0394996069 -0.998789966 0.0292997062 -0.77919054 -0.242697045 0.577892959 -0.77919054 -0.242697045 0.577892959 -0.77919054 -0.242697045 0.577892959 -0.77919054 -0.242697045 0.577892959 -0.576415122 0.740519464 0.345509082 -0.576415122 0.740519464 0.345509082 -0.576415122 0.740519464 0.345509082 -0.576415122 0.740519464 0.345509082 -0.735935688 -0.513624907 0.441121399 -0.735935688 -0.513624907 0.441121399 -0.735935688 -0.513624907 0.441121399 -0.735935688 -0.513624907 0.441121399 -0.635905981 0.671106279 0.381103575 -0.635905981 0.671106279 0.381103575 -0.635905981 0.671106279 0.381103575 -0.635905981 0.671106279 0.381103575 -0.689230561 -0.595226407 0.413118333 -0.689230561 -0.595226407 0.413118333 -0.689230561 -0.595226407 0.413118333 -0.689230561 -0.595226407 0.413118333 -0.689230561 0.595226407 0.413118333 -0.689230561 0.595226407 0.413118333 -0.689230561 0.595226407 0.413118333 -0.689230561 0.595226407 0.413118333 -0.635905981 -0.671106279 0.381103575 -0.635905981 -0.671106279 0.381103575 -0.635905981 -0.671106279 0.381103575 -0.635905981 -0.671106279 0.381103575 -0.735935688 0.513624907 0.441121399 -0.735935688 0.513624907 0.441121399 -0.735935688 0.513624907 0.441121399 -0.735935688 0.513624907 0.441121399 -0.576415122 -0.740519464 0.345509082 -0.576415122 -0.740519464 0.345509082 -0.576415122 -0.740519464 0.345509082 -0.576415122 -0.740519464 0.345509082 -0.775556743 0.427131236 0.464834005 -0.775556743 0.427131236 0.464834005 -0.775556743 0.427131236 0.464834005 -0.775556743 0.427131236 0.464834005 -0.511295319 -0.802892625 0.306497186 -0.511295319 -0.802892625 0.306497186 -0.511295319 -0.802892625 0.306497186 -0.511295319 -0.802892625 0.306497186 -0.807714403 0.336505979 0.484108627 -0.807714403 0.336505979 0.484108627 -0.807714403 0.336505979 0.484108627 -0.807714403 0.336505979 0.484108627 -0.441297323 -0.857494831 0.264498383 -0.441297323 -0.857494831 0.264498383 -0.441297323 -0.857494831 0.264498383 -0.441297323 -0.857494831 0.264498383 -0.832101882 0.242700562 0.498701155 -0.832101882 0.242700562 0.498701155 -0.832101882 0.242700562 0.498701155 -0.832101882 0.242700562 0.498701155 -0.0420997106 0.998793066 0.0252998248 -0.0420997106 0.998793066 0.0252998248 -0.0420997106 0.998793066 0.0252998248 -0.367096901 -0.903792381 0.219998136 -0.367096901 -0.903792381 0.219998136 -0.367096901 -0.903792381 0.219998136 -0.367096901 -0.903792381 0.219998136 -0.848450065 0.146591365 0.508570075 -0.848450065 0.146591365 0.508570075 -0.848450065 0.146591365 0.508570075 -0.848450065 0.146591365 0.508570075 -0.125994161 0.9891541 0.0754964948 -0.125994161 0.9891541 0.0754964948 -0.125994161 0.9891541 0.0754964948 -0.125994161 0.9891541 0.0754964948 -0.289300591 -0.941401899 0.173400357 -0.289300591 -0.941401899 0.173400357 -0.289300591 -0.941401899 0.173400357 -0.289300591 -0.941401899 0.173400357 -0.856692255 0.0489995554 0.513495326 -0.856692255 0.0489995554 0.513495326 -0.856692255 0.0489995554 0.513495326 -0.856692255 0.0489995554 0.513495326 -0.208593339 0.969969034 0.125096008 -0.208593339 0.969969034 0.125096008 -0.208593339 0.969969034 0.125096008 -0.208593339 0.969969034 0.125096008 -0.208593339 -0.969969034 0.125096008 -0.208593339 -0.969969034 0.125096008 -0.208593339 -0.969969034 0.125096008 -0.208593339 -0.969969034 0.125096008 -0.856692255 -0.0489995554 0.513495326 -0.856692255 -0.0489995554 0.513495326 -0.856692255 -0.0489995554 0.513495326 -0.856692255 -0.0489995554 0.513495326 -0.289300591 0.941401899 0.173400357 -0.289300591 0.941401899 0.173400357 -0.289300591 0.941401899 0.173400357 -0.289300591 0.941401899 0.173400357 -0.125994161 -0.9891541 0.0754964948 -0.125994161 -0.9891541 0.0754964948 -0.125994161 -0.9891541 0.0754964948 -0.125994161 -0.9891541 0.0754964948 -0.848450065 -0.146591365 0.508570075 -0.848450065 -0.146591365 0.508570075 -0.848450065 -0.146591365 0.508570075 -0.848450065 -0.146591365 0.508570075 -0.367096901 0.903792381 0.219998136 -0.367096901 0.903792381 0.219998136 -0.367096901 0.903792381 0.219998136 -0.367096901 0.903792381 0.219998136 -0.0420997106 -0.998793066 0.0252998248 -0.0420997106 -0.998793066 0.0252998248 -0.0420997106 -0.998793066 0.0252998248 -0.832101882 -0.242700562 0.498701155 -0.832101882 -0.242700562 0.498701155 -0.832101882 -0.242700562 0.498701155 -0.832101882 -0.242700562 0.498701155 -0.441297323 0.857494831 0.264498383 -0.441297323 0.857494831 0.264498383 -0.441297323 0.857494831 0.264498383 -0.441297323 0.857494831 0.264498383 -0.807714403 -0.336505979 0.484108627 -0.807714403 -0.336505979 0.484108627 -0.807714403 -0.336505979 0.484108627 -0.807714403 -0.336505979 0.484108627 -0.511295319 0.802892625 0.306497186 -0.511295319 0.802892625 0.306497186 -0.511295319 0.802892625 0.306497186 -0.511295319 0.802892625 0.306497186 -0.775556743 -0.427131236 0.464834005 -0.775556743 -0.427131236 0.464834005 -0.775556743 -0.427131236 0.464834005 -0.775556743 -0.427131236 0.464834005 -0.726406932 0.595205665 0.343603283 -0.726406932 0.595205665 0.343603283 -0.726406932 0.595205665 0.343603283 -0.726406932 0.595205665 0.343603283 -0.670189202 -0.671089232 0.316994905 -0.670189202 -0.671089232 0.316994905 -0.670189202 -0.671089232 0.316994905 -0.670189202 -0.671089232 0.316994905 -0.775645554 0.513630152 0.366821557 -0.775645554 0.513630152 0.366821557 -0.775645554 0.513630152 0.366821557 -0.775645554 0.513630152 0.366821557 -0.607518911 -0.74052304 0.287308931 -0.607518911 -0.74052304 0.287308931 -0.607518911 -0.74052304 0.287308931 -0.607518911 -0.74052304 0.287308931 -0.817393184 0.427096426 0.386596769 -0.817393184 0.427096426 0.386596769 -0.817393184 0.427096426 0.386596769 -0.817393184 0.427096426 0.386596769 -0.538890421 -0.802885771 0.254895478 -0.538890421 -0.802885771 0.254895478 -0.538890421 -0.802885771 0.254895478 -0.538890421 -0.802885771 0.254895478 -0.851286888 0.336494803 0.402593791 -0.851286888 0.336494803 0.402593791 -0.851286888 0.336494803 0.402593791 -0.851286888 0.336494803 0.402593791 -0.465172738 -0.85744971 0.219987094 -0.465172738 -0.85744971 0.219987094 -0.465172738 -0.85744971 0.219987094 -0.465172738 -0.85744971 0.219987094 -0.87695992 0.242688909 0.414781064 -0.87695992 0.242688909 0.414781064 -0.87695992 0.242688909 0.414781064 -0.87695992 0.242688909 0.414781064 -0.0443996973 0.998793185 0.0209998563 -0.0443996973 0.998793185 0.0209998563 -0.0443996973 0.998793185 0.0209998563 -0.386893243 -0.903784156 0.182996795 -0.386893243 -0.903784156 0.182996795 -0.386893243 -0.903784156 0.182996795 -0.386893243 -0.903784156 0.182996795 -0.894231498 0.146605149 0.422914863 -0.894231498 0.146605149 0.422914863 -0.894231498 0.146605149 0.422914863 -0.894231498 0.146605149 0.422914863 -0.132793605 0.989152372 0.0627969727 -0.132793605 0.989152372 0.0627969727 -0.132793605 0.989152372 0.0627969727 -0.132793605 0.989152372 0.0627969727 -0.304901272 -0.941403985 0.144200608 -0.304901272 -0.941403985 0.144200608 -0.304901272 -0.941403985 0.144200608 -0.304901272 -0.941403985 0.144200608 -0.902918756 0.0490010194 0.427008867 -0.902918756 0.0490010194 0.427008867 -0.902918756 0.0490010194 0.427008867 -0.902918756 0.0490010194 0.427008867 -0.219892085 0.9699651 0.103996255 -0.219892085 0.9699651 0.103996255 -0.219892085 0.9699651 0.103996255 -0.219892085 0.9699651 0.103996255 -0.219892085 -0.9699651 0.103996255 -0.219892085 -0.9699651 0.103996255 -0.219892085 -0.9699651 0.103996255 -0.219892085 -0.9699651 0.103996255 -0.902918756 -0.0490010194 0.427008867 -0.902918756 -0.0490010194 0.427008867 -0.902918756 -0.0490010194 0.427008867 -0.902918756 -0.0490010194 0.427008867 -0.304901272 0.941403985 0.144200608 -0.304901272 0.941403985 0.144200608 -0.304901272 0.941403985 0.144200608 -0.304901272 0.941403985 0.144200608 -0.132793605 -0.989152372 0.0627969727 -0.132793605 -0.989152372 0.0627969727 -0.132793605 -0.989152372 0.0627969727 -0.132793605 -0.989152372 0.0627969727 -0.894231498 -0.146605149 0.422914863 -0.894231498 -0.146605149 0.422914863 -0.894231498 -0.146605149 0.422914863 -0.894231498 -0.146605149 0.422914863 -0.386893243 0.903784156 0.182996795 -0.386893243 0.903784156 0.182996795 -0.386893243 0.903784156 0.182996795 -0.386893243 0.903784156 0.182996795 -0.0443996973 -0.998793185 0.0209998563 -0.0443996973 -0.998793185 0.0209998563 -0.0443996973 -0.998793185 0.0209998563 -0.87695992 -0.242688909 0.414781064 -0.87695992 -0.242688909 0.414781064 -0.87695992 -0.242688909 0.414781064 -0.87695992 -0.242688909 0.414781064 -0.465172738 0.85744971 0.219987094 -0.465172738 0.85744971 0.219987094 -0.465172738 0.85744971 0.219987094 -0.465172738 0.85744971 0.219987094 -0.851286888 -0.336494803 0.402593791 -0.851286888 -0.336494803 0.402593791 -0.851286888 -0.336494803 0.402593791 -0.851286888 -0.336494803 0.402593791 -0.538890421 0.802885771 0.254895478 -0.538890421 0.802885771 0.254895478 -0.538890421 0.802885771 0.254895478 -0.538890421 0.802885771 0.254895478 -0.817393184 -0.427096426 0.386596769 -0.817393184 -0.427096426 0.386596769 -0.817393184 -0.427096426 0.386596769 -0.817393184 -0.427096426 0.386596769 -0.607518911 0.74052304 0.287308931 -0.607518911 0.74052304 0.287308931 -0.607518911 0.74052304 0.287308931 -0.607518911 0.74052304 0.287308931 -0.775645554 -0.513630152 0.366821557 -0.775645554 -0.513630152 0.366821557 -0.775645554 -0.513630152 0.366821557 -0.775645554 -0.513630152 0.366821557 -0.670189202 0.671089232 0.316994905 -0.670189202 0.671089232 0.316994905 -0.670189202 0.671089232 0.316994905 -0.670189202 0.671089232 0.316994905 -0.726406932 -0.595205665 0.343603283 -0.726406932 -0.595205665 0.343603283 -0.726406932 -0.595205665 0.343603283 -0.726406932 -0.595205665 0.343603283 -0.851339459 0.427119821 0.304614127 -0.851339459 0.427119821 0.304614127 -0.851339459 0.427119821 0.304614127 -0.851339459 0.427119821 0.304614127 -0.56129247 -0.802889287 0.200797319 -0.56129247 -0.802889287 0.200797319 -0.56129247 -0.802889287 0.200797319 -0.56129247 -0.802889287 0.200797319 -0.886640906 0.336515516 0.317214638 -0.886640906 0.336515516 0.317214638 -0.886640906 0.336515516 0.317214638 -0.886640906 0.336515516 0.317214638 -0.484480768 -0.857465982 0.173293114 -0.484480768 -0.857465982 0.173293114 -0.484480768 -0.857465982 0.173293114 -0.484480768 -0.857465982 0.173293114 -0.913399577 0.242699876 0.32679984 -0.913399577 0.242699876 0.32679984 -0.913399577 0.242699876 0.32679984 -0.913399577 0.242699876 0.32679984 -0.0461997353 0.998794258 0.0165999047 -0.0461997353 0.998794258 0.0165999047 -0.0461997353 0.998794258 0.0165999047 -0.402988523 -0.903774261 0.144195884 -0.402988523 -0.903774261 0.144195884 -0.402988523 -0.903774261 0.144195884 -0.402988523 -0.903774261 0.144195884 -0.931359828 0.14659366 0.3332856 -0.931359828 0.14659366 0.3332856 -0.931359828 0.14659366 0.3332856 -0.931359828 0.14659366 0.3332856 -0.13829352 0.989153683 0.0494976826 -0.13829352 0.989153683 0.0494976826 -0.13829352 0.989153683 0.0494976826 -0.13829352 0.989153683 0.0494976826 -0.317508727 -0.94142586 0.113603123 -0.317508727 -0.94142586 0.113603123 -0.317508727 -0.94142586 0.113603123 -0.317508727 -0.94142586 0.113603123 -0.940406919 0.0490003563 0.336502463 -0.940406919 0.0490003563 0.336502463 -0.940406919 0.0490003563 0.336502463 -0.940406919 0.0490003563 0.336502463 -0.228992552 0.969968438 0.081997335 -0.228992552 0.969968438 0.081997335 -0.228992552 0.969968438 0.081997335 -0.228992552 0.969968438 0.081997335 -0.228992552 -0.969968438 0.081997335 -0.228992552 -0.969968438 0.081997335 -0.228992552 -0.969968438 0.081997335 -0.228992552 -0.969968438 0.081997335 -0.940406919 -0.0490003563 0.336502463 -0.940406919 -0.0490003563 0.336502463 -0.940406919 -0.0490003563 0.336502463 -0.940406919 -0.0490003563 0.336502463 -0.317508727 0.94142586 0.113603123 -0.317508727 0.94142586 0.113603123 -0.317508727 0.94142586 0.113603123 -0.317508727 0.94142586 0.113603123 -0.13829352 -0.989153683 0.0494976826 -0.13829352 -0.989153683 0.0494976826 -0.13829352 -0.989153683 0.0494976826 -0.13829352 -0.989153683 0.0494976826 -0.931359828 -0.14659366 0.3332856 -0.931359828 -0.14659366 0.3332856 -0.931359828 -0.14659366 0.3332856 -0.931359828 -0.14659366 0.3332856 -0.402988523 0.903774261 0.144195884 -0.402988523 0.903774261 0.144195884 -0.402988523 0.903774261 0.144195884 -0.402988523 0.903774261 0.144195884 -0.0461997353 -0.998794258 0.0165999047 -0.0461997353 -0.998794258 0.0165999047 -0.0461997353 -0.998794258 0.0165999047 -0.913399577 -0.242699876 0.32679984 -0.913399577 -0.242699876 0.32679984 -0.913399577 -0.242699876 0.32679984 -0.913399577 -0.242699876 0.32679984 -0.484480768 0.857465982 0.173293114 -0.484480768 0.857465982 0.173293114 -0.484480768 0.857465982 0.173293114 -0.484480768 0.857465982 0.173293114 -0.886640906 -0.336515516 0.317214638 -0.886640906 -0.336515516 0.317214638 -0.886640906 -0.336515516 0.317214638 -0.886640906 -0.336515516 0.317214638 -0.56129247 0.802889287 0.200797319 -0.56129247 0.802889287 0.200797319 -0.56129247 0.802889287 0.200797319 -0.56129247 0.802889287 0.200797319 -0.851339459 -0.427119821 0.304614127 -0.851339459 -0.427119821 0.304614127 -0.851339459 -0.427119821 0.304614127 -0.851339459 -0.427119821 0.304614127 -0.63272965 0.740534604 0.226410598 -0.63272965 0.740534604 0.226410598 -0.63272965 0.740534604 0.226410598 -0.63272965 0.740534604 0.226410598 -0.807838559 -0.513624489 0.28911379 -0.807838559 -0.513624489 0.28911379 -0.807838559 -0.513624489 0.28911379 -0.807838559 -0.513624489 0.28911379 -0.698007226 0.671106994 0.249802589 -0.698007226 0.671106994 0.249802589 -0.698007226 0.671106994 0.249802589 -0.698007226 0.671106994 0.249802589 -0.756605685 -0.595204413 0.270702034 -0.756605685 -0.595204413 0.270702034 -0.756605685 -0.595204413 0.270702034 -0.756605685 -0.595204413 0.270702034 -0.756605685 0.595204413 0.270702034 -0.756605685 0.595204413 0.270702034 -0.756605685 0.595204413 0.270702034 -0.756605685 0.595204413 0.270702034 -0.698007226 -0.671106994 0.249802589 -0.698007226 -0.671106994 0.249802589 -0.698007226 -0.671106994 0.249802589 -0.698007226 -0.671106994 0.249802589 -0.807838559 0.513624489 0.28911379 -0.807838559 0.513624489 0.28911379 -0.807838559 0.513624489 0.28911379 -0.807838559 0.513624489 0.28911379 -0.63272965 -0.740534604 0.226410598 -0.63272965 -0.740534604 0.226410598 -0.63272965 -0.740534604 0.226410598 -0.63272965 -0.740534604 0.226410598 -0.941028833 0.242707431 0.235707223 -0.941028833 0.242707431 0.235707223 -0.941028833 0.242707431 0.235707223 -0.941028833 0.242707431 0.235707223 -0.0476995669 0.99879092 0.0118998922 -0.0476995669 0.99879092 0.0118998922 -0.0476995669 0.99879092 0.0118998922 -0.41518724 -0.903772235 0.103996806 -0.41518724 -0.903772235 0.103996806 -0.41518724 -0.903772235 0.103996806 -0.41518724 -0.903772235 0.103996806 -0.959544361 0.146591499 0.240386069 -0.959544361 0.146591499 0.240386069 -0.959544361 0.146591499 0.240386069 -0.959544361 0.146591499 0.240386069 -0.142493069 0.989151895 0.0356982648 -0.142493069 0.989151895 0.0356982648 -0.142493069 0.989151895 0.0356982648 -0.142493069 0.989151895 0.0356982648 -0.327110499 -0.941430151 0.0819026306 -0.327110499 -0.941430151 0.0819026306 -0.327110499 -0.941430151 0.0819026306 -0.327110499 -0.941430151 0.0819026306 -0.968865395 0.0489982478 0.242691323 -0.968865395 0.0489982478 0.242691323 -0.968865395 0.0489982478 0.242691323 -0.968865395 0.0489982478 0.242691323 -0.235989541 0.969956994 0.0590973794 -0.235989541 0.969956994 0.0590973794 -0.235989541 0.969956994 0.0590973794 -0.235989541 0.969956994 0.0590973794 -0.235989541 -0.969956994 0.0590973794 -0.235989541 -0.969956994 0.0590973794 -0.235989541 -0.969956994 0.0590973794 -0.235989541 -0.969956994 0.0590973794 -0.968865395 -0.0489982478 0.242691323 -0.968865395 -0.0489982478 0.242691323 -0.968865395 -0.0489982478 0.242691323 -0.968865395 -0.0489982478 0.242691323 -0.327110499 0.941430151 0.0819026306 -0.327110499 0.941430151 0.0819026306 -0.327110499 0.941430151 0.0819026306 -0.327110499 0.941430151 0.0819026306 -0.142493069 -0.989151895 0.0356982648 -0.142493069 -0.989151895 0.0356982648 -0.142493069 -0.989151895 0.0356982648 -0.142493069 -0.989151895 0.0356982648 -0.959544361 -0.146591499 0.240386069 -0.959544361 -0.146591499 0.240386069 -0.959544361 -0.146591499 0.240386069 -0.959544361 -0.146591499 0.240386069 -0.41518724 0.903772235 0.103996806 -0.41518724 0.903772235 0.103996806 -0.41518724 0.903772235 0.103996806 -0.41518724 0.903772235 0.103996806 -0.0476995669 -0.99879092 0.0118998922 -0.0476995669 -0.99879092 0.0118998922 -0.0476995669 -0.99879092 0.0118998922 -0.941028833 -0.242707431 0.235707223 -0.941028833 -0.242707431 0.235707223 -0.941028833 -0.242707431 0.235707223 -0.941028833 -0.242707431 0.235707223 -0.499092013 0.857486308 0.124998003 -0.499092013 0.857486308 0.124998003 -0.499092013 0.857486308 0.124998003 -0.499092013 0.857486308 0.124998003 -0.913470805 -0.33648923 0.228792682 -0.913470805 -0.33648923 0.228792682 -0.913470805 -0.33648923 0.228792682 -0.913470805 -0.33648923 0.228792682 -0.578278244 0.802869797 0.14489454 -0.578278244 0.802869797 0.14489454 -0.578278244 0.802869797 0.14489454 -0.578278244 0.802869797 0.14489454 -0.877105713 -0.427102804 0.219701439 -0.877105713 -0.427102804 0.219701439 -0.877105713 -0.427102804 0.219701439 -0.877105713 -0.427102804 0.219701439 -0.651906312 0.740507126 0.163301572 -0.651906312 0.740507126 0.163301572 -0.651906312 0.740507126 0.163301572 -0.651906312 0.740507126 0.163301572 -0.832308114 -0.513604999 0.208502039 -0.832308114 -0.513604999 0.208502039 -0.832308114 -0.513604999 0.208502039 -0.832308114 -0.513604999 0.208502039 -0.719130158 0.671128154 0.180107549 -0.719130158 0.671128154 0.180107549 -0.719130158 0.671128154 0.180107549 -0.719130158 0.671128154 0.180107549 -0.779505372 -0.595204055 0.195201337 -0.779505372 -0.595204055 0.195201337 -0.779505372 -0.595204055 0.195201337 -0.779505372 -0.595204055 0.195201337 -0.779505372 0.595204055 0.195201337 -0.779505372 0.595204055 0.195201337 -0.779505372 0.595204055 0.195201337 -0.779505372 0.595204055 0.195201337 -0.719130158 -0.671128154 0.180107549 -0.719130158 -0.671128154 0.180107549 -0.719130158 -0.671128154 0.180107549 -0.719130158 -0.671128154 0.180107549 -0.832308114 0.513604999 0.208502039 -0.832308114 0.513604999 0.208502039 -0.832308114 0.513604999 0.208502039 -0.832308114 0.513604999 0.208502039 -0.651906312 -0.740507126 0.163301572 -0.651906312 -0.740507126 0.163301572 -0.651906312 -0.740507126 0.163301572 -0.651906312 -0.740507126 0.163301572 -0.877105713 0.427102804 0.219701439 -0.877105713 0.427102804 0.219701439 -0.877105713 0.427102804 0.219701439 -0.877105713 0.427102804 0.219701439 -0.578278244 -0.802869797 0.14489454 -0.578278244 -0.802869797 0.14489454 -0.578278244 -0.802869797 0.14489454 -0.578278244 -0.802869797 0.14489454 -0.913470805 0.33648923 0.228792682 -0.913470805 0.33648923 0.228792682 -0.913470805 0.33648923 0.228792682 -0.913470805 0.33648923 0.228792682 -0.499092013 -0.857486308 0.124998003 -0.499092013 -0.857486308 0.124998003 -0.499092013 -0.857486308 0.124998003 -0.499092013 -0.857486308 0.124998003 -0.987981975 0.0489991046 0.146597326 -0.987981975 0.0489991046 0.146597326 -0.987981975 0.0489991046 0.146597326 -0.987981975 0.0489991046 0.146597326 -0.240592465 0.96996963 0.0356988832 -0.240592465 0.96996963 0.0356988832 -0.240592465 0.96996963 0.0356988832 -0.240592465 0.96996963 0.0356988832 -0.240592465 -0.96996963 0.0356988832 -0.240592465 -0.96996963 0.0356988832 -0.240592465 -0.96996963 0.0356988832 -0.240592465 -0.96996963 0.0356988832 -0.987981975 -0.0489991046 0.146597326 -0.987981975 -0.0489991046 0.146597326 -0.987981975 -0.0489991046 0.146597326 -0.987981975 -0.0489991046 0.146597326 -0.333604485 0.941412628 0.0495006628 -0.333604485 0.941412628 0.0495006628 -0.333604485 0.941412628 0.0495006628 -0.333604485 0.941412628 0.0495006628 -0.145293087 -0.989152968 0.0215989724 -0.145293087 -0.989152968 0.0215989724 -0.145293087 -0.989152968 0.0215989724 -0.145293087 -0.989152968 0.0215989724 -0.978496134 -0.146599412 0.145099431 -0.978496134 -0.146599412 0.145099431 -0.978496134 -0.146599412 0.145099431 -0.978496134 -0.146599412 0.145099431 -0.423303992 0.903808534 0.0628005862 -0.423303992 0.903808534 0.0628005862 -0.423303992 0.903808534 0.0628005862 -0.423303992 0.903808534 0.0628005862 -0.0485996343 -0.99879247 0.00719994586 -0.0485996343 -0.99879247 0.00719994586 -0.0485996343 -0.99879247 0.00719994586 -0.959607363 -0.242701858 0.142301083 -0.959607363 -0.242701858 0.142301083 -0.959607363 -0.242701858 0.142301083 -0.959607363 -0.242701858 0.142301083 -0.508977711 0.857462525 0.0754966959 -0.508977711 0.857462525 0.0754966959 -0.508977711 0.857462525 0.0754966959 -0.508977711 0.857462525 0.0754966959 -0.93148905 -0.336496025 0.138198376 -0.93148905 -0.336496025 0.138198376 -0.93148905 -0.336496025 0.138198376 -0.93148905 -0.336496025 0.138198376 -0.589685023 0.802879632 0.0874977782 -0.589685023 0.802879632 0.0874977782 -0.589685023 0.802879632 0.0874977782 -0.589685023 0.802879632 0.0874977782 -0.894411147 -0.427105337 0.13270165 -0.894411147 -0.427105337 0.13270165 -0.894411147 -0.427105337 0.13270165 -0.894411147 -0.427105337 0.13270165 -0.664737165 0.740541399 0.0986055136 -0.664737165 0.740541399 0.0986055136 -0.664737165 0.740541399 0.0986055136 -0.664737165 0.740541399 0.0986055136 -0.848730803 -0.513618648 0.125904575 -0.848730803 -0.513618648 0.125904575 -0.848730803 -0.513618648 0.125904575 -0.848730803 -0.513618648 0.125904575 -0.733321428 0.67111969 0.108803183 -0.733321428 0.67111969 0.108803183 -0.733321428 0.67111969 0.108803183 -0.733321428 0.67111969 0.108803183 -0.794888318 -0.5951913 0.11789827 -0.794888318 -0.5951913 0.11789827 -0.794888318 -0.5951913 0.11789827 -0.794888318 -0.5951913 0.11789827 -0.794888318 0.5951913 0.11789827 -0.794888318 0.5951913 0.11789827 -0.794888318 0.5951913 0.11789827 -0.794888318 0.5951913 0.11789827 -0.733321428 -0.67111969 0.108803183 -0.733321428 -0.67111969 0.108803183 -0.733321428 -0.67111969 0.108803183 -0.733321428 -0.67111969 0.108803183 -0.848730803 0.513618648 0.125904575 -0.848730803 0.513618648 0.125904575 -0.848730803 0.513618648 0.125904575 -0.848730803 0.513618648 0.125904575 -0.664737165 -0.740541399 0.0986055136 -0.664737165 -0.740541399 0.0986055136 -0.664737165 -0.740541399 0.0986055136 -0.664737165 -0.740541399 0.0986055136 -0.894411147 0.427105337 0.13270165 -0.894411147 0.427105337 0.13270165 -0.894411147 0.427105337 0.13270165 -0.894411147 0.427105337 0.13270165 -0.589685023 -0.802879632 0.0874977782 -0.589685023 -0.802879632 0.0874977782 -0.589685023 -0.802879632 0.0874977782 -0.589685023 -0.802879632 0.0874977782 -0.93148905 0.336496025 0.138198376 -0.93148905 0.336496025 0.138198376 -0.93148905 0.336496025 0.138198376 -0.93148905 0.336496025 0.138198376 -0.508977711 -0.857462525 0.0754966959 -0.508977711 -0.857462525 0.0754966959 -0.508977711 -0.857462525 0.0754966959 -0.508977711 -0.857462525 0.0754966959 -0.959607363 0.242701858 0.142301083 -0.959607363 0.242701858 0.142301083 -0.959607363 0.242701858 0.142301083 -0.959607363 0.242701858 0.142301083 -0.0485996343 0.99879247 0.00719994586 -0.0485996343 0.99879247 0.00719994586 -0.0485996343 0.99879247 0.00719994586 -0.423303992 -0.903808534 0.0628005862 -0.423303992 -0.903808534 0.0628005862 -0.423303992 -0.903808534 0.0628005862 -0.423303992 -0.903808534 0.0628005862 -0.978496134 0.146599412 0.145099431 -0.978496134 0.146599412 0.145099431 -0.978496134 0.146599412 0.145099431 -0.978496134 0.146599412 0.145099431 -0.145293087 0.989152968 0.0215989724 -0.145293087 0.989152968 0.0215989724 -0.145293087 0.989152968 0.0215989724 -0.145293087 0.989152968 0.0215989724 -0.333604485 -0.941412628 0.0495006628 -0.333604485 -0.941412628 0.0495006628 -0.333604485 -0.941412628 0.0495006628 -0.333604485 -0.941412628 0.0495006628 -0.988006055 -0.146600887 0.0485002995 -0.988006055 -0.146600887 0.0485002995 -0.988006055 -0.146600887 0.0485002995 -0.988006055 -0.146600887 0.0485002995 -0.427488953 0.903776646 0.0209994558 -0.427488953 0.903776646 0.0209994558 -0.427488953 0.903776646 0.0209994558 -0.427488953 0.903776646 0.0209994558 -0.0490995608 -0.998791039 0.00239997869 -0.0490995608 -0.998791039 0.00239997869 -0.0490995608 -0.998791039 0.00239997869 -0.9689309 -0.242707729 0.0476015173 -0.9689309 -0.242707729 0.0476015173 -0.9689309 -0.242707729 0.0476015173 -0.9689309 -0.242707729 0.0476015173 -0.51389116 0.857485294 0.0251995679 -0.51389116 0.857485294 0.0251995679 -0.51389116 0.857485294 0.0251995679 -0.51389116 0.857485294 0.0251995679 -0.94054383 -0.336515665 0.0462021492 -0.94054383 -0.336515665 0.0462021492 -0.94054383 -0.336515665 0.0462021492 -0.94054383 -0.336515665 0.0462021492 -0.595397592 0.802896738 0.0292998813 -0.595397592 0.802896738 0.0292998813 -0.595397592 0.802896738 0.0292998813 -0.595397592 0.802896738 0.0292998813 -0.90311116 -0.427105278 0.0444005467 -0.90311116 -0.427105278 0.0444005467 -0.90311116 -0.427105278 0.0444005467 -0.90311116 -0.427105278 0.0444005467 -0.671220601 0.740522683 0.0330010131 -0.671220601 0.740522683 0.0330010131 -0.671220601 0.740522683 0.0330010131 -0.671220601 0.740522683 0.0330010131 -0.856997311 -0.513598382 0.0420998707 -0.856997311 -0.513598382 0.0420998707 -0.856997311 -0.513598382 0.0420998707 -0.856997311 -0.513598382 0.0420998707 -0.740485072 0.67108649 0.0363992676 -0.740485072 0.67108649 0.0363992676 -0.740485072 0.67108649 0.0363992676 -0.740485072 0.67108649 0.0363992676 -0.802607179 -0.595205307 0.0394003503 -0.802607179 -0.595205307 0.0394003503 -0.802607179 -0.595205307 0.0394003503 -0.802607179 -0.595205307 0.0394003503 -0.802607179 0.595205307 0.0394003503 -0.802607179 0.595205307 0.0394003503 -0.802607179 0.595205307 0.0394003503 -0.802607179 0.595205307 0.0394003503 -0.740485072 -0.67108649 0.0363992676 -0.740485072 -0.67108649 0.0363992676 -0.740485072 -0.67108649 0.0363992676 -0.740485072 -0.67108649 0.0363992676 -0.856997311 0.513598382 0.0420998707 -0.856997311 0.513598382 0.0420998707 -0.856997311 0.513598382 0.0420998707 -0.856997311 0.513598382 0.0420998707 -0.671220601 -0.740522683 0.0330010131 -0.671220601 -0.740522683 0.0330010131 -0.671220601 -0.740522683 0.0330010131 -0.671220601 -0.740522683 0.0330010131 -0.90311116 0.427105278 0.0444005467 -0.90311116 0.427105278 0.0444005467 -0.90311116 0.427105278 0.0444005467 -0.90311116 0.427105278 0.0444005467 -0.595397592 -0.802896738 0.0292998813 -0.595397592 -0.802896738 0.0292998813 -0.595397592 -0.802896738 0.0292998813 -0.595397592 -0.802896738 0.0292998813 -0.94054383 0.336515665 0.0462021492 -0.94054383 0.336515665 0.0462021492 -0.94054383 0.336515665 0.0462021492 -0.94054383 0.336515665 0.0462021492 -0.51389116 -0.857485294 0.0251995679 -0.51389116 -0.857485294 0.0251995679 -0.51389116 -0.857485294 0.0251995679 -0.51389116 -0.857485294 0.0251995679 -0.9689309 0.242707729 0.0476015173 -0.9689309 0.242707729 0.0476015173 -0.9689309 0.242707729 0.0476015173 -0.9689309 0.242707729 0.0476015173 -0.0490995608 0.998791039 0.00239997869 -0.0490995608 0.998791039 0.00239997869 -0.0490995608 0.998791039 0.00239997869 -0.427488953 -0.903776646 0.0209994558 -0.427488953 -0.903776646 0.0209994558 -0.427488953 -0.903776646 0.0209994558 -0.427488953 -0.903776646 0.0209994558 -0.988006055 0.146600887 0.0485002995 -0.988006055 0.146600887 0.0485002995 -0.988006055 0.146600887 0.0485002995 -0.988006055 0.146600887 0.0485002995 -0.146693438 0.989155769 0.0071996781 -0.146693438 0.989155769 0.0071996781 -0.146693438 0.989155769 0.0071996781 -0.146693438 0.989155769 0.0071996781 -0.336810052 -0.941428065 0.0165004916 -0.336810052 -0.941428065 0.0165004916 -0.336810052 -0.941428065 0.0165004916 -0.336810052 -0.941428065 0.0165004916 -0.997596085 0.048999805 0.048999805 -0.997596085 0.048999805 0.048999805 -0.997596085 0.048999805 0.048999805 -0.997596085 0.048999805 0.048999805 -0.242988989 0.9699561 0.011899461 -0.242988989 0.9699561 0.011899461 -0.242988989 0.9699561 0.011899461 -0.242988989 0.9699561 0.011899461 -0.242988989 -0.9699561 0.011899461 -0.242988989 -0.9699561 0.011899461 -0.242988989 -0.9699561 0.011899461 -0.242988989 -0.9699561 0.011899461 -0.997596085 -0.048999805 0.048999805 -0.997596085 -0.048999805 0.048999805 -0.997596085 -0.048999805 0.048999805 -0.997596085 -0.048999805 0.048999805 -0.336810052 0.941428065 0.0165004916 -0.336810052 0.941428065 0.0165004916 -0.336810052 0.941428065 0.0165004916 -0.336810052 0.941428065 0.0165004916 -0.146693438 -0.989155769 0.0071996781 -0.146693438 -0.989155769 0.0071996781 -0.146693438 -0.989155769 0.0071996781 -0.146693438 -0.989155769 0.0071996781 -0.94054383 -0.336515665 -0.0462021492 -0.94054383 -0.336515665 -0.0462021492 -0.94054383 -0.336515665 -0.0462021492 -0.94054383 -0.336515665 -0.0462021492 -0.595397592 0.802896738 -0.0292998813 -0.595397592 0.802896738 -0.0292998813 -0.595397592 0.802896738 -0.0292998813 -0.595397592 0.802896738 -0.0292998813 -0.90311116 -0.427105278 -0.0444005467 -0.90311116 -0.427105278 -0.0444005467 -0.90311116 -0.427105278 -0.0444005467 -0.90311116 -0.427105278 -0.0444005467 -0.671220601 0.740522683 -0.0330010131 -0.671220601 0.740522683 -0.0330010131 -0.671220601 0.740522683 -0.0330010131 -0.671220601 0.740522683 -0.0330010131 -0.856997311 -0.513598382 -0.0420998707 -0.856997311 -0.513598382 -0.0420998707 -0.856997311 -0.513598382 -0.0420998707 -0.856997311 -0.513598382 -0.0420998707 -0.740485072 0.67108649 -0.0363992676 -0.740485072 0.67108649 -0.0363992676 -0.740485072 0.67108649 -0.0363992676 -0.740485072 0.67108649 -0.0363992676 -0.802607179 -0.595205307 -0.0394003503 -0.802607179 -0.595205307 -0.0394003503 -0.802607179 -0.595205307 -0.0394003503 -0.802607179 -0.595205307 -0.0394003503 -0.802607179 0.595205307 -0.0394003503 -0.802607179 0.595205307 -0.0394003503 -0.802607179 0.595205307 -0.0394003503 -0.802607179 0.595205307 -0.0394003503 -0.740485072 -0.67108649 -0.0363992676 -0.740485072 -0.67108649 -0.0363992676 -0.740485072 -0.67108649 -0.0363992676 -0.740485072 -0.67108649 -0.0363992676 -0.856997311 0.513598382 -0.0420998707 -0.856997311 0.513598382 -0.0420998707 -0.856997311 0.513598382 -0.0420998707 -0.856997311 0.513598382 -0.0420998707 -0.671220601 -0.740522683 -0.0330010131 -0.671220601 -0.740522683 -0.0330010131 -0.671220601 -0.740522683 -0.0330010131 -0.671220601 -0.740522683 -0.0330010131 -0.90311116 0.427105278 -0.0444005467 -0.90311116 0.427105278 -0.0444005467 -0.90311116 0.427105278 -0.0444005467 -0.90311116 0.427105278 -0.0444005467 -0.595397592 -0.802896738 -0.0292998813 -0.595397592 -0.802896738 -0.0292998813 -0.595397592 -0.802896738 -0.0292998813 -0.595397592 -0.802896738 -0.0292998813 -0.94054383 0.336515665 -0.0462021492 -0.94054383 0.336515665 -0.0462021492 -0.94054383 0.336515665 -0.0462021492 -0.94054383 0.336515665 -0.0462021492 -0.51389116 -0.857485294 -0.0251995679 -0.51389116 -0.857485294 -0.0251995679 -0.51389116 -0.857485294 -0.0251995679 -0.51389116 -0.857485294 -0.0251995679 -0.9689309 0.242707729 -0.0476015173 -0.9689309 0.242707729 -0.0476015173 -0.9689309 0.242707729 -0.0476015173 -0.9689309 0.242707729 -0.0476015173 -0.0490995608 0.998791039 -0.00239997869 -0.0490995608 0.998791039 -0.00239997869 -0.0490995608 0.998791039 -0.00239997869 -0.427488953 -0.903776646 -0.0209994558 -0.427488953 -0.903776646 -0.0209994558 -0.427488953 -0.903776646 -0.0209994558 -0.427488953 -0.903776646 -0.0209994558 -0.988006055 0.146600887 -0.0485002995 -0.988006055 0.146600887 -0.0485002995 -0.988006055 0.146600887 -0.0485002995 -0.988006055 0.146600887 -0.0485002995 -0.146693438 0.989155769 -0.0071996781 -0.146693438 0.989155769 -0.0071996781 -0.146693438 0.989155769 -0.0071996781 -0.146693438 0.989155769 -0.0071996781 -0.336810052 -0.941428065 -0.0165004916 -0.336810052 -0.941428065 -0.0165004916 -0.336810052 -0.941428065 -0.0165004916 -0.336810052 -0.941428065 -0.0165004916 -0.997596085 0.048999805 -0.048999805 -0.997596085 0.048999805 -0.048999805 -0.997596085 0.048999805 -0.048999805 -0.997596085 0.048999805 -0.048999805 -0.242988989 0.9699561 -0.011899461 -0.242988989 0.9699561 -0.011899461 -0.242988989 0.9699561 -0.011899461 -0.242988989 0.9699561 -0.011899461 -0.242988989 -0.9699561 -0.011899461 -0.242988989 -0.9699561 -0.011899461 -0.242988989 -0.9699561 -0.011899461 -0.242988989 -0.9699561 -0.011899461 -0.997596085 -0.048999805 -0.048999805 -0.997596085 -0.048999805 -0.048999805 -0.997596085 -0.048999805 -0.048999805 -0.997596085 -0.048999805 -0.048999805 -0.336810052 0.941428065 -0.0165004916 -0.336810052 0.941428065 -0.0165004916 -0.336810052 0.941428065 -0.0165004916 -0.336810052 0.941428065 -0.0165004916 -0.146693438 -0.989155769 -0.0071996781 -0.146693438 -0.989155769 -0.0071996781 -0.146693438 -0.989155769 -0.0071996781 -0.146693438 -0.989155769 -0.0071996781 -0.988006055 -0.146600887 -0.0485002995 -0.988006055 -0.146600887 -0.0485002995 -0.988006055 -0.146600887 -0.0485002995 -0.988006055 -0.146600887 -0.0485002995 -0.427488953 0.903776646 -0.0209994558 -0.427488953 0.903776646 -0.0209994558 -0.427488953 0.903776646 -0.0209994558 -0.427488953 0.903776646 -0.0209994558 -0.0490995608 -0.998791039 -0.00239997869 -0.0490995608 -0.998791039 -0.00239997869 -0.0490995608 -0.998791039 -0.00239997869 -0.9689309 -0.242707729 -0.0476015173 -0.9689309 -0.242707729 -0.0476015173 -0.9689309 -0.242707729 -0.0476015173 -0.9689309 -0.242707729 -0.0476015173 -0.51389116 0.857485294 -0.0251995679 -0.51389116 0.857485294 -0.0251995679 -0.51389116 0.857485294 -0.0251995679 -0.51389116 0.857485294 -0.0251995679 -0.848730803 -0.513618648 -0.125904575 -0.848730803 -0.513618648 -0.125904575 -0.848730803 -0.513618648 -0.125904575 -0.848730803 -0.513618648 -0.125904575 -0.733321428 0.67111969 -0.108803183 -0.733321428 0.67111969 -0.108803183 -0.733321428 0.67111969 -0.108803183 -0.733321428 0.67111969 -0.108803183 -0.794888318 -0.5951913 -0.11789827 -0.794888318 -0.5951913 -0.11789827 -0.794888318 -0.5951913 -0.11789827 -0.794888318 -0.5951913 -0.11789827 -0.794888318 0.5951913 -0.11789827 -0.794888318 0.5951913 -0.11789827 -0.794888318 0.5951913 -0.11789827 -0.794888318 0.5951913 -0.11789827 -0.733321428 -0.67111969 -0.108803183 -0.733321428 -0.67111969 -0.108803183 -0.733321428 -0.67111969 -0.108803183 -0.733321428 -0.67111969 -0.108803183 -0.848730803 0.513618648 -0.125904575 -0.848730803 0.513618648 -0.125904575 -0.848730803 0.513618648 -0.125904575 -0.848730803 0.513618648 -0.125904575 -0.664737165 -0.740541399 -0.0986055136 -0.664737165 -0.740541399 -0.0986055136 -0.664737165 -0.740541399 -0.0986055136 -0.664737165 -0.740541399 -0.0986055136 -0.894411147 0.427105337 -0.13270165 -0.894411147 0.427105337 -0.13270165 -0.894411147 0.427105337 -0.13270165 -0.894411147 0.427105337 -0.13270165 -0.589685023 -0.802879632 -0.0874977782 -0.589685023 -0.802879632 -0.0874977782 -0.589685023 -0.802879632 -0.0874977782 -0.589685023 -0.802879632 -0.0874977782 -0.93148905 0.336496025 -0.138198376 -0.93148905 0.336496025 -0.138198376 -0.93148905 0.336496025 -0.138198376 -0.93148905 0.336496025 -0.138198376 -0.508977711 -0.857462525 -0.0754966959 -0.508977711 -0.857462525 -0.0754966959 -0.508977711 -0.857462525 -0.0754966959 -0.508977711 -0.857462525 -0.0754966959 -0.959607363 0.242701858 -0.142301083 -0.959607363 0.242701858 -0.142301083 -0.959607363 0.242701858 -0.142301083 -0.959607363 0.242701858 -0.142301083 -0.0485996343 0.99879247 -0.00719994586 -0.0485996343 0.99879247 -0.00719994586 -0.0485996343 0.99879247 -0.00719994586 -0.423303992 -0.903808534 -0.0628005862 -0.423303992 -0.903808534 -0.0628005862 -0.423303992 -0.903808534 -0.0628005862 -0.423303992 -0.903808534 -0.0628005862 -0.978496134 0.146599412 -0.145099431 -0.978496134 0.146599412 -0.145099431 -0.978496134 0.146599412 -0.145099431 -0.978496134 0.146599412 -0.145099431 -0.145293087 0.989152968 -0.0215989724 -0.145293087 0.989152968 -0.0215989724 -0.145293087 0.989152968 -0.0215989724 -0.145293087 0.989152968 -0.0215989724 -0.333604485 -0.941412628 -0.0495006628 -0.333604485 -0.941412628 -0.0495006628 -0.333604485 -0.941412628 -0.0495006628 -0.333604485 -0.941412628 -0.0495006628 -0.987981975 0.0489991046 -0.146597326 -0.987981975 0.0489991046 -0.146597326 -0.987981975 0.0489991046 -0.146597326 -0.987981975 0.0489991046 -0.146597326 -0.240592465 0.96996963 -0.0356988832 -0.240592465 0.96996963 -0.0356988832 -0.240592465 0.96996963 -0.0356988832 -0.240592465 0.96996963 -0.0356988832 -0.240592465 -0.96996963 -0.0356988832 -0.240592465 -0.96996963 -0.0356988832 -0.240592465 -0.96996963 -0.0356988832 -0.240592465 -0.96996963 -0.0356988832 -0.987981975 -0.0489991046 -0.146597326 -0.987981975 -0.0489991046 -0.146597326 -0.987981975 -0.0489991046 -0.146597326 -0.987981975 -0.0489991046 -0.146597326 -0.333604485 0.941412628 -0.0495006628 -0.333604485 0.941412628 -0.0495006628 -0.333604485 0.941412628 -0.0495006628 -0.333604485 0.941412628 -0.0495006628 -0.145293087 -0.989152968 -0.0215989724 -0.145293087 -0.989152968 -0.0215989724 -0.145293087 -0.989152968 -0.0215989724 -0.145293087 -0.989152968 -0.0215989724 -0.978496134 -0.146599412 -0.145099431 -0.978496134 -0.146599412 -0.145099431 -0.978496134 -0.146599412 -0.145099431 -0.978496134 -0.146599412 -0.145099431 -0.423303992 0.903808534 -0.0628005862 -0.423303992 0.903808534 -0.0628005862 -0.423303992 0.903808534 -0.0628005862 -0.423303992 0.903808534 -0.0628005862 -0.0485996343 -0.99879247 -0.00719994586 -0.0485996343 -0.99879247 -0.00719994586 -0.0485996343 -0.99879247 -0.00719994586 -0.959607363 -0.242701858 -0.142301083 -0.959607363 -0.242701858 -0.142301083 -0.959607363 -0.242701858 -0.142301083 -0.959607363 -0.242701858 -0.142301083 -0.508977711 0.857462525 -0.0754966959 -0.508977711 0.857462525 -0.0754966959 -0.508977711 0.857462525 -0.0754966959 -0.508977711 0.857462525 -0.0754966959 -0.93148905 -0.336496025 -0.138198376 -0.93148905 -0.336496025 -0.138198376 -0.93148905 -0.336496025 -0.138198376 -0.93148905 -0.336496025 -0.138198376 -0.589685023 0.802879632 -0.0874977782 -0.589685023 0.802879632 -0.0874977782 -0.589685023 0.802879632 -0.0874977782 -0.589685023 0.802879632 -0.0874977782 -0.894411147 -0.427105337 -0.13270165 -0.894411147 -0.427105337 -0.13270165 -0.894411147 -0.427105337 -0.13270165 -0.894411147 -0.427105337 -0.13270165 -0.664737165 0.740541399 -0.0986055136 -0.664737165 0.740541399 -0.0986055136 -0.664737165 0.740541399 -0.0986055136 -0.664737165 0.740541399 -0.0986055136 -0.719130158 -0.671128154 -0.180107549 -0.719130158 -0.671128154 -0.180107549 -0.719130158 -0.671128154 -0.180107549 -0.719130158 -0.671128154 -0.180107549 -0.832308114 0.513604999 -0.208502039 -0.832308114 0.513604999 -0.208502039 -0.832308114 0.513604999 -0.208502039 -0.832308114 0.513604999 -0.208502039 -0.651906312 -0.740507126 -0.163301572 -0.651906312 -0.740507126 -0.163301572 -0.651906312 -0.740507126 -0.163301572 -0.651906312 -0.740507126 -0.163301572 -0.877105713 0.427102804 -0.219701439 -0.877105713 0.427102804 -0.219701439 -0.877105713 0.427102804 -0.219701439 -0.877105713 0.427102804 -0.219701439 -0.578278244 -0.802869797 -0.14489454 -0.578278244 -0.802869797 -0.14489454 -0.578278244 -0.802869797 -0.14489454 -0.578278244 -0.802869797 -0.14489454 -0.913470805 0.33648923 -0.228792682 -0.913470805 0.33648923 -0.228792682 -0.913470805 0.33648923 -0.228792682 -0.913470805 0.33648923 -0.228792682 -0.499092013 -0.857486308 -0.124998003 -0.499092013 -0.857486308 -0.124998003 -0.499092013 -0.857486308 -0.124998003 -0.499092013 -0.857486308 -0.124998003 -0.941028833 0.242707431 -0.235707223 -0.941028833 0.242707431 -0.235707223 -0.941028833 0.242707431 -0.235707223 -0.941028833 0.242707431 -0.235707223 -0.0476995669 0.99879092 -0.0118998922 -0.0476995669 0.99879092 -0.0118998922 -0.0476995669 0.99879092 -0.0118998922 -0.41518724 -0.903772235 -0.103996806 -0.41518724 -0.903772235 -0.103996806 -0.41518724 -0.903772235 -0.103996806 -0.41518724 -0.903772235 -0.103996806 -0.959544361 0.146591499 -0.240386069 -0.959544361 0.146591499 -0.240386069 -0.959544361 0.146591499 -0.240386069 -0.959544361 0.146591499 -0.240386069 -0.142493069 0.989151895 -0.0356982648 -0.142493069 0.989151895 -0.0356982648 -0.142493069 0.989151895 -0.0356982648 -0.142493069 0.989151895 -0.0356982648 -0.327110499 -0.941430151 -0.0819026306 -0.327110499 -0.941430151 -0.0819026306 -0.327110499 -0.941430151 -0.0819026306 -0.327110499 -0.941430151 -0.0819026306 -0.968865395 0.0489982478 -0.242691323 -0.968865395 0.0489982478 -0.242691323 -0.968865395 0.0489982478 -0.242691323 -0.968865395 0.0489982478 -0.242691323 -0.235989541 0.969956994 -0.0590973794 -0.235989541 0.969956994 -0.0590973794 -0.235989541 0.969956994 -0.0590973794 -0.235989541 0.969956994 -0.0590973794 -0.235989541 -0.969956994 -0.0590973794 -0.235989541 -0.969956994 -0.0590973794 -0.235989541 -0.969956994 -0.0590973794 -0.235989541 -0.969956994 -0.0590973794 -0.968865395 -0.0489982478 -0.242691323 -0.968865395 -0.0489982478 -0.242691323 -0.968865395 -0.0489982478 -0.242691323 -0.968865395 -0.0489982478 -0.242691323 -0.327110499 0.941430151 -0.0819026306 -0.327110499 0.941430151 -0.0819026306 -0.327110499 0.941430151 -0.0819026306 -0.327110499 0.941430151 -0.0819026306 -0.142493069 -0.989151895 -0.0356982648 -0.142493069 -0.989151895 -0.0356982648 -0.142493069 -0.989151895 -0.0356982648 -0.142493069 -0.989151895 -0.0356982648 -0.959544361 -0.146591499 -0.240386069 -0.959544361 -0.146591499 -0.240386069 -0.959544361 -0.146591499 -0.240386069 -0.959544361 -0.146591499 -0.240386069 -0.41518724 0.903772235 -0.103996806 -0.41518724 0.903772235 -0.103996806 -0.41518724 0.903772235 -0.103996806 -0.41518724 0.903772235 -0.103996806 -0.0476995669 -0.99879092 -0.0118998922 -0.0476995669 -0.99879092 -0.0118998922 -0.0476995669 -0.99879092 -0.0118998922 -0.941028833 -0.242707431 -0.235707223 -0.941028833 -0.242707431 -0.235707223 -0.941028833 -0.242707431 -0.235707223 -0.941028833 -0.242707431 -0.235707223 -0.499092013 0.857486308 -0.124998003 -0.499092013 0.857486308 -0.124998003 -0.499092013 0.857486308 -0.124998003 -0.499092013 0.857486308 -0.124998003 -0.913470805 -0.33648923 -0.228792682 -0.913470805 -0.33648923 -0.228792682 -0.913470805 -0.33648923 -0.228792682 -0.913470805 -0.33648923 -0.228792682 -0.578278244 0.802869797 -0.14489454 -0.578278244 0.802869797 -0.14489454 -0.578278244 0.802869797 -0.14489454 -0.578278244 0.802869797 -0.14489454 -0.877105713 -0.427102804 -0.219701439 -0.877105713 -0.427102804 -0.219701439 -0.877105713 -0.427102804 -0.219701439 -0.877105713 -0.427102804 -0.219701439 -0.651906312 0.740507126 -0.163301572 -0.651906312 0.740507126 -0.163301572 -0.651906312 0.740507126 -0.163301572 -0.651906312 0.740507126 -0.163301572 -0.832308114 -0.513604999 -0.208502039 -0.832308114 -0.513604999 -0.208502039 -0.832308114 -0.513604999 -0.208502039 -0.832308114 -0.513604999 -0.208502039 -0.719130158 0.671128154 -0.180107549 -0.719130158 0.671128154 -0.180107549 -0.719130158 0.671128154 -0.180107549 -0.719130158 0.671128154 -0.180107549 -0.779505372 -0.595204055 -0.195201337 -0.779505372 -0.595204055 -0.195201337 -0.779505372 -0.595204055 -0.195201337 -0.779505372 -0.595204055 -0.195201337 -0.779505372 0.595204055 -0.195201337 -0.779505372 0.595204055 -0.195201337 -0.779505372 0.595204055 -0.195201337 -0.779505372 0.595204055 -0.195201337 -0.63272965 -0.740534604 -0.226410598 -0.63272965 -0.740534604 -0.226410598 -0.63272965 -0.740534604 -0.226410598 -0.63272965 -0.740534604 -0.226410598 -0.851339459 0.427119821 -0.304614127 -0.851339459 0.427119821 -0.304614127 -0.851339459 0.427119821 -0.304614127 -0.851339459 0.427119821 -0.304614127 -0.56129247 -0.802889287 -0.200797319 -0.56129247 -0.802889287 -0.200797319 -0.56129247 -0.802889287 -0.200797319 -0.56129247 -0.802889287 -0.200797319 -0.886640906 0.336515516 -0.317214638 -0.886640906 0.336515516 -0.317214638 -0.886640906 0.336515516 -0.317214638 -0.886640906 0.336515516 -0.317214638 -0.484480768 -0.857465982 -0.173293114 -0.484480768 -0.857465982 -0.173293114 -0.484480768 -0.857465982 -0.173293114 -0.484480768 -0.857465982 -0.173293114 -0.913399577 0.242699876 -0.32679984 -0.913399577 0.242699876 -0.32679984 -0.913399577 0.242699876 -0.32679984 -0.913399577 0.242699876 -0.32679984 -0.0462995283 0.998789728 -0.0165998302 -0.0462995283 0.998789728 -0.0165998302 -0.0462995283 0.998789728 -0.0165998302 -0.402988523 -0.903774261 -0.144195884 -0.402988523 -0.903774261 -0.144195884 -0.402988523 -0.903774261 -0.144195884 -0.402988523 -0.903774261 -0.144195884 -0.931359828 0.14659366 -0.3332856 -0.931359828 0.14659366 -0.3332856 -0.931359828 0.14659366 -0.3332856 -0.931359828 0.14659366 -0.3332856 -0.13829352 0.989153683 -0.0494976826 -0.13829352 0.989153683 -0.0494976826 -0.13829352 0.989153683 -0.0494976826 -0.13829352 0.989153683 -0.0494976826 -0.317508727 -0.94142586 -0.113603123 -0.317508727 -0.94142586 -0.113603123 -0.317508727 -0.94142586 -0.113603123 -0.317508727 -0.94142586 -0.113603123 -0.940406919 0.0490003563 -0.336502463 -0.940406919 0.0490003563 -0.336502463 -0.940406919 0.0490003563 -0.336502463 -0.940406919 0.0490003563 -0.336502463 -0.228992552 0.969968438 -0.081997335 -0.228992552 0.969968438 -0.081997335 -0.228992552 0.969968438 -0.081997335 -0.228992552 0.969968438 -0.081997335 -0.228992552 -0.969968438 -0.081997335 -0.228992552 -0.969968438 -0.081997335 -0.228992552 -0.969968438 -0.081997335 -0.228992552 -0.969968438 -0.081997335 -0.940406919 -0.0490003563 -0.336502463 -0.940406919 -0.0490003563 -0.336502463 -0.940406919 -0.0490003563 -0.336502463 -0.940406919 -0.0490003563 -0.336502463 -0.317508727 0.94142586 -0.113603123 -0.317508727 0.94142586 -0.113603123 -0.317508727 0.94142586 -0.113603123 -0.317508727 0.94142586 -0.113603123 -0.13829352 -0.989153683 -0.0494976826 -0.13829352 -0.989153683 -0.0494976826 -0.13829352 -0.989153683 -0.0494976826 -0.13829352 -0.989153683 -0.0494976826 -0.931359828 -0.14659366 -0.3332856 -0.931359828 -0.14659366 -0.3332856 -0.931359828 -0.14659366 -0.3332856 -0.931359828 -0.14659366 -0.3332856 -0.402988523 0.903774261 -0.144195884 -0.402988523 0.903774261 -0.144195884 -0.402988523 0.903774261 -0.144195884 -0.402988523 0.903774261 -0.144195884 -0.0461997353 -0.998794258 -0.0165999047 -0.0461997353 -0.998794258 -0.0165999047 -0.0461997353 -0.998794258 -0.0165999047 -0.913399577 -0.242699876 -0.32679984 -0.913399577 -0.242699876 -0.32679984 -0.913399577 -0.242699876 -0.32679984 -0.913399577 -0.242699876 -0.32679984 -0.484480768 0.857465982 -0.173293114 -0.484480768 0.857465982 -0.173293114 -0.484480768 0.857465982 -0.173293114 -0.484480768 0.857465982 -0.173293114 -0.886640906 -0.336515516 -0.317214638 -0.886640906 -0.336515516 -0.317214638 -0.886640906 -0.336515516 -0.317214638 -0.886640906 -0.336515516 -0.317214638 -0.56129247 0.802889287 -0.200797319 -0.56129247 0.802889287 -0.200797319 -0.56129247 0.802889287 -0.200797319 -0.56129247 0.802889287 -0.200797319 -0.851339459 -0.427119821 -0.304614127 -0.851339459 -0.427119821 -0.304614127 -0.851339459 -0.427119821 -0.304614127 -0.851339459 -0.427119821 -0.304614127 -0.63272965 0.740534604 -0.226410598 -0.63272965 0.740534604 -0.226410598 -0.63272965 0.740534604 -0.226410598 -0.63272965 0.740534604 -0.226410598 -0.807838559 -0.513624489 -0.28911379 -0.807838559 -0.513624489 -0.28911379 -0.807838559 -0.513624489 -0.28911379 -0.807838559 -0.513624489 -0.28911379 -0.698007226 0.671106994 -0.249802589 -0.698007226 0.671106994 -0.249802589 -0.698007226 0.671106994 -0.249802589 -0.698007226 0.671106994 -0.249802589 -0.756605685 -0.595204413 -0.270702034 -0.756605685 -0.595204413 -0.270702034 -0.756605685 -0.595204413 -0.270702034 -0.756605685 -0.595204413 -0.270702034 -0.756605685 0.595204413 -0.270702034 -0.756605685 0.595204413 -0.270702034 -0.756605685 0.595204413 -0.270702034 -0.756605685 0.595204413 -0.270702034 -0.698007226 -0.671106994 -0.249802589 -0.698007226 -0.671106994 -0.249802589 -0.698007226 -0.671106994 -0.249802589 -0.698007226 -0.671106994 -0.249802589 -0.807838559 0.513624489 -0.28911379 -0.807838559 0.513624489 -0.28911379 -0.807838559 0.513624489 -0.28911379 -0.807838559 0.513624489 -0.28911379 -0.465172738 -0.85744971 -0.219987094 -0.465172738 -0.85744971 -0.219987094 -0.465172738 -0.85744971 -0.219987094 -0.465172738 -0.85744971 -0.219987094 -0.87695992 0.242688909 -0.414781064 -0.87695992 0.242688909 -0.414781064 -0.87695992 0.242688909 -0.414781064 -0.87695992 0.242688909 -0.414781064 -0.0443996973 0.998793185 -0.0209998563 -0.0443996973 0.998793185 -0.0209998563 -0.0443996973 0.998793185 -0.0209998563 -0.386893243 -0.903784156 -0.182996795 -0.386893243 -0.903784156 -0.182996795 -0.386893243 -0.903784156 -0.182996795 -0.386893243 -0.903784156 -0.182996795 -0.894231498 0.146605149 -0.422914863 -0.894231498 0.146605149 -0.422914863 -0.894231498 0.146605149 -0.422914863 -0.894231498 0.146605149 -0.422914863 -0.132793605 0.989152372 -0.0627969727 -0.132793605 0.989152372 -0.0627969727 -0.132793605 0.989152372 -0.0627969727 -0.132793605 0.989152372 -0.0627969727 -0.304901272 -0.941403985 -0.144200608 -0.304901272 -0.941403985 -0.144200608 -0.304901272 -0.941403985 -0.144200608 -0.304901272 -0.941403985 -0.144200608 -0.902918756 0.0490010194 -0.427008867 -0.902918756 0.0490010194 -0.427008867 -0.902918756 0.0490010194 -0.427008867 -0.902918756 0.0490010194 -0.427008867 -0.219892085 0.9699651 -0.103996255 -0.219892085 0.9699651 -0.103996255 -0.219892085 0.9699651 -0.103996255 -0.219892085 0.9699651 -0.103996255 -0.219892085 -0.9699651 -0.103996255 -0.219892085 -0.9699651 -0.103996255 -0.219892085 -0.9699651 -0.103996255 -0.219892085 -0.9699651 -0.103996255 -0.902918756 -0.0490010194 -0.427008867 -0.902918756 -0.0490010194 -0.427008867 -0.902918756 -0.0490010194 -0.427008867 -0.902918756 -0.0490010194 -0.427008867 -0.304901272 0.941403985 -0.144200608 -0.304901272 0.941403985 -0.144200608 -0.304901272 0.941403985 -0.144200608 -0.304901272 0.941403985 -0.144200608 -0.132793605 -0.989152372 -0.0627969727 -0.132793605 -0.989152372 -0.0627969727 -0.132793605 -0.989152372 -0.0627969727 -0.132793605 -0.989152372 -0.0627969727 -0.894231498 -0.146605149 -0.422914863 -0.894231498 -0.146605149 -0.422914863 -0.894231498 -0.146605149 -0.422914863 -0.894231498 -0.146605149 -0.422914863 -0.386893243 0.903784156 -0.182996795 -0.386893243 0.903784156 -0.182996795 -0.386893243 0.903784156 -0.182996795 -0.386893243 0.903784156 -0.182996795 -0.0443996973 -0.998793185 -0.0209998563 -0.0443996973 -0.998793185 -0.0209998563 -0.0443996973 -0.998793185 -0.0209998563 -0.87695992 -0.242688909 -0.414781064 -0.87695992 -0.242688909 -0.414781064 -0.87695992 -0.242688909 -0.414781064 -0.87695992 -0.242688909 -0.414781064 -0.465172738 0.85744971 -0.219987094 -0.465172738 0.85744971 -0.219987094 -0.465172738 0.85744971 -0.219987094 -0.465172738 0.85744971 -0.219987094 -0.851286888 -0.336494803 -0.402593791 -0.851286888 -0.336494803 -0.402593791 -0.851286888 -0.336494803 -0.402593791 -0.851286888 -0.336494803 -0.402593791 -0.538890421 0.802885771 -0.254895478 -0.538890421 0.802885771 -0.254895478 -0.538890421 0.802885771 -0.254895478 -0.538890421 0.802885771 -0.254895478 -0.817393184 -0.427096426 -0.386596769 -0.817393184 -0.427096426 -0.386596769 -0.817393184 -0.427096426 -0.386596769 -0.817393184 -0.427096426 -0.386596769 -0.607518911 0.74052304 -0.287308931 -0.607518911 0.74052304 -0.287308931 -0.607518911 0.74052304 -0.287308931 -0.607518911 0.74052304 -0.287308931 -0.775645554 -0.513630152 -0.366821557 -0.775645554 -0.513630152 -0.366821557 -0.775645554 -0.513630152 -0.366821557 -0.775645554 -0.513630152 -0.366821557 -0.670189202 0.671089232 -0.316994905 -0.670189202 0.671089232 -0.316994905 -0.670189202 0.671089232 -0.316994905 -0.670189202 0.671089232 -0.316994905 -0.726406932 -0.595205665 -0.343603283 -0.726406932 -0.595205665 -0.343603283 -0.726406932 -0.595205665 -0.343603283 -0.726406932 -0.595205665 -0.343603283 -0.726406932 0.595205665 -0.343603283 -0.726406932 0.595205665 -0.343603283 -0.726406932 0.595205665 -0.343603283 -0.726406932 0.595205665 -0.343603283 -0.670189202 -0.671089232 -0.316994905 -0.670189202 -0.671089232 -0.316994905 -0.670189202 -0.671089232 -0.316994905 -0.670189202 -0.671089232 -0.316994905 -0.775645554 0.513630152 -0.366821557 -0.775645554 0.513630152 -0.366821557 -0.775645554 0.513630152 -0.366821557 -0.775645554 0.513630152 -0.366821557 -0.607518911 -0.74052304 -0.287308931 -0.607518911 -0.74052304 -0.287308931 -0.607518911 -0.74052304 -0.287308931 -0.607518911 -0.74052304 -0.287308931 -0.817393184 0.427096426 -0.386596769 -0.817393184 0.427096426 -0.386596769 -0.817393184 0.427096426 -0.386596769 -0.817393184 0.427096426 -0.386596769 -0.538890421 -0.802885771 -0.254895478 -0.538890421 -0.802885771 -0.254895478 -0.538890421 -0.802885771 -0.254895478 -0.538890421 -0.802885771 -0.254895478 -0.851286888 0.336494803 -0.402593791 -0.851286888 0.336494803 -0.402593791 -0.851286888 0.336494803 -0.402593791 -0.851286888 0.336494803 -0.402593791 -0.125994161 0.9891541 -0.0754964948 -0.125994161 0.9891541 -0.0754964948 -0.125994161 0.9891541 -0.0754964948 -0.125994161 0.9891541 -0.0754964948 -0.289300591 -0.941401899 -0.173400357 -0.289300591 -0.941401899 -0.173400357 -0.289300591 -0.941401899 -0.173400357 -0.289300591 -0.941401899 -0.173400357 -0.856692255 0.0489995554 -0.513495326 -0.856692255 0.0489995554 -0.513495326 -0.856692255 0.0489995554 -0.513495326 -0.856692255 0.0489995554 -0.513495326 -0.208593339 0.969969034 -0.125096008 -0.208593339 0.969969034 -0.125096008 -0.208593339 0.969969034 -0.125096008 -0.208593339 0.969969034 -0.125096008 -0.208593339 -0.969969034 -0.125096008 -0.208593339 -0.969969034 -0.125096008 -0.208593339 -0.969969034 -0.125096008 -0.208593339 -0.969969034 -0.125096008 -0.856692255 -0.0489995554 -0.513495326 -0.856692255 -0.0489995554 -0.513495326 -0.856692255 -0.0489995554 -0.513495326 -0.856692255 -0.0489995554 -0.513495326 -0.289300591 0.941401899 -0.173400357 -0.289300591 0.941401899 -0.173400357 -0.289300591 0.941401899 -0.173400357 -0.289300591 0.941401899 -0.173400357 -0.125994161 -0.9891541 -0.0754964948 -0.125994161 -0.9891541 -0.0754964948 -0.125994161 -0.9891541 -0.0754964948 -0.125994161 -0.9891541 -0.0754964948 -0.848450065 -0.146591365 -0.508570075 -0.848450065 -0.146591365 -0.508570075 -0.848450065 -0.146591365 -0.508570075 -0.848450065 -0.146591365 -0.508570075 -0.367096901 0.903792381 -0.219998136 -0.367096901 0.903792381 -0.219998136 -0.367096901 0.903792381 -0.219998136 -0.367096901 0.903792381 -0.219998136 -0.0420997106 -0.998793066 -0.0252998248 -0.0420997106 -0.998793066 -0.0252998248 -0.0420997106 -0.998793066 -0.0252998248 -0.832101882 -0.242700562 -0.498701155 -0.832101882 -0.242700562 -0.498701155 -0.832101882 -0.242700562 -0.498701155 -0.832101882 -0.242700562 -0.498701155 -0.441297323 0.857494831 -0.264498383 -0.441297323 0.857494831 -0.264498383 -0.441297323 0.857494831 -0.264498383 -0.441297323 0.857494831 -0.264498383 -0.807714403 -0.336505979 -0.484108627 -0.807714403 -0.336505979 -0.484108627 -0.807714403 -0.336505979 -0.484108627 -0.807714403 -0.336505979 -0.484108627 -0.511295319 0.802892625 -0.306497186 -0.511295319 0.802892625 -0.306497186 -0.511295319 0.802892625 -0.306497186 -0.511295319 0.802892625 -0.306497186 -0.775556743 -0.427131236 -0.464834005 -0.775556743 -0.427131236 -0.464834005 -0.775556743 -0.427131236 -0.464834005 -0.775556743 -0.427131236 -0.464834005 -0.576415122 0.740519464 -0.345509082 -0.576415122 0.740519464 -0.345509082 -0.576415122 0.740519464 -0.345509082 -0.576415122 0.740519464 -0.345509082 -0.735935688 -0.513624907 -0.441121399 -0.735935688 -0.513624907 -0.441121399 -0.735935688 -0.513624907 -0.441121399 -0.735935688 -0.513624907 -0.441121399 -0.635905981 0.671106279 -0.381103575 -0.635905981 0.671106279 -0.381103575 -0.635905981 0.671106279 -0.381103575 -0.635905981 0.671106279 -0.381103575 -0.689230561 -0.595226407 -0.413118333 -0.689230561 -0.595226407 -0.413118333 -0.689230561 -0.595226407 -0.413118333 -0.689230561 -0.595226407 -0.413118333 -0.689230561 0.595226407 -0.413118333 -0.689230561 0.595226407 -0.413118333 -0.689230561 0.595226407 -0.413118333 -0.689230561 0.595226407 -0.413118333 -0.635905981 -0.671106279 -0.381103575 -0.635905981 -0.671106279 -0.381103575 -0.635905981 -0.671106279 -0.381103575 -0.635905981 -0.671106279 -0.381103575 -0.735935688 0.513624907 -0.441121399 -0.735935688 0.513624907 -0.441121399 -0.735935688 0.513624907 -0.441121399 -0.735935688 0.513624907 -0.441121399 -0.576415122 -0.740519464 -0.345509082 -0.576415122 -0.740519464 -0.345509082 -0.576415122 -0.740519464 -0.345509082 -0.576415122 -0.740519464 -0.345509082 -0.775556743 0.427131236 -0.464834005 -0.775556743 0.427131236 -0.464834005 -0.775556743 0.427131236 -0.464834005 -0.775556743 0.427131236 -0.464834005 -0.511295319 -0.802892625 -0.306497186 -0.511295319 -0.802892625 -0.306497186 -0.511295319 -0.802892625 -0.306497186 -0.511295319 -0.802892625 -0.306497186 -0.807714403 0.336505979 -0.484108627 -0.807714403 0.336505979 -0.484108627 -0.807714403 0.336505979 -0.484108627 -0.807714403 0.336505979 -0.484108627 -0.441297323 -0.857494831 -0.264498383 -0.441297323 -0.857494831 -0.264498383 -0.441297323 -0.857494831 -0.264498383 -0.441297323 -0.857494831 -0.264498383 -0.832101882 0.242700562 -0.498701155 -0.832101882 0.242700562 -0.498701155 -0.832101882 0.242700562 -0.498701155 -0.832101882 0.242700562 -0.498701155 -0.0420997106 0.998793066 -0.0252998248 -0.0420997106 0.998793066 -0.0252998248 -0.0420997106 0.998793066 -0.0252998248 -0.367096901 -0.903792381 -0.219998136 -0.367096901 -0.903792381 -0.219998136 -0.367096901 -0.903792381 -0.219998136 -0.367096901 -0.903792381 -0.219998136 -0.848450065 0.146591365 -0.508570075 -0.848450065 0.146591365 -0.508570075 -0.848450065 0.146591365 -0.508570075 -0.848450065 0.146591365 -0.508570075 -0.270902514 0.941408694 -0.200901866 -0.270902514 0.941408694 -0.200901866 -0.270902514 0.941408694 -0.200901866 -0.270902514 0.941408694 -0.200901866 -0.117994294 -0.989152133 -0.0874957666 -0.117994294 -0.989152133 -0.0874957666 -0.117994294 -0.989152133 -0.0874957666 -0.117994294 -0.989152133 -0.0874957666 -0.794501483 -0.146600276 -0.589301109 -0.794501483 -0.146600276 -0.589301109 -0.794501483 -0.146600276 -0.589301109 -0.794501483 -0.146600276 -0.589301109 -0.343795389 0.903787851 -0.254896581 -0.343795389 0.903787851 -0.254896581 -0.343795389 0.903787851 -0.254896581 -0.343795389 0.903787851 -0.254896581 -0.0394996069 -0.998789966 -0.0292997062 -0.0394996069 -0.998789966 -0.0292997062 -0.0394996069 -0.998789966 -0.0292997062 -0.77919054 -0.242697045 -0.577892959 -0.77919054 -0.242697045 -0.577892959 -0.77919054 -0.242697045 -0.577892959 -0.77919054 -0.242697045 -0.577892959 -0.413286507 0.857472003 -0.306489974 -0.413286507 0.857472003 -0.306489974 -0.413286507 0.857472003 -0.306489974 -0.413286507 0.857472003 -0.306489974 -0.756364346 -0.336484134 -0.560973585 -0.756364346 -0.336484134 -0.560973585 -0.756364346 -0.336484134 -0.560973585 -0.756364346 -0.336484134 -0.560973585 -0.478801489 0.80290252 -0.355101109 -0.478801489 0.80290252 -0.355101109 -0.478801489 0.80290252 -0.355101109 -0.478801489 0.80290252 -0.355101109 -0.726294219 -0.427096605 -0.538595736 -0.726294219 -0.427096605 -0.538595736 -0.726294219 -0.427096605 -0.538595736 -0.726294219 -0.427096605 -0.538595736 -0.539809585 0.740513146 -0.400307119 -0.539809585 0.740513146 -0.400307119 -0.539809585 0.740513146 -0.400307119 -0.539809585 0.740513146 -0.400307119 -0.689198315 -0.51359874 -0.511098802 -0.689198315 -0.51359874 -0.511098802 -0.689198315 -0.51359874 -0.511098802 -0.689198315 -0.51359874 -0.511098802 -0.595498204 0.671097994 -0.441598684 -0.595498204 0.671097994 -0.441598684 -0.595498204 0.671097994 -0.441598684 -0.595498204 0.671097994 -0.441598684 -0.645413578 -0.595212519 -0.478710085 -0.645413578 -0.595212519 -0.478710085 -0.645413578 -0.595212519 -0.478710085 -0.645413578 -0.595212519 -0.478710085 -0.645413578 0.595212519 -0.478710085 -0.645413578 0.595212519 -0.478710085 -0.645413578 0.595212519 -0.478710085 -0.645413578 0.595212519 -0.478710085 -0.595498204 -0.671097994 -0.441598684 -0.595498204 -0.671097994 -0.441598684 -0.595498204 -0.671097994 -0.441598684 -0.595498204 -0.671097994 -0.441598684 -0.689198315 0.51359874 -0.511098802 -0.689198315 0.51359874 -0.511098802 -0.689198315 0.51359874 -0.511098802 -0.689198315 0.51359874 -0.511098802 -0.539809585 -0.740513146 -0.400307119 -0.539809585 -0.740513146 -0.400307119 -0.539809585 -0.740513146 -0.400307119 -0.539809585 -0.740513146 -0.400307119 -0.726294219 0.427096605 -0.538595736 -0.726294219 0.427096605 -0.538595736 -0.726294219 0.427096605 -0.538595736 -0.726294219 0.427096605 -0.538595736 -0.478801489 -0.80290252 -0.355101109 -0.478801489 -0.80290252 -0.355101109 -0.478801489 -0.80290252 -0.355101109 -0.478801489 -0.80290252 -0.355101109 -0.756364346 0.336484134 -0.560973585 -0.756364346 0.336484134 -0.560973585 -0.756364346 0.336484134 -0.560973585 -0.756364346 0.336484134 -0.560973585 -0.413286507 -0.857472003 -0.306489974 -0.413286507 -0.857472003 -0.306489974 -0.413286507 -0.857472003 -0.306489974 -0.413286507 -0.857472003 -0.306489974 -0.77919054 0.242697045 -0.577892959 -0.77919054 0.242697045 -0.577892959 -0.77919054 0.242697045 -0.577892959 -0.77919054 0.242697045 -0.577892959 -0.0394996069 0.998789966 -0.0292997062 -0.0394996069 0.998789966 -0.0292997062 -0.0394996069 0.998789966 -0.0292997062 -0.343795389 -0.903787851 -0.254896581 -0.343795389 -0.903787851 -0.254896581 -0.343795389 -0.903787851 -0.254896581 -0.343795389 -0.903787851 -0.254896581 -0.794501483 0.146600276 -0.589301109 -0.794501483 0.146600276 -0.589301109 -0.794501483 0.146600276 -0.589301109 -0.794501483 0.146600276 -0.589301109 -0.117994294 0.989152133 -0.0874957666 -0.117994294 0.989152133 -0.0874957666 -0.117994294 0.989152133 -0.0874957666 -0.117994294 0.989152133 -0.0874957666 -0.270902514 -0.941408694 -0.200901866 -0.270902514 -0.941408694 -0.200901866 -0.270902514 -0.941408694 -0.200901866 -0.270902514 -0.941408694 -0.200901866 -0.802219748 0.049001202 -0.595014632 -0.802219748 0.049001202 -0.595014632 -0.802219748 0.049001202 -0.595014632 -0.802219748 0.049001202 -0.595014632 -0.19539246 0.969962537 -0.144894391 -0.19539246 0.969962537 -0.144894391 -0.19539246 0.969962537 -0.144894391 -0.19539246 0.969962537 -0.144894391 -0.19539246 -0.969962537 -0.144894391 -0.19539246 -0.969962537 -0.144894391 -0.19539246 -0.969962537 -0.144894391 -0.19539246 -0.969962537 -0.144894391 -0.802219748 -0.049001202 -0.595014632 -0.802219748 -0.049001202 -0.595014632 -0.802219748 -0.049001202 -0.595014632 -0.802219748 -0.049001202 -0.595014632 -0.381274223 0.857442081 -0.345576644 -0.381274223 0.857442081 -0.345576644 -0.381274223 0.857442081 -0.345576644 -0.381274223 0.857442081 -0.345576644 -0.697718382 -0.33650884 -0.632416666 -0.697718382 -0.33650884 -0.632416666 -0.697718382 -0.33650884 -0.632416666 -0.697718382 -0.33650884 -0.632416666 -0.44168511 0.802872956 -0.400386512 -0.44168511 0.802872956 -0.400386512 -0.44168511 0.802872956 -0.400386512 -0.44168511 0.802872956 -0.400386512 -0.669997931 -0.427098691 -0.607198119 -0.669997931 -0.427098691 -0.607198119 -0.669997931 -0.427098691 -0.607198119 -0.669997931 -0.427098691 -0.607198119 -0.497920841 0.740530968 -0.45131889 -0.497920841 0.740530968 -0.45131889 -0.497920841 0.740530968 -0.45131889 -0.497920841 0.740530968 -0.45131889 -0.635729909 -0.513624191 -0.576227129 -0.635729909 -0.513624191 -0.576227129 -0.635729909 -0.513624191 -0.576227129 -0.635729909 -0.513624191 -0.576227129 -0.549297273 0.671096683 -0.497897506 -0.549297273 0.671096683 -0.497897506 -0.549297273 0.671096683 -0.497897506 -0.549297273 0.671096683 -0.497897506 -0.595420122 -0.595220089 -0.539618254 -0.595420122 -0.595220089 -0.539618254 -0.595420122 -0.595220089 -0.539618254 -0.595420122 -0.595220089 -0.539618254 -0.595420122 0.595220089 -0.539618254 -0.595420122 0.595220089 -0.539618254 -0.595420122 0.595220089 -0.539618254 -0.595420122 0.595220089 -0.539618254 -0.549297273 -0.671096683 -0.497897506 -0.549297273 -0.671096683 -0.497897506 -0.549297273 -0.671096683 -0.497897506 -0.549297273 -0.671096683 -0.497897506 -0.635729909 0.513624191 -0.576227129 -0.635729909 0.513624191 -0.576227129 -0.635729909 0.513624191 -0.576227129 -0.635729909 0.513624191 -0.576227129 -0.497920841 -0.740530968 -0.45131889 -0.497920841 -0.740530968 -0.45131889 -0.497920841 -0.740530968 -0.45131889 -0.497920841 -0.740530968 -0.45131889 -0.669997931 0.427098691 -0.607198119 -0.669997931 0.427098691 -0.607198119 -0.669997931 0.427098691 -0.607198119 -0.669997931 0.427098691 -0.607198119 -0.44168511 -0.802872956 -0.400386512 -0.44168511 -0.802872956 -0.400386512 -0.44168511 -0.802872956 -0.400386512 -0.44168511 -0.802872956 -0.400386512 -0.697718382 0.33650884 -0.632416666 -0.697718382 0.33650884 -0.632416666 -0.697718382 0.33650884 -0.632416666 -0.697718382 0.33650884 -0.632416666 -0.381274223 -0.857442081 -0.345576644 -0.381274223 -0.857442081 -0.345576644 -0.381274223 -0.857442081 -0.345576644 -0.381274223 -0.857442081 -0.345576644 -0.718789637 0.242696494 -0.651490569 -0.718789637 0.242696494 -0.651490569 -0.718789637 0.242696494 -0.651490569 -0.718789637 0.242696494 -0.651490569 -0.0363997221 0.99879235 -0.0329997465 -0.0363997221 0.99879235 -0.0329997465 -0.0363997221 0.99879235 -0.0329997465 -0.317099124 -0.903797507 -0.287399232 -0.317099124 -0.903797507 -0.287399232 -0.317099124 -0.903797507 -0.287399232 -0.317099124 -0.903797507 -0.287399232 -0.732972562 0.146594509 -0.664275169 -0.732972562 0.146594509 -0.664275169 -0.732972562 0.146594509 -0.664275169 -0.732972562 0.146594509 -0.664275169 -0.108794801 0.98915273 -0.0986952856 -0.108794801 0.98915273 -0.0986952856 -0.108794801 0.98915273 -0.0986952856 -0.108794801 0.98915273 -0.0986952856 -0.249901727 -0.941406488 -0.226501569 -0.249901727 -0.941406488 -0.226501569 -0.249901727 -0.941406488 -0.226501569 -0.249901727 -0.941406488 -0.226501569 -0.740055025 0.0489970185 -0.670759201 -0.740055025 0.0489970185 -0.670759201 -0.740055025 0.0489970185 -0.670759201 -0.740055025 0.0489970185 -0.670759201 -0.180193558 0.969965339 -0.163394153 -0.180193558 0.969965339 -0.163394153 -0.180193558 0.969965339 -0.163394153 -0.180193558 0.969965339 -0.163394153 -0.180193558 -0.969965339 -0.163394153 -0.180193558 -0.969965339 -0.163394153 -0.180193558 -0.969965339 -0.163394153 -0.180193558 -0.969965339 -0.163394153 -0.740055025 -0.0489970185 -0.670759201 -0.740055025 -0.0489970185 -0.670759201 -0.740055025 -0.0489970185 -0.670759201 -0.740055025 -0.0489970185 -0.670759201 -0.249901727 0.941406488 -0.226501569 -0.249901727 0.941406488 -0.226501569 -0.249901727 0.941406488 -0.226501569 -0.249901727 0.941406488 -0.226501569 -0.108794801 -0.98915273 -0.0986952856 -0.108794801 -0.98915273 -0.0986952856 -0.108794801 -0.98915273 -0.0986952856 -0.108794801 -0.98915273 -0.0986952856 -0.732972562 -0.146594509 -0.664275169 -0.732972562 -0.146594509 -0.664275169 -0.732972562 -0.146594509 -0.664275169 -0.732972562 -0.146594509 -0.664275169 -0.317099124 0.903797507 -0.287399232 -0.317099124 0.903797507 -0.287399232 -0.317099124 0.903797507 -0.287399232 -0.317099124 0.903797507 -0.287399232 -0.0363997221 -0.99879235 -0.0329997465 -0.0363997221 -0.99879235 -0.0329997465 -0.0363997221 -0.99879235 -0.0329997465 -0.718789637 -0.242696494 -0.651490569 -0.718789637 -0.242696494 -0.651490569 -0.718789637 -0.242696494 -0.651490569 -0.718789637 -0.242696494 -0.651490569 -0.45131889 0.740530968 -0.497920841 -0.45131889 0.740530968 -0.497920841 -0.45131889 0.740530968 -0.497920841 -0.45131889 0.740530968 -0.497920841 -0.576227129 -0.513624191 -0.635729909 -0.576227129 -0.513624191 -0.635729909 -0.576227129 -0.513624191 -0.635729909 -0.576227129 -0.513624191 -0.635729909 -0.497897506 0.671096683 -0.549297273 -0.497897506 0.671096683 -0.549297273 -0.497897506 0.671096683 -0.549297273 -0.497897506 0.671096683 -0.549297273 -0.539618254 -0.595220089 -0.595420122 -0.539618254 -0.595220089 -0.595420122 -0.539618254 -0.595220089 -0.595420122 -0.539618254 -0.595220089 -0.595420122 -0.539618254 0.595220089 -0.595420122 -0.539618254 0.595220089 -0.595420122 -0.539618254 0.595220089 -0.595420122 -0.539618254 0.595220089 -0.595420122 -0.497897506 -0.671096683 -0.549297273 -0.497897506 -0.671096683 -0.549297273 -0.497897506 -0.671096683 -0.549297273 -0.497897506 -0.671096683 -0.549297273 -0.576227129 0.513624191 -0.635729909 -0.576227129 0.513624191 -0.635729909 -0.576227129 0.513624191 -0.635729909 -0.576227129 0.513624191 -0.635729909 -0.45131889 -0.740530968 -0.497920841 -0.45131889 -0.740530968 -0.497920841 -0.45131889 -0.740530968 -0.497920841 -0.45131889 -0.740530968 -0.497920841 -0.607198119 0.427098691 -0.669997931 -0.607198119 0.427098691 -0.669997931 -0.607198119 0.427098691 -0.669997931 -0.607198119 0.427098691 -0.669997931 -0.400386512 -0.802872956 -0.44168511 -0.400386512 -0.802872956 -0.44168511 -0.400386512 -0.802872956 -0.44168511 -0.400386512 -0.802872956 -0.44168511 -0.632416666 0.33650884 -0.697718382 -0.632416666 0.33650884 -0.697718382 -0.632416666 0.33650884 -0.697718382 -0.632416666 0.33650884 -0.697718382 -0.345576644 -0.857442081 -0.381274223 -0.345576644 -0.857442081 -0.381274223 -0.345576644 -0.857442081 -0.381274223 -0.345576644 -0.857442081 -0.381274223 -0.651490569 0.242696494 -0.718789637 -0.651490569 0.242696494 -0.718789637 -0.651490569 0.242696494 -0.718789637 -0.651490569 0.242696494 -0.718789637 -0.0329997465 0.99879235 -0.0363997221 -0.0329997465 0.99879235 -0.0363997221 -0.0329997465 0.99879235 -0.0363997221 -0.287399232 -0.903797507 -0.317099124 -0.287399232 -0.903797507 -0.317099124 -0.287399232 -0.903797507 -0.317099124 -0.287399232 -0.903797507 -0.317099124 -0.664275169 0.146594509 -0.732972562 -0.664275169 0.146594509 -0.732972562 -0.664275169 0.146594509 -0.732972562 -0.664275169 0.146594509 -0.732972562 -0.0986952856 0.98915273 -0.108794801 -0.0986952856 0.98915273 -0.108794801 -0.0986952856 0.98915273 -0.108794801 -0.0986952856 0.98915273 -0.108794801 -0.226501569 -0.941406488 -0.249901727 -0.226501569 -0.941406488 -0.249901727 -0.226501569 -0.941406488 -0.249901727 -0.226501569 -0.941406488 -0.249901727 -0.670759201 0.0489970185 -0.740055025 -0.670759201 0.0489970185 -0.740055025 -0.670759201 0.0489970185 -0.740055025 -0.670759201 0.0489970185 -0.740055025 -0.163394153 0.969965339 -0.180193558 -0.163394153 0.969965339 -0.180193558 -0.163394153 0.969965339 -0.180193558 -0.163394153 0.969965339 -0.180193558 -0.163394153 -0.969965339 -0.180193558 -0.163394153 -0.969965339 -0.180193558 -0.163394153 -0.969965339 -0.180193558 -0.163394153 -0.969965339 -0.180193558 -0.670759201 -0.0489970185 -0.740055025 -0.670759201 -0.0489970185 -0.740055025 -0.670759201 -0.0489970185 -0.740055025 -0.670759201 -0.0489970185 -0.740055025 -0.226501569 0.941406488 -0.249901727 -0.226501569 0.941406488 -0.249901727 -0.226501569 0.941406488 -0.249901727 -0.226501569 0.941406488 -0.249901727 -0.0986952856 -0.98915273 -0.108794801 -0.0986952856 -0.98915273 -0.108794801 -0.0986952856 -0.98915273 -0.108794801 -0.0986952856 -0.98915273 -0.108794801 -0.664275169 -0.146594509 -0.732972562 -0.664275169 -0.146594509 -0.732972562 -0.664275169 -0.146594509 -0.732972562 -0.664275169 -0.146594509 -0.732972562 -0.287399232 0.903797507 -0.317099124 -0.287399232 0.903797507 -0.317099124 -0.287399232 0.903797507 -0.317099124 -0.287399232 0.903797507 -0.317099124 -0.0329997465 -0.99879235 -0.0363997221 -0.0329997465 -0.99879235 -0.0363997221 -0.0329997465 -0.99879235 -0.0363997221 -0.651490569 -0.242696494 -0.718789637 -0.651490569 -0.242696494 -0.718789637 -0.651490569 -0.242696494 -0.718789637 -0.651490569 -0.242696494 -0.718789637 -0.345576644 0.857442081 -0.381274223 -0.345576644 0.857442081 -0.381274223 -0.345576644 0.857442081 -0.381274223 -0.345576644 0.857442081 -0.381274223 -0.632416666 -0.33650884 -0.697718382 -0.632416666 -0.33650884 -0.697718382 -0.632416666 -0.33650884 -0.697718382 -0.632416666 -0.33650884 -0.697718382 -0.400386512 0.802872956 -0.44168511 -0.400386512 0.802872956 -0.44168511 -0.400386512 0.802872956 -0.44168511 -0.400386512 0.802872956 -0.44168511 -0.607198119 -0.427098691 -0.669997931 -0.607198119 -0.427098691 -0.669997931 -0.607198119 -0.427098691 -0.669997931 -0.607198119 -0.427098691 -0.669997931 -0.478710085 0.595212519 -0.645413578 -0.478710085 0.595212519 -0.645413578 -0.478710085 0.595212519 -0.645413578 -0.478710085 0.595212519 -0.645413578 -0.441598684 -0.671097994 -0.595498204 -0.441598684 -0.671097994 -0.595498204 -0.441598684 -0.671097994 -0.595498204 -0.441598684 -0.671097994 -0.595498204 -0.511098802 0.51359874 -0.689198315 -0.511098802 0.51359874 -0.689198315 -0.511098802 0.51359874 -0.689198315 -0.511098802 0.51359874 -0.689198315 -0.400307119 -0.740513146 -0.539809585 -0.400307119 -0.740513146 -0.539809585 -0.400307119 -0.740513146 -0.539809585 -0.400307119 -0.740513146 -0.539809585 -0.538595736 0.427096605 -0.726294219 -0.538595736 0.427096605 -0.726294219 -0.538595736 0.427096605 -0.726294219 -0.538595736 0.427096605 -0.726294219 -0.355101109 -0.80290252 -0.478801489 -0.355101109 -0.80290252 -0.478801489 -0.355101109 -0.80290252 -0.478801489 -0.355101109 -0.80290252 -0.478801489 -0.560973585 0.336484134 -0.756364346 -0.560973585 0.336484134 -0.756364346 -0.560973585 0.336484134 -0.756364346 -0.560973585 0.336484134 -0.756364346 -0.306489974 -0.857472003 -0.413286507 -0.306489974 -0.857472003 -0.413286507 -0.306489974 -0.857472003 -0.413286507 -0.306489974 -0.857472003 -0.413286507 -0.577892959 0.242697045 -0.77919054 -0.577892959 0.242697045 -0.77919054 -0.577892959 0.242697045 -0.77919054 -0.577892959 0.242697045 -0.77919054 -0.0292997062 0.998789966 -0.0394996069 -0.0292997062 0.998789966 -0.0394996069 -0.0292997062 0.998789966 -0.0394996069 -0.254896581 -0.903787851 -0.343795389 -0.254896581 -0.903787851 -0.343795389 -0.254896581 -0.903787851 -0.343795389 -0.254896581 -0.903787851 -0.343795389 -0.589301109 0.146600276 -0.794501483 -0.589301109 0.146600276 -0.794501483 -0.589301109 0.146600276 -0.794501483 -0.589301109 0.146600276 -0.794501483 -0.0874957666 0.989152133 -0.117994294 -0.0874957666 0.989152133 -0.117994294 -0.0874957666 0.989152133 -0.117994294 -0.0874957666 0.989152133 -0.117994294 -0.200901866 -0.941408694 -0.270902514 -0.200901866 -0.941408694 -0.270902514 -0.200901866 -0.941408694 -0.270902514 -0.200901866 -0.941408694 -0.270902514 -0.595014632 0.049001202 -0.802219748 -0.595014632 0.049001202 -0.802219748 -0.595014632 0.049001202 -0.802219748 -0.595014632 0.049001202 -0.802219748 -0.144894391 0.969962537 -0.19539246 -0.144894391 0.969962537 -0.19539246 -0.144894391 0.969962537 -0.19539246 -0.144894391 0.969962537 -0.19539246 -0.144894391 -0.969962537 -0.19539246 -0.144894391 -0.969962537 -0.19539246 -0.144894391 -0.969962537 -0.19539246 -0.144894391 -0.969962537 -0.19539246 -0.595014632 -0.049001202 -0.802219748 -0.595014632 -0.049001202 -0.802219748 -0.595014632 -0.049001202 -0.802219748 -0.595014632 -0.049001202 -0.802219748 -0.200901866 0.941408694 -0.270902514 -0.200901866 0.941408694 -0.270902514 -0.200901866 0.941408694 -0.270902514 -0.200901866 0.941408694 -0.270902514 -0.0874957666 -0.989152133 -0.117994294 -0.0874957666 -0.989152133 -0.117994294 -0.0874957666 -0.989152133 -0.117994294 -0.0874957666 -0.989152133 -0.117994294 -0.589301109 -0.146600276 -0.794501483 -0.589301109 -0.146600276 -0.794501483 -0.589301109 -0.146600276 -0.794501483 -0.589301109 -0.146600276 -0.794501483 -0.254896581 0.903787851 -0.343795389 -0.254896581 0.903787851 -0.343795389 -0.254896581 0.903787851 -0.343795389 -0.254896581 0.903787851 -0.343795389 -0.0292997062 -0.998789966 -0.0394996069 -0.0292997062 -0.998789966 -0.0394996069 -0.0292997062 -0.998789966 -0.0394996069 -0.577892959 -0.242697045 -0.77919054 -0.577892959 -0.242697045 -0.77919054 -0.577892959 -0.242697045 -0.77919054 -0.577892959 -0.242697045 -0.77919054 -0.306489974 0.857472003 -0.413286507 -0.306489974 0.857472003 -0.413286507 -0.306489974 0.857472003 -0.413286507 -0.306489974 0.857472003 -0.413286507 -0.560973585 -0.336484134 -0.756364346 -0.560973585 -0.336484134 -0.756364346 -0.560973585 -0.336484134 -0.756364346 -0.560973585 -0.336484134 -0.756364346 -0.355101109 0.80290252 -0.478801489 -0.355101109 0.80290252 -0.478801489 -0.355101109 0.80290252 -0.478801489 -0.355101109 0.80290252 -0.478801489 -0.538595736 -0.427096605 -0.726294219 -0.538595736 -0.427096605 -0.726294219 -0.538595736 -0.427096605 -0.726294219 -0.538595736 -0.427096605 -0.726294219 -0.400307119 0.740513146 -0.539809585 -0.400307119 0.740513146 -0.539809585 -0.400307119 0.740513146 -0.539809585 -0.400307119 0.740513146 -0.539809585 -0.511098802 -0.51359874 -0.689198315 -0.511098802 -0.51359874 -0.689198315 -0.511098802 -0.51359874 -0.689198315 -0.511098802 -0.51359874 -0.689198315 -0.441598684 0.671097994 -0.595498204 -0.441598684 0.671097994 -0.595498204 -0.441598684 0.671097994 -0.595498204 -0.441598684 0.671097994 -0.595498204 -0.478710085 -0.595212519 -0.645413578 -0.478710085 -0.595212519 -0.645413578 -0.478710085 -0.595212519 -0.645413578 -0.478710085 -0.595212519 -0.645413578 -0.464834005 0.427131236 -0.775556743 -0.464834005 0.427131236 -0.775556743 -0.464834005 0.427131236 -0.775556743 -0.464834005 0.427131236 -0.775556743 -0.306497186 -0.802892625 -0.511295319 -0.306497186 -0.802892625 -0.511295319 -0.306497186 -0.802892625 -0.511295319 -0.306497186 -0.802892625 -0.511295319 -0.484108627 0.336505979 -0.807714403 -0.484108627 0.336505979 -0.807714403 -0.484108627 0.336505979 -0.807714403 -0.484108627 0.336505979 -0.807714403 -0.264498383 -0.857494831 -0.441297323 -0.264498383 -0.857494831 -0.441297323 -0.264498383 -0.857494831 -0.441297323 -0.264498383 -0.857494831 -0.441297323 -0.498701155 0.242700562 -0.832101882 -0.498701155 0.242700562 -0.832101882 -0.498701155 0.242700562 -0.832101882 -0.498701155 0.242700562 -0.832101882 -0.0252998248 0.998793066 -0.0420997106 -0.0252998248 0.998793066 -0.0420997106 -0.0252998248 0.998793066 -0.0420997106 -0.219998136 -0.903792381 -0.367096901 -0.219998136 -0.903792381 -0.367096901 -0.219998136 -0.903792381 -0.367096901 -0.219998136 -0.903792381 -0.367096901 -0.508570075 0.146591365 -0.848450065 -0.508570075 0.146591365 -0.848450065 -0.508570075 0.146591365 -0.848450065 -0.508570075 0.146591365 -0.848450065 -0.0754964948 0.9891541 -0.125994161 -0.0754964948 0.9891541 -0.125994161 -0.0754964948 0.9891541 -0.125994161 -0.0754964948 0.9891541 -0.125994161 -0.173400357 -0.941401899 -0.289300591 -0.173400357 -0.941401899 -0.289300591 -0.173400357 -0.941401899 -0.289300591 -0.173400357 -0.941401899 -0.289300591 -0.513495326 0.0489995554 -0.856692255 -0.513495326 0.0489995554 -0.856692255 -0.513495326 0.0489995554 -0.856692255 -0.513495326 0.0489995554 -0.856692255 -0.125096008 0.969969034 -0.208593339 -0.125096008 0.969969034 -0.208593339 -0.125096008 0.969969034 -0.208593339 -0.125096008 0.969969034 -0.208593339 -0.125096008 -0.969969034 -0.208593339 -0.125096008 -0.969969034 -0.208593339 -0.125096008 -0.969969034 -0.208593339 -0.125096008 -0.969969034 -0.208593339 -0.513495326 -0.0489995554 -0.856692255 -0.513495326 -0.0489995554 -0.856692255 -0.513495326 -0.0489995554 -0.856692255 -0.513495326 -0.0489995554 -0.856692255 -0.173400357 0.941401899 -0.289300591 -0.173400357 0.941401899 -0.289300591 -0.173400357 0.941401899 -0.289300591 -0.173400357 0.941401899 -0.289300591 -0.0754964948 -0.9891541 -0.125994161 -0.0754964948 -0.9891541 -0.125994161 -0.0754964948 -0.9891541 -0.125994161 -0.0754964948 -0.9891541 -0.125994161 -0.508570075 -0.146591365 -0.848450065 -0.508570075 -0.146591365 -0.848450065 -0.508570075 -0.146591365 -0.848450065 -0.508570075 -0.146591365 -0.848450065 -0.219998136 0.903792381 -0.367096901 -0.219998136 0.903792381 -0.367096901 -0.219998136 0.903792381 -0.367096901 -0.219998136 0.903792381 -0.367096901 -0.0252998248 -0.998793066 -0.0420997106 -0.0252998248 -0.998793066 -0.0420997106 -0.0252998248 -0.998793066 -0.0420997106 -0.498701155 -0.242700562 -0.832101882 -0.498701155 -0.242700562 -0.832101882 -0.498701155 -0.242700562 -0.832101882 -0.498701155 -0.242700562 -0.832101882 -0.264498383 0.857494831 -0.441297323 -0.264498383 0.857494831 -0.441297323 -0.264498383 0.857494831 -0.441297323 -0.264498383 0.857494831 -0.441297323 -0.484108627 -0.336505979 -0.807714403 -0.484108627 -0.336505979 -0.807714403 -0.484108627 -0.336505979 -0.807714403 -0.484108627 -0.336505979 -0.807714403 -0.306497186 0.802892625 -0.511295319 -0.306497186 0.802892625 -0.511295319 -0.306497186 0.802892625 -0.511295319 -0.306497186 0.802892625 -0.511295319 -0.464834005 -0.427131236 -0.775556743 -0.464834005 -0.427131236 -0.775556743 -0.464834005 -0.427131236 -0.775556743 -0.464834005 -0.427131236 -0.775556743 -0.345509082 0.740519464 -0.576415122 -0.345509082 0.740519464 -0.576415122 -0.345509082 0.740519464 -0.576415122 -0.345509082 0.740519464 -0.576415122 -0.441121399 -0.513624907 -0.735935688 -0.441121399 -0.513624907 -0.735935688 -0.441121399 -0.513624907 -0.735935688 -0.441121399 -0.513624907 -0.735935688 -0.381103575 0.671106279 -0.635905981 -0.381103575 0.671106279 -0.635905981 -0.381103575 0.671106279 -0.635905981 -0.381103575 0.671106279 -0.635905981 -0.413118333 -0.595226407 -0.689230561 -0.413118333 -0.595226407 -0.689230561 -0.413118333 -0.595226407 -0.689230561 -0.413118333 -0.595226407 -0.689230561 -0.413118333 0.595226407 -0.689230561 -0.413118333 0.595226407 -0.689230561 -0.413118333 0.595226407 -0.689230561 -0.413118333 0.595226407 -0.689230561 -0.381103575 -0.671106279 -0.635905981 -0.381103575 -0.671106279 -0.635905981 -0.381103575 -0.671106279 -0.635905981 -0.381103575 -0.671106279 -0.635905981 -0.441121399 0.513624907 -0.735935688 -0.441121399 0.513624907 -0.735935688 -0.441121399 0.513624907 -0.735935688 -0.441121399 0.513624907 -0.735935688 -0.345509082 -0.740519464 -0.576415122 -0.345509082 -0.740519464 -0.576415122 -0.345509082 -0.740519464 -0.576415122 -0.345509082 -0.740519464 -0.576415122 -0.414781064 0.242688909 -0.87695992 -0.414781064 0.242688909 -0.87695992 -0.414781064 0.242688909 -0.87695992 -0.414781064 0.242688909 -0.87695992 -0.0209998563 0.998793185 -0.0443996973 -0.0209998563 0.998793185 -0.0443996973 -0.0209998563 0.998793185 -0.0443996973 -0.182996795 -0.903784156 -0.386893243 -0.182996795 -0.903784156 -0.386893243 -0.182996795 -0.903784156 -0.386893243 -0.182996795 -0.903784156 -0.386893243 -0.422914863 0.146605149 -0.894231498 -0.422914863 0.146605149 -0.894231498 -0.422914863 0.146605149 -0.894231498 -0.422914863 0.146605149 -0.894231498 -0.0627969727 0.989152372 -0.132793605 -0.0627969727 0.989152372 -0.132793605 -0.0627969727 0.989152372 -0.132793605 -0.0627969727 0.989152372 -0.132793605 -0.144200608 -0.941403985 -0.304901272 -0.144200608 -0.941403985 -0.304901272 -0.144200608 -0.941403985 -0.304901272 -0.144200608 -0.941403985 -0.304901272 -0.427008867 0.0490010194 -0.902918756 -0.427008867 0.0490010194 -0.902918756 -0.427008867 0.0490010194 -0.902918756 -0.427008867 0.0490010194 -0.902918756 -0.103996255 0.9699651 -0.219892085 -0.103996255 0.9699651 -0.219892085 -0.103996255 0.9699651 -0.219892085 -0.103996255 0.9699651 -0.219892085 -0.103996255 -0.9699651 -0.219892085 -0.103996255 -0.9699651 -0.219892085 -0.103996255 -0.9699651 -0.219892085 -0.103996255 -0.9699651 -0.219892085 -0.427008867 -0.0490010194 -0.902918756 -0.427008867 -0.0490010194 -0.902918756 -0.427008867 -0.0490010194 -0.902918756 -0.427008867 -0.0490010194 -0.902918756 -0.144200608 0.941403985 -0.304901272 -0.144200608 0.941403985 -0.304901272 -0.144200608 0.941403985 -0.304901272 -0.144200608 0.941403985 -0.304901272 -0.0627969727 -0.989152372 -0.132793605 -0.0627969727 -0.989152372 -0.132793605 -0.0627969727 -0.989152372 -0.132793605 -0.0627969727 -0.989152372 -0.132793605 -0.422914863 -0.146605149 -0.894231498 -0.422914863 -0.146605149 -0.894231498 -0.422914863 -0.146605149 -0.894231498 -0.422914863 -0.146605149 -0.894231498 -0.182996795 0.903784156 -0.386893243 -0.182996795 0.903784156 -0.386893243 -0.182996795 0.903784156 -0.386893243 -0.182996795 0.903784156 -0.386893243 -0.0209998563 -0.998793185 -0.0443996973 -0.0209998563 -0.998793185 -0.0443996973 -0.0209998563 -0.998793185 -0.0443996973 -0.414781064 -0.242688909 -0.87695992 -0.414781064 -0.242688909 -0.87695992 -0.414781064 -0.242688909 -0.87695992 -0.414781064 -0.242688909 -0.87695992 -0.219987094 0.85744971 -0.465172738 -0.219987094 0.85744971 -0.465172738 -0.219987094 0.85744971 -0.465172738 -0.219987094 0.85744971 -0.465172738 -0.402593791 -0.336494803 -0.851286888 -0.402593791 -0.336494803 -0.851286888 -0.402593791 -0.336494803 -0.851286888 -0.402593791 -0.336494803 -0.851286888 -0.254895478 0.802885771 -0.538890421 -0.254895478 0.802885771 -0.538890421 -0.254895478 0.802885771 -0.538890421 -0.254895478 0.802885771 -0.538890421 -0.386596769 -0.427096426 -0.817393184 -0.386596769 -0.427096426 -0.817393184 -0.386596769 -0.427096426 -0.817393184 -0.386596769 -0.427096426 -0.817393184 -0.287308931 0.74052304 -0.607518911 -0.287308931 0.74052304 -0.607518911 -0.287308931 0.74052304 -0.607518911 -0.287308931 0.74052304 -0.607518911 -0.366821557 -0.513630152 -0.775645554 -0.366821557 -0.513630152 -0.775645554 -0.366821557 -0.513630152 -0.775645554 -0.366821557 -0.513630152 -0.775645554 -0.316994905 0.671089232 -0.670189202 -0.316994905 0.671089232 -0.670189202 -0.316994905 0.671089232 -0.670189202 -0.316994905 0.671089232 -0.670189202 -0.343603283 -0.595205665 -0.726406932 -0.343603283 -0.595205665 -0.726406932 -0.343603283 -0.595205665 -0.726406932 -0.343603283 -0.595205665 -0.726406932 -0.343603283 0.595205665 -0.726406932 -0.343603283 0.595205665 -0.726406932 -0.343603283 0.595205665 -0.726406932 -0.343603283 0.595205665 -0.726406932 -0.316994905 -0.671089232 -0.670189202 -0.316994905 -0.671089232 -0.670189202 -0.316994905 -0.671089232 -0.670189202 -0.316994905 -0.671089232 -0.670189202 -0.366821557 0.513630152 -0.775645554 -0.366821557 0.513630152 -0.775645554 -0.366821557 0.513630152 -0.775645554 -0.366821557 0.513630152 -0.775645554 -0.287308931 -0.74052304 -0.607518911 -0.287308931 -0.74052304 -0.607518911 -0.287308931 -0.74052304 -0.607518911 -0.287308931 -0.74052304 -0.607518911 -0.386596769 0.427096426 -0.817393184 -0.386596769 0.427096426 -0.817393184 -0.386596769 0.427096426 -0.817393184 -0.386596769 0.427096426 -0.817393184 -0.254895478 -0.802885771 -0.538890421 -0.254895478 -0.802885771 -0.538890421 -0.254895478 -0.802885771 -0.538890421 -0.254895478 -0.802885771 -0.538890421 -0.402593791 0.336494803 -0.851286888 -0.402593791 0.336494803 -0.851286888 -0.402593791 0.336494803 -0.851286888 -0.402593791 0.336494803 -0.851286888 -0.219987094 -0.85744971 -0.465172738 -0.219987094 -0.85744971 -0.465172738 -0.219987094 -0.85744971 -0.465172738 -0.219987094 -0.85744971 -0.465172738 -0.336502463 0.0490003563 -0.940406919 -0.336502463 0.0490003563 -0.940406919 -0.336502463 0.0490003563 -0.940406919 -0.336502463 0.0490003563 -0.940406919 -0.0818980113 0.969976425 -0.228994429 -0.0818980113 0.969976425 -0.228994429 -0.0818980113 0.969976425 -0.228994429 -0.0818980113 0.969976425 -0.228994429 -0.0818980113 -0.969976425 -0.228994429 -0.0818980113 -0.969976425 -0.228994429 -0.0818980113 -0.969976425 -0.228994429 -0.0818980113 -0.969976425 -0.228994429 -0.336502463 -0.0490003563 -0.940406919 -0.336502463 -0.0490003563 -0.940406919 -0.336502463 -0.0490003563 -0.940406919 -0.336502463 -0.0490003563 -0.940406919 -0.113603123 0.94142586 -0.317508727 -0.113603123 0.94142586 -0.317508727 -0.113603123 0.94142586 -0.317508727 -0.113603123 0.94142586 -0.317508727 -0.0494976826 -0.989153683 -0.13829352 -0.0494976826 -0.989153683 -0.13829352 -0.0494976826 -0.989153683 -0.13829352 -0.0494976826 -0.989153683 -0.13829352 -0.3332856 -0.14659366 -0.931359828 -0.3332856 -0.14659366 -0.931359828 -0.3332856 -0.14659366 -0.931359828 -0.3332856 -0.14659366 -0.931359828 -0.144195884 0.903774261 -0.402988523 -0.144195884 0.903774261 -0.402988523 -0.144195884 0.903774261 -0.402988523 -0.144195884 0.903774261 -0.402988523 -0.0164998583 -0.998791397 -0.0462996028 -0.0164998583 -0.998791397 -0.0462996028 -0.0164998583 -0.998791397 -0.0462996028 -0.32679984 -0.242699876 -0.913399577 -0.32679984 -0.242699876 -0.913399577 -0.32679984 -0.242699876 -0.913399577 -0.32679984 -0.242699876 -0.913399577 -0.173293114 0.857465982 -0.484480768 -0.173293114 0.857465982 -0.484480768 -0.173293114 0.857465982 -0.484480768 -0.173293114 0.857465982 -0.484480768 -0.317214638 -0.336515516 -0.886640906 -0.317214638 -0.336515516 -0.886640906 -0.317214638 -0.336515516 -0.886640906 -0.317214638 -0.336515516 -0.886640906 -0.200797319 0.802889287 -0.56129247 -0.200797319 0.802889287 -0.56129247 -0.200797319 0.802889287 -0.56129247 -0.200797319 0.802889287 -0.56129247 -0.304614127 -0.427119821 -0.851339459 -0.304614127 -0.427119821 -0.851339459 -0.304614127 -0.427119821 -0.851339459 -0.304614127 -0.427119821 -0.851339459 -0.226410598 0.740534604 -0.63272965 -0.226410598 0.740534604 -0.63272965 -0.226410598 0.740534604 -0.63272965 -0.226410598 0.740534604 -0.63272965 -0.28911379 -0.513624489 -0.807838559 -0.28911379 -0.513624489 -0.807838559 -0.28911379 -0.513624489 -0.807838559 -0.28911379 -0.513624489 -0.807838559 -0.249802589 0.671106994 -0.698007226 -0.249802589 0.671106994 -0.698007226 -0.249802589 0.671106994 -0.698007226 -0.249802589 0.671106994 -0.698007226 -0.270702034 -0.595204413 -0.756605685 -0.270702034 -0.595204413 -0.756605685 -0.270702034 -0.595204413 -0.756605685 -0.270702034 -0.595204413 -0.756605685 -0.270702034 0.595204413 -0.756605685 -0.270702034 0.595204413 -0.756605685 -0.270702034 0.595204413 -0.756605685 -0.270702034 0.595204413 -0.756605685 -0.249802589 -0.671106994 -0.698007226 -0.249802589 -0.671106994 -0.698007226 -0.249802589 -0.671106994 -0.698007226 -0.249802589 -0.671106994 -0.698007226 -0.28911379 0.513624489 -0.807838559 -0.28911379 0.513624489 -0.807838559 -0.28911379 0.513624489 -0.807838559 -0.28911379 0.513624489 -0.807838559 -0.226410598 -0.740534604 -0.63272965 -0.226410598 -0.740534604 -0.63272965 -0.226410598 -0.740534604 -0.63272965 -0.226410598 -0.740534604 -0.63272965 -0.304614127 0.427119821 -0.851339459 -0.304614127 0.427119821 -0.851339459 -0.304614127 0.427119821 -0.851339459 -0.304614127 0.427119821 -0.851339459 -0.200797319 -0.802889287 -0.56129247 -0.200797319 -0.802889287 -0.56129247 -0.200797319 -0.802889287 -0.56129247 -0.200797319 -0.802889287 -0.56129247 -0.317214638 0.336515516 -0.886640906 -0.317214638 0.336515516 -0.886640906 -0.317214638 0.336515516 -0.886640906 -0.317214638 0.336515516 -0.886640906 -0.173293114 -0.857465982 -0.484480768 -0.173293114 -0.857465982 -0.484480768 -0.173293114 -0.857465982 -0.484480768 -0.173293114 -0.857465982 -0.484480768 -0.32679984 0.242699876 -0.913399577 -0.32679984 0.242699876 -0.913399577 -0.32679984 0.242699876 -0.913399577 -0.32679984 0.242699876 -0.913399577 -0.0164998583 0.998791397 -0.0462996028 -0.0164998583 0.998791397 -0.0462996028 -0.0164998583 0.998791397 -0.0462996028 -0.144195884 -0.903774261 -0.402988523 -0.144195884 -0.903774261 -0.402988523 -0.144195884 -0.903774261 -0.402988523 -0.144195884 -0.903774261 -0.402988523 -0.3332856 0.14659366 -0.931359828 -0.3332856 0.14659366 -0.931359828 -0.3332856 0.14659366 -0.931359828 -0.3332856 0.14659366 -0.931359828 -0.0494976826 0.989153683 -0.13829352 -0.0494976826 0.989153683 -0.13829352 -0.0494976826 0.989153683 -0.13829352 -0.0494976826 0.989153683 -0.13829352 -0.113603123 -0.94142586 -0.317508727 -0.113603123 -0.94142586 -0.317508727 -0.113603123 -0.94142586 -0.317508727 -0.113603123 -0.94142586 -0.317508727 -0.240386069 -0.146591499 -0.959544361 -0.240386069 -0.146591499 -0.959544361 -0.240386069 -0.146591499 -0.959544361 -0.240386069 -0.146591499 -0.959544361 -0.103996806 0.903772235 -0.41518724 -0.103996806 0.903772235 -0.41518724 -0.103996806 0.903772235 -0.41518724 -0.103996806 0.903772235 -0.41518724 -0.0118998922 -0.99879092 -0.0476995669 -0.0118998922 -0.99879092 -0.0476995669 -0.0118998922 -0.99879092 -0.0476995669 -0.235707223 -0.242707431 -0.941028833 -0.235707223 -0.242707431 -0.941028833 -0.235707223 -0.242707431 -0.941028833 -0.235707223 -0.242707431 -0.941028833 -0.124998003 0.857486308 -0.499092013 -0.124998003 0.857486308 -0.499092013 -0.124998003 0.857486308 -0.499092013 -0.124998003 0.857486308 -0.499092013 -0.228792682 -0.33648923 -0.913470805 -0.228792682 -0.33648923 -0.913470805 -0.228792682 -0.33648923 -0.913470805 -0.228792682 -0.33648923 -0.913470805 -0.14489454 0.802869797 -0.578278244 -0.14489454 0.802869797 -0.578278244 -0.14489454 0.802869797 -0.578278244 -0.14489454 0.802869797 -0.578278244 -0.219701439 -0.427102804 -0.877105713 -0.219701439 -0.427102804 -0.877105713 -0.219701439 -0.427102804 -0.877105713 -0.219701439 -0.427102804 -0.877105713 -0.163301572 0.740507126 -0.651906312 -0.163301572 0.740507126 -0.651906312 -0.163301572 0.740507126 -0.651906312 -0.163301572 0.740507126 -0.651906312 -0.208502039 -0.513604999 -0.832308114 -0.208502039 -0.513604999 -0.832308114 -0.208502039 -0.513604999 -0.832308114 -0.208502039 -0.513604999 -0.832308114 -0.180107549 0.671128154 -0.719130158 -0.180107549 0.671128154 -0.719130158 -0.180107549 0.671128154 -0.719130158 -0.180107549 0.671128154 -0.719130158 -0.195201337 -0.595204055 -0.779505372 -0.195201337 -0.595204055 -0.779505372 -0.195201337 -0.595204055 -0.779505372 -0.195201337 -0.595204055 -0.779505372 -0.195201337 0.595204055 -0.779505372 -0.195201337 0.595204055 -0.779505372 -0.195201337 0.595204055 -0.779505372 -0.195201337 0.595204055 -0.779505372 -0.180107549 -0.671128154 -0.719130158 -0.180107549 -0.671128154 -0.719130158 -0.180107549 -0.671128154 -0.719130158 -0.180107549 -0.671128154 -0.719130158 -0.208502039 0.513604999 -0.832308114 -0.208502039 0.513604999 -0.832308114 -0.208502039 0.513604999 -0.832308114 -0.208502039 0.513604999 -0.832308114 -0.163301572 -0.740507126 -0.651906312 -0.163301572 -0.740507126 -0.651906312 -0.163301572 -0.740507126 -0.651906312 -0.163301572 -0.740507126 -0.651906312 -0.219701439 0.427102804 -0.877105713 -0.219701439 0.427102804 -0.877105713 -0.219701439 0.427102804 -0.877105713 -0.219701439 0.427102804 -0.877105713 -0.14489454 -0.802869797 -0.578278244 -0.14489454 -0.802869797 -0.578278244 -0.14489454 -0.802869797 -0.578278244 -0.14489454 -0.802869797 -0.578278244 -0.228792682 0.33648923 -0.913470805 -0.228792682 0.33648923 -0.913470805 -0.228792682 0.33648923 -0.913470805 -0.228792682 0.33648923 -0.913470805 -0.124998003 -0.857486308 -0.499092013 -0.124998003 -0.857486308 -0.499092013 -0.124998003 -0.857486308 -0.499092013 -0.124998003 -0.857486308 -0.499092013 -0.235707223 0.242707431 -0.941028833 -0.235707223 0.242707431 -0.941028833 -0.235707223 0.242707431 -0.941028833 -0.235707223 0.242707431 -0.941028833 -0.0118998922 0.99879092 -0.0476995669 -0.0118998922 0.99879092 -0.0476995669 -0.0118998922 0.99879092 -0.0476995669 -0.103996806 -0.903772235 -0.41518724 -0.103996806 -0.903772235 -0.41518724 -0.103996806 -0.903772235 -0.41518724 -0.103996806 -0.903772235 -0.41518724 -0.240386069 0.146591499 -0.959544361 -0.240386069 0.146591499 -0.959544361 -0.240386069 0.146591499 -0.959544361 -0.240386069 0.146591499 -0.959544361 -0.0356982648 0.989151895 -0.142493069 -0.0356982648 0.989151895 -0.142493069 -0.0356982648 0.989151895 -0.142493069 -0.0356982648 0.989151895 -0.142493069 -0.0819026306 -0.941430151 -0.327110499 -0.0819026306 -0.941430151 -0.327110499 -0.0819026306 -0.941430151 -0.327110499 -0.0819026306 -0.941430151 -0.327110499 -0.242691323 0.0489982478 -0.968865395 -0.242691323 0.0489982478 -0.968865395 -0.242691323 0.0489982478 -0.968865395 -0.242691323 0.0489982478 -0.968865395 -0.0590973794 0.969956994 -0.235989541 -0.0590973794 0.969956994 -0.235989541 -0.0590973794 0.969956994 -0.235989541 -0.0590973794 0.969956994 -0.235989541 -0.0590973794 -0.969956994 -0.235989541 -0.0590973794 -0.969956994 -0.235989541 -0.0590973794 -0.969956994 -0.235989541 -0.0590973794 -0.969956994 -0.235989541 -0.242691323 -0.0489982478 -0.968865395 -0.242691323 -0.0489982478 -0.968865395 -0.242691323 -0.0489982478 -0.968865395 -0.242691323 -0.0489982478 -0.968865395 -0.0819026306 0.941430151 -0.327110499 -0.0819026306 0.941430151 -0.327110499 -0.0819026306 0.941430151 -0.327110499 -0.0819026306 0.941430151 -0.327110499 -0.0356982648 -0.989151895 -0.142493069 -0.0356982648 -0.989151895 -0.142493069 -0.0356982648 -0.989151895 -0.142493069 -0.0356982648 -0.989151895 -0.142493069 -0.138198376 -0.336496025 -0.93148905 -0.138198376 -0.336496025 -0.93148905 -0.138198376 -0.336496025 -0.93148905 -0.138198376 -0.336496025 -0.93148905 -0.0874977782 0.802879632 -0.589685023 -0.0874977782 0.802879632 -0.589685023 -0.0874977782 0.802879632 -0.589685023 -0.0874977782 0.802879632 -0.589685023 -0.13270165 -0.427105337 -0.894411147 -0.13270165 -0.427105337 -0.894411147 -0.13270165 -0.427105337 -0.894411147 -0.13270165 -0.427105337 -0.894411147 -0.0986055136 0.740541399 -0.664737165 -0.0986055136 0.740541399 -0.664737165 -0.0986055136 0.740541399 -0.664737165 -0.0986055136 0.740541399 -0.664737165 -0.125904575 -0.513618648 -0.848730803 -0.125904575 -0.513618648 -0.848730803 -0.125904575 -0.513618648 -0.848730803 -0.125904575 -0.513618648 -0.848730803 -0.108803183 0.67111969 -0.733321428 -0.108803183 0.67111969 -0.733321428 -0.108803183 0.67111969 -0.733321428 -0.108803183 0.67111969 -0.733321428 -0.11789827 -0.5951913 -0.794888318 -0.11789827 -0.5951913 -0.794888318 -0.11789827 -0.5951913 -0.794888318 -0.11789827 -0.5951913 -0.794888318 -0.11789827 0.5951913 -0.794888318 -0.11789827 0.5951913 -0.794888318 -0.11789827 0.5951913 -0.794888318 -0.11789827 0.5951913 -0.794888318 -0.108803183 -0.67111969 -0.733321428 -0.108803183 -0.67111969 -0.733321428 -0.108803183 -0.67111969 -0.733321428 -0.108803183 -0.67111969 -0.733321428 -0.125904575 0.513618648 -0.848730803 -0.125904575 0.513618648 -0.848730803 -0.125904575 0.513618648 -0.848730803 -0.125904575 0.513618648 -0.848730803 -0.0986055136 -0.740541399 -0.664737165 -0.0986055136 -0.740541399 -0.664737165 -0.0986055136 -0.740541399 -0.664737165 -0.0986055136 -0.740541399 -0.664737165 -0.13270165 0.427105337 -0.894411147 -0.13270165 0.427105337 -0.894411147 -0.13270165 0.427105337 -0.894411147 -0.13270165 0.427105337 -0.894411147 -0.0874977782 -0.802879632 -0.589685023 -0.0874977782 -0.802879632 -0.589685023 -0.0874977782 -0.802879632 -0.589685023 -0.0874977782 -0.802879632 -0.589685023 -0.138198376 0.336496025 -0.93148905 -0.138198376 0.336496025 -0.93148905 -0.138198376 0.336496025 -0.93148905 -0.138198376 0.336496025 -0.93148905 -0.0754966959 -0.857462525 -0.508977711 -0.0754966959 -0.857462525 -0.508977711 -0.0754966959 -0.857462525 -0.508977711 -0.0754966959 -0.857462525 -0.508977711 -0.142301083 0.242701858 -0.959607363 -0.142301083 0.242701858 -0.959607363 -0.142301083 0.242701858 -0.959607363 -0.142301083 0.242701858 -0.959607363 -0.00719994586 0.99879247 -0.0485996343 -0.00719994586 0.99879247 -0.0485996343 -0.00719994586 0.99879247 -0.0485996343 -0.0628005862 -0.903808534 -0.423303992 -0.0628005862 -0.903808534 -0.423303992 -0.0628005862 -0.903808534 -0.423303992 -0.0628005862 -0.903808534 -0.423303992 -0.145099431 0.146599412 -0.978496134 -0.145099431 0.146599412 -0.978496134 -0.145099431 0.146599412 -0.978496134 -0.145099431 0.146599412 -0.978496134 -0.0215989724 0.989152968 -0.145293087 -0.0215989724 0.989152968 -0.145293087 -0.0215989724 0.989152968 -0.145293087 -0.0215989724 0.989152968 -0.145293087 -0.0495006628 -0.941412628 -0.333604485 -0.0495006628 -0.941412628 -0.333604485 -0.0495006628 -0.941412628 -0.333604485 -0.0495006628 -0.941412628 -0.333604485 -0.146597326 0.0489991046 -0.987981975 -0.146597326 0.0489991046 -0.987981975 -0.146597326 0.0489991046 -0.987981975 -0.146597326 0.0489991046 -0.987981975 -0.0356988832 0.96996963 -0.240592465 -0.0356988832 0.96996963 -0.240592465 -0.0356988832 0.96996963 -0.240592465 -0.0356988832 0.96996963 -0.240592465 -0.0356988832 -0.96996963 -0.240592465 -0.0356988832 -0.96996963 -0.240592465 -0.0356988832 -0.96996963 -0.240592465 -0.0356988832 -0.96996963 -0.240592465 -0.146597326 -0.0489991046 -0.987981975 -0.146597326 -0.0489991046 -0.987981975 -0.146597326 -0.0489991046 -0.987981975 -0.146597326 -0.0489991046 -0.987981975 -0.0495006628 0.941412628 -0.333604485 -0.0495006628 0.941412628 -0.333604485 -0.0495006628 0.941412628 -0.333604485 -0.0495006628 0.941412628 -0.333604485 -0.0215989724 -0.989152968 -0.145293087 -0.0215989724 -0.989152968 -0.145293087 -0.0215989724 -0.989152968 -0.145293087 -0.0215989724 -0.989152968 -0.145293087 -0.145099431 -0.146599412 -0.978496134 -0.145099431 -0.146599412 -0.978496134 -0.145099431 -0.146599412 -0.978496134 -0.145099431 -0.146599412 -0.978496134 -0.0628005862 0.903808534 -0.423303992 -0.0628005862 0.903808534 -0.423303992 -0.0628005862 0.903808534 -0.423303992 -0.0628005862 0.903808534 -0.423303992 -0.00719994586 -0.99879247 -0.0485996343 -0.00719994586 -0.99879247 -0.0485996343 -0.00719994586 -0.99879247 -0.0485996343 -0.142301083 -0.242701858 -0.959607363 -0.142301083 -0.242701858 -0.959607363 -0.142301083 -0.242701858 -0.959607363 -0.142301083 -0.242701858 -0.959607363 -0.0754966959 0.857462525 -0.508977711 -0.0754966959 0.857462525 -0.508977711 -0.0754966959 0.857462525 -0.508977711 -0.0754966959 0.857462525 -0.508977711 -0.0420998707 -0.513598382 -0.856997311 -0.0420998707 -0.513598382 -0.856997311 -0.0420998707 -0.513598382 -0.856997311 -0.0420998707 -0.513598382 -0.856997311 -0.0363992676 0.67108649 -0.740485072 -0.0363992676 0.67108649 -0.740485072 -0.0363992676 0.67108649 -0.740485072 -0.0363992676 0.67108649 -0.740485072 -0.0394003503 -0.595205307 -0.802607179 -0.0394003503 -0.595205307 -0.802607179 -0.0394003503 -0.595205307 -0.802607179 -0.0394003503 -0.595205307 -0.802607179 -0.0394003503 0.595205307 -0.802607179 -0.0394003503 0.595205307 -0.802607179 -0.0394003503 0.595205307 -0.802607179 -0.0394003503 0.595205307 -0.802607179 -0.0363992676 -0.67108649 -0.740485072 -0.0363992676 -0.67108649 -0.740485072 -0.0363992676 -0.67108649 -0.740485072 -0.0363992676 -0.67108649 -0.740485072 -0.0420998707 0.513598382 -0.856997311 -0.0420998707 0.513598382 -0.856997311 -0.0420998707 0.513598382 -0.856997311 -0.0420998707 0.513598382 -0.856997311 -0.0330010131 -0.740522683 -0.671220601 -0.0330010131 -0.740522683 -0.671220601 -0.0330010131 -0.740522683 -0.671220601 -0.0330010131 -0.740522683 -0.671220601 -0.0444005467 0.427105278 -0.90311116 -0.0444005467 0.427105278 -0.90311116 -0.0444005467 0.427105278 -0.90311116 -0.0444005467 0.427105278 -0.90311116 -0.0292998813 -0.802896738 -0.595397592 -0.0292998813 -0.802896738 -0.595397592 -0.0292998813 -0.802896738 -0.595397592 -0.0292998813 -0.802896738 -0.595397592 -0.0462021492 0.336515665 -0.94054383 -0.0462021492 0.336515665 -0.94054383 -0.0462021492 0.336515665 -0.94054383 -0.0462021492 0.336515665 -0.94054383 -0.0251995679 -0.857485294 -0.51389116 -0.0251995679 -0.857485294 -0.51389116 -0.0251995679 -0.857485294 -0.51389116 -0.0251995679 -0.857485294 -0.51389116 -0.0476015173 0.242707729 -0.9689309 -0.0476015173 0.242707729 -0.9689309 -0.0476015173 0.242707729 -0.9689309 -0.0476015173 0.242707729 -0.9689309 -0.00239997869 0.998791039 -0.0490995608 -0.00239997869 0.998791039 -0.0490995608 -0.00239997869 0.998791039 -0.0490995608 -0.0209994558 -0.903776646 -0.427488953 -0.0209994558 -0.903776646 -0.427488953 -0.0209994558 -0.903776646 -0.427488953 -0.0209994558 -0.903776646 -0.427488953 -0.0485002995 0.146600887 -0.988006055 -0.0485002995 0.146600887 -0.988006055 -0.0485002995 0.146600887 -0.988006055 -0.0485002995 0.146600887 -0.988006055 -0.0071996781 0.989155769 -0.146693438 -0.0071996781 0.989155769 -0.146693438 -0.0071996781 0.989155769 -0.146693438 -0.0071996781 0.989155769 -0.146693438 -0.0166004673 -0.941426456 -0.336809486 -0.0166004673 -0.941426456 -0.336809486 -0.0166004673 -0.941426456 -0.336809486 -0.0166004673 -0.941426456 -0.336809486 -0.048999805 0.048999805 -0.997596085 -0.048999805 0.048999805 -0.997596085 -0.048999805 0.048999805 -0.997596085 -0.048999805 0.048999805 -0.997596085 -0.011899461 0.9699561 -0.242988989 -0.011899461 0.9699561 -0.242988989 -0.011899461 0.9699561 -0.242988989 -0.011899461 0.9699561 -0.242988989 -0.011899461 -0.9699561 -0.242988989 -0.011899461 -0.9699561 -0.242988989 -0.011899461 -0.9699561 -0.242988989 -0.011899461 -0.9699561 -0.242988989 -0.048999805 -0.048999805 -0.997596085 -0.048999805 -0.048999805 -0.997596085 -0.048999805 -0.048999805 -0.997596085 -0.048999805 -0.048999805 -0.997596085 -0.0165004916 0.941428065 -0.336810052 -0.0165004916 0.941428065 -0.336810052 -0.0165004916 0.941428065 -0.336810052 -0.0165004916 0.941428065 -0.336810052 -0.0071996781 -0.989155769 -0.146693438 -0.0071996781 -0.989155769 -0.146693438 -0.0071996781 -0.989155769 -0.146693438 -0.0071996781 -0.989155769 -0.146693438 -0.0485002995 -0.146600887 -0.988006055 -0.0485002995 -0.146600887 -0.988006055 -0.0485002995 -0.146600887 -0.988006055 -0.0485002995 -0.146600887 -0.988006055 -0.0209994558 0.903776646 -0.427488953 -0.0209994558 0.903776646 -0.427488953 -0.0209994558 0.903776646 -0.427488953 -0.0209994558 0.903776646 -0.427488953 -0.00239997869 -0.998791039 -0.0490995608 -0.00239997869 -0.998791039 -0.0490995608 -0.00239997869 -0.998791039 -0.0490995608 -0.0476015173 -0.242707729 -0.9689309 -0.0476015173 -0.242707729 -0.9689309 -0.0476015173 -0.242707729 -0.9689309 -0.0476015173 -0.242707729 -0.9689309 -0.0251995679 0.857485294 -0.51389116 -0.0251995679 0.857485294 -0.51389116 -0.0251995679 0.857485294 -0.51389116 -0.0251995679 0.857485294 -0.51389116 -0.0462021492 -0.336515665 -0.94054383 -0.0462021492 -0.336515665 -0.94054383 -0.0462021492 -0.336515665 -0.94054383 -0.0462021492 -0.336515665 -0.94054383 -0.0292998813 0.802896738 -0.595397592 -0.0292998813 0.802896738 -0.595397592 -0.0292998813 0.802896738 -0.595397592 -0.0292998813 0.802896738 -0.595397592 -0.0444005467 -0.427105278 -0.90311116 -0.0444005467 -0.427105278 -0.90311116 -0.0444005467 -0.427105278 -0.90311116 -0.0444005467 -0.427105278 -0.90311116 -0.0330010131 0.740522683 -0.671220601 -0.0330010131 0.740522683 -0.671220601 -0.0330010131 0.740522683 -0.671220601 -0.0330010131 0.740522683 -0.671220601 </float_array>
          <technique_common>
            <accessor count="8064" offset="0" source="#Sphere_1-normals-array" stride="3">
              <param name="X" type="float" />
              <param name="Y" type="float" />
              <param name="Z" type="float" />
            </accessor>
          </technique_common>
        </source>
        <source id="Sphere_1-tex0" name="Sphere_1-tex0">
          <float_array id="Sphere_1-tex0-array" count="16128"> 0.769014657 0.529748619 0.762895823 0.558795035 0.749373794 0.545363724 0.755667508 0.516520083 0.607038975 0.860542536 0.57443881 0.870306909 0.571970403 0.861347258 0.601843596 0.849497378 0.914199948 0.15531081 0.891269386 0.174534619 0.887907982 0.169671774 0.912679493 0.152624667 0.775033414 0.500653744 0.769014657 0.529748619 0.755667508 0.516520083 0.761904299 0.487647533 0.634996533 0.845469475 0.607038975 0.860542536 0.601843596 0.849497378 0.62726301 0.833018422 0.941935599 0.140030622 0.914199948 0.15531081 0.912679493 0.152624667 0.781049967 0.471557736 0.775033414 0.500653744 0.761904299 0.487647533 0.768183589 0.45879662 0.658132136 0.826396942 0.634996533 0.845469475 0.62726301 0.833018422 0.648389101 0.813076615 0.787162125 0.442508101 0.781049967 0.471557736 0.768183589 0.45879662 0.774607062 0.430018723 0.677084923 0.804443359 0.658132136 0.826396942 0.648389101 0.813076615 0.665884912 0.790623546 0.793473423 0.413555145 0.787162125 0.442508101 0.774607062 0.430018723 0.781284809 0.401370347 0.692705214 0.780443311 0.677084923 0.804443359 0.665884912 0.790623546 0.680498958 0.766363502 0.800099313 0.384755492 0.793473423 0.413555145 0.781284809 0.401370347 0.788341999 0.372916281 0.705767214 0.754984796 0.692705214 0.780443311 0.680498958 0.766363502 0.692888916 0.740796804 0.807174981 0.356176376 0.800099313 0.384755492 0.788341999 0.372916281 0.795927525 0.344734907 0.716891587 0.728475511 0.705767214 0.754984796 0.692888916 0.740796804 0.703580499 0.714276016 0.814865232 0.32790184 0.807174981 0.356176376 0.795927525 0.344734907 0.804224312 0.316925049 0.726552367 0.701199949 0.716891587 0.728475511 0.703580499 0.714276016 0.712979555 0.687051833 0.823378205 0.300040007 0.814865232 0.32790184 0.804224312 0.316925049 0.813464344 0.289615631 0.735108078 0.673359573 0.726552367 0.701199949 0.712979555 0.687051833 0.721396863 0.659305394 0.832982481 0.272735238 0.823378205 0.300040007 0.813464344 0.289615631 0.823946774 0.262979805 0.742830515 0.645100951 0.735108078 0.673359573 0.721396863 0.659305394 0.729072809 0.631170988 0.84403187 0.246186137 0.832982481 0.272735238 0.823946774 0.262979805 0.836062133 0.237256467 0.749930024 0.616533756 0.742830515 0.645100951 0.729072809 0.631170988 0.736196399 0.602751076 0.503382802 0.869999886 0.47096777 0.859969199 0.503961027 0.86692214 0.856994629 0.220672727 0.84403187 0.246186137 0.836062133 0.237256467 0.850317538 0.212780833 0.756572962 0.587742388 0.749930024 0.616533756 0.736196399 0.602751076 0.742920756 0.574126482 0.538873553 0.873612642 0.503382802 0.869999886 0.503961027 0.86692214 0.538581908 0.867402434 0.872484446 0.196596026 0.856994629 0.220672727 0.850317538 0.212780833 0.867352188 0.190028846 0.762895823 0.558795035 0.756572962 0.587742388 0.742920756 0.574126482 0.749373794 0.545363724 0.57443881 0.870306909 0.538873553 0.873612642 0.538581908 0.867402434 0.571970403 0.861347258 0.891269386 0.174534619 0.872484446 0.196596026 0.867352188 0.190028846 0.887907982 0.169671774 0.813464344 0.289615631 0.804224312 0.316925049 0.793542385 0.305335462 0.803525031 0.278575718 0.721396863 0.659305394 0.712979555 0.687051833 0.699804544 0.672847867 0.708037198 0.645123005 0.823946774 0.262979805 0.813464344 0.289615631 0.803525031 0.278575718 0.814918816 0.252620459 0.729072809 0.631170988 0.721396863 0.659305394 0.708037198 0.645123005 0.71561712 0.617046714 0.836062133 0.237256467 0.823946774 0.262979805 0.814918816 0.252620459 0.828153551 0.227754354 0.736196399 0.602751076 0.729072809 0.631170988 0.71561712 0.617046714 0.722715318 0.588713884 0.503961027 0.86692214 0.47096777 0.859969199 0.504195094 0.863806844 0.850317538 0.212780833 0.836062133 0.237256467 0.828153551 0.227754354 0.843773961 0.204375684 0.742920756 0.574126482 0.736196399 0.602751076 0.722715318 0.588713884 0.729472756 0.560201049 0.538581908 0.867402434 0.503961027 0.86692214 0.504195094 0.863806844 0.537690997 0.861243188 0.867352188 0.190028846 0.850317538 0.212780833 0.843773961 0.204375684 0.86243248 0.183042765 0.749373794 0.545363724 0.742920756 0.574126482 0.729472756 0.560201049 0.736010313 0.53157258 0.571970403 0.861347258 0.538581908 0.867402434 0.537690997 0.861243188 0.568936586 0.852592111 0.887907982 0.169671774 0.867352188 0.190028846 0.86243248 0.183042765 0.884809196 0.164522111 0.755667508 0.516520083 0.749373794 0.545363724 0.736010313 0.53157258 0.742435932 0.502885461 0.601843596 0.849497378 0.571970403 0.861347258 0.568936586 0.852592111 0.596351683 0.838778079 0.912679493 0.152624667 0.887907982 0.169671774 0.884809196 0.164522111 0.911374092 0.149806976 0.761904299 0.487647533 0.755667508 0.516520083 0.742435932 0.502885461 0.748851478 0.474193096 0.62726301 0.833018422 0.601843596 0.849497378 0.596351683 0.838778079 0.619546354 0.820936143 0.941935599 0.140030622 0.912679493 0.152624667 0.911374092 0.149806976 0.768183589 0.45879662 0.761904299 0.487647533 0.748851478 0.474193096 0.75535804 0.445548415 0.648389101 0.813076615 0.62726301 0.833018422 0.619546354 0.820936143 0.638899982 0.80009979 0.774607062 0.430018723 0.768183589 0.45879662 0.75535804 0.445548415 0.762062192 0.417007446 0.665884912 0.790623546 0.648389101 0.813076615 0.638899982 0.80009979 0.655076146 0.777081549 0.781284809 0.401370347 0.774607062 0.430018723 0.762062192 0.417007446 0.769081295 0.388632774 0.680498958 0.766363502 0.665884912 0.790623546 0.655076146 0.777081549 0.668743014 0.752478242 0.788341999 0.372916281 0.781284809 0.401370347 0.769081295 0.388632774 0.776551723 0.360498011 0.692888916 0.740796804 0.680498958 0.766363502 0.668743014 0.752478242 0.680468976 0.726716042 0.795927525 0.344734907 0.788341999 0.372916281 0.776551723 0.360498011 0.784637511 0.332693696 0.703580499 0.714276016 0.692888916 0.740796804 0.680468976 0.726716042 0.690705836 0.700099409 0.804224312 0.316925049 0.795927525 0.344734907 0.784637511 0.332693696 0.793542385 0.305335462 0.712979555 0.687051833 0.703580499 0.714276016 0.690705836 0.700099409 0.699804544 0.672847867 0.828153551 0.227754354 0.814918816 0.252620459 0.805879891 0.24169457 0.820301592 0.217710495 0.722715318 0.588713884 0.71561712 0.617046714 0.702401161 0.602844715 0.709430695 0.574539125 0.504195094 0.863806844 0.47096777 0.859969199 0.504102707 0.860685229 0.843773961 0.204375684 0.828153551 0.227754354 0.820301592 0.217710495 0.837377131 0.195484042 0.729472756 0.560201049 0.722715318 0.588713884 0.709430695 0.574539125 0.716178119 0.546081662 0.537690997 0.861243188 0.504195094 0.863806844 0.504102707 0.860685229 0.53627336 0.855183244 0.86243248 0.183042765 0.843773961 0.204375684 0.837377131 0.195484042 0.857755303 0.175664067 0.736010313 0.53157258 0.729472756 0.560201049 0.716178119 0.546081662 0.722757995 0.517534375 0.568936586 0.852592111 0.537690997 0.861243188 0.53627336 0.855183244 0.565428972 0.844083726 0.884809196 0.164522111 0.86243248 0.183042765 0.857755303 0.175664067 0.882008195 0.159112692 0.742435932 0.502885461 0.736010313 0.53157258 0.722757995 0.517534375 0.729275405 0.48895371 0.596351683 0.838778079 0.568936586 0.852592111 0.565428972 0.844083726 0.590608656 0.82841593 0.911374092 0.149806976 0.884809196 0.164522111 0.882008195 0.159112692 0.91030401 0.146878958 0.748851478 0.474193096 0.742435932 0.502885461 0.729275405 0.48895371 0.735832095 0.460394084 0.619546354 0.820936143 0.596351683 0.838778079 0.590608656 0.82841593 0.611824155 0.809254527 0.941935599 0.140030622 0.911374092 0.149806976 0.91030401 0.146878958 0.75535804 0.445548415 0.748851478 0.474193096 0.735832095 0.460394084 0.742531896 0.431911051 0.638899982 0.80009979 0.619546354 0.820936143 0.611824155 0.809254527 0.629592061 0.787510216 0.762062192 0.417007446 0.75535804 0.445548415 0.742531896 0.431911051 0.749486625 0.403565049 0.655076146 0.777081549 0.638899982 0.80009979 0.629592061 0.787510216 0.644561768 0.763878286 0.769081295 0.388632774 0.762062192 0.417007446 0.749486625 0.403565049 0.756822705 0.375425339 0.668743014 0.752478242 0.655076146 0.777081549 0.644561768 0.763878286 0.657335162 0.738865197 0.776551723 0.360498011 0.769081295 0.388632774 0.756822705 0.375425339 0.764689028 0.347574949 0.680468976 0.726716042 0.668743014 0.752478242 0.657335162 0.738865197 0.668409467 0.712834418 0.784637511 0.332693696 0.776551723 0.360498011 0.764689028 0.347574949 0.773267388 0.32011795 0.690705836 0.700099409 0.680468976 0.726716042 0.668409467 0.712834418 0.67817831 0.68604815 0.793542385 0.305335462 0.784637511 0.332693696 0.773267388 0.32011795 0.782785118 0.29318881 0.699804544 0.672847867 0.690705836 0.700099409 0.67817831 0.68604815 0.686948061 0.658697784 0.803525031 0.278575718 0.793542385 0.305335462 0.782785118 0.29318881 0.793532014 0.266966462 0.708037198 0.645123005 0.699804544 0.672847867 0.686948061 0.658697784 0.694958746 0.630926728 0.814918816 0.252620459 0.803525031 0.278575718 0.793532014 0.266966462 0.805879891 0.24169457 0.71561712 0.617046714 0.708037198 0.645123005 0.694958746 0.630926728 0.702401161 0.602844715 0.857755303 0.175664067 0.837377131 0.195484042 0.831142485 0.186133504 0.853356123 0.167920947 0.722757995 0.517534375 0.716178119 0.546081662 0.702985048 0.531880736 0.709567726 0.503360152 0.565428972 0.844083726 0.53627336 0.855183244 0.534392834 0.849265456 0.561519444 0.835859776 0.882008195 0.159112692 0.857755303 0.175664067 0.853356123 0.167920947 0.879545093 0.15347302 0.729275405 0.48895371 0.722757995 0.517534375 0.709567726 0.503360152 0.716138482 0.474833131 0.590608656 0.82841593 0.565428972 0.844083726 0.561519444 0.835859776 0.584648252 0.818441153 0.91030401 0.146878958 0.882008195 0.159112692 0.879545093 0.15347302 0.90948993 0.14386338 0.735832095 0.460394084 0.729275405 0.48895371 0.716138482 0.474833131 0.722799659 0.446354866 0.611824155 0.809254527 0.590608656 0.82841593 0.584648252 0.818441153 0.604079068 0.798005283 0.941935599 0.140030622 0.91030401 0.146878958 0.90948993 0.14386338 0.742531896 0.431911051 0.735832095 0.460394084 0.722799659 0.446354866 0.729658604 0.41798377 0.629592061 0.787510216 0.611824155 0.809254527 0.604079068 0.798005283 0.620409667 0.775350094 0.749486625 0.403565049 0.742531896 0.431911051 0.729658604 0.41798377 0.73683393 0.389784575 0.644561768 0.763878286 0.629592061 0.787510216 0.620409667 0.775350094 0.634265661 0.751070023 0.756822705 0.375425339 0.749486625 0.403565049 0.73683393 0.389784575 0.744462252 0.361833692 0.657335162 0.738865197 0.644561768 0.763878286 0.634265661 0.751070023 0.646191716 0.725595355 0.764689028 0.347574949 0.756822705 0.375425339 0.744462252 0.361833692 0.752707481 0.334224522 0.668409467 0.712834418 0.657335162 0.738865197 0.646191716 0.725595355 0.656628072 0.699235678 0.773267388 0.32011795 0.764689028 0.347574949 0.752707481 0.334224522 0.761771858 0.307075739 0.67817831 0.68604815 0.668409467 0.712834418 0.656628072 0.699235678 0.665920198 0.672216296 0.782785118 0.29318881 0.773267388 0.32011795 0.761771858 0.307075739 0.771910667 0.28054297 0.686948061 0.658697784 0.67817831 0.68604815 0.665920198 0.672216296 0.6743384 0.644703686 0.793532014 0.266966462 0.782785118 0.29318881 0.771910667 0.28054297 0.783450007 0.254835606 0.694958746 0.630926728 0.686948061 0.658697784 0.6743384 0.644703686 0.682096124 0.61682409 0.805879891 0.24169457 0.793532014 0.266966462 0.783450007 0.254835606 0.796806276 0.230240583 0.702401161 0.602844715 0.694958746 0.630926728 0.682096124 0.61682409 0.68936491 0.588676035 0.820301592 0.217710495 0.805879891 0.24169457 0.796806276 0.230240583 0.812499702 0.207156003 0.709430695 0.574539125 0.702401161 0.602844715 0.68936491 0.588676035 0.696287215 0.560339212 0.504102707 0.860685229 0.47096777 0.859969199 0.503703415 0.857586384 0.837377131 0.195484042 0.820301592 0.217710495 0.812499702 0.207156003 0.831142485 0.186133504 0.716178119 0.546081662 0.709430695 0.574539125 0.696287215 0.560339212 0.702985048 0.531880736 0.53627336 0.855183244 0.504102707 0.860685229 0.503703415 0.857586384 0.534392834 0.849265456 0.90948993 0.14386338 0.879545093 0.15347302 0.877465427 0.147636056 0.908952475 0.140785098 0.722799659 0.446354866 0.716138482 0.474833131 0.702975392 0.460632205 0.709704161 0.432181239 0.604079068 0.798005283 0.584648252 0.818441153 0.578496635 0.808883369 0.596298039 0.78722024 0.941935599 0.140030622 0.90948993 0.14386338 0.908952475 0.140785098 0.729658604 0.41798377 0.722799659 0.446354866 0.709704161 0.432181239 0.71668756 0.40386796 0.620409667 0.775350094 0.604079068 0.798005283 0.596298039 0.78722024 0.611309528 0.763659894 0.73683393 0.389784575 0.729658604 0.41798377 0.71668756 0.40386796 0.724052072 0.375761986 0.634265661 0.751070023 0.620409667 0.775350094 0.611309528 0.763659894 0.624126792 0.738709569 0.744462252 0.361833692 0.73683393 0.389784575 0.724052072 0.375761986 0.731946707 0.347947001 0.646191716 0.725595355 0.634265661 0.751070023 0.624126792 0.738709569 0.635244608 0.712734282 0.752707481 0.334224522 0.744462252 0.361833692 0.731946707 0.347947001 0.740552664 0.320527315 0.656628072 0.699235678 0.646191716 0.725595355 0.635244608 0.712734282 0.645054936 0.685997367 0.761771858 0.307075739 0.752707481 0.334224522 0.740552664 0.320527315 0.750096917 0.293638051 0.665920198 0.672216296 0.656628072 0.699235678 0.645054936 0.685997367 0.653863966 0.658691525 0.771910667 0.28054297 0.761771858 0.307075739 0.750096917 0.293638051 0.760867834 0.267458498 0.6743384 0.644703686 0.665920198 0.672216296 0.653863966 0.658691525 0.661911666 0.63096118 0.783450007 0.254835606 0.771910667 0.28054297 0.760867834 0.267458498 0.773235083 0.24223268 0.682096124 0.61682409 0.6743384 0.644703686 0.661911666 0.63096118 0.669389069 0.602916956 0.796806276 0.230240583 0.783450007 0.254835606 0.773235083 0.24223268 0.787667572 0.21829772 0.68936491 0.588676035 0.682096124 0.61682409 0.669389069 0.602916956 0.676451981 0.574646771 0.812499702 0.207156003 0.796806276 0.230240583 0.787667572 0.21829772 0.804739058 0.196122348 0.696287215 0.560339212 0.68936491 0.588676035 0.676451981 0.574646771 0.683231294 0.546223164 0.503703415 0.857586384 0.47096777 0.859969199 0.503017604 0.854537964 0.831142485 0.186133504 0.812499702 0.207156003 0.804739058 0.196122348 0.825088799 0.176352382 0.702985048 0.531880736 0.696287215 0.560339212 0.683231294 0.546223164 0.689842045 0.5177086 0.534392834 0.849265456 0.503703415 0.857586384 0.503017604 0.854537964 0.532105088 0.843528152 0.853356123 0.167920947 0.831142485 0.186133504 0.825088799 0.176352382 0.849277496 0.159843862 0.709567726 0.503360152 0.702985048 0.531880736 0.689842045 0.5177086 0.696389377 0.489159942 0.561519444 0.835859776 0.534392834 0.849265456 0.532105088 0.843528152 0.557266057 0.827954829 0.879545093 0.15347302 0.853356123 0.167920947 0.849277496 0.159843862 0.877465427 0.147636056 0.716138482 0.474833131 0.709567726 0.503360152 0.696389377 0.489159942 0.702975392 0.460632205 0.584648252 0.818441153 0.561519444 0.835859776 0.557266057 0.827954829 0.578496635 0.808883369 0.724052072 0.375761986 0.71668756 0.40386796 0.703563869 0.389668226 0.711083531 0.361597061 0.624126792 0.738709569 0.611309528 0.763659894 0.60225749 0.752479315 0.614096582 0.726847589 0.731946707 0.347947001 0.724052072 0.375761986 0.711083531 0.361597061 0.719215393 0.33385843 0.635244608 0.712734282 0.624126792 0.738709569 0.614096582 0.726847589 0.62443769 0.700344145 0.740552664 0.320527315 0.731946707 0.347947001 0.719215393 0.33385843 0.728161633 0.306568623 0.645054936 0.685997367 0.635244608 0.712734282 0.62443769 0.700344145 0.633631647 0.673192263 0.750096917 0.293638051 0.740552664 0.320527315 0.728161633 0.306568623 0.738178432 0.279880285 0.653863966 0.658691525 0.645054936 0.685997367 0.633631647 0.673192263 0.641951323 0.64555645 0.760867834 0.267458498 0.750096917 0.293638051 0.738178432 0.279880285 0.74959445 0.253999293 0.661911666 0.63096118 0.653863966 0.658691525 0.641951323 0.64555645 0.649611115 0.617561162 0.773235083 0.24223268 0.760867834 0.267458498 0.74959445 0.253999293 0.762832403 0.229209423 0.669389069 0.602916956 0.661911666 0.63096118 0.649611115 0.617561162 0.656783223 0.589302838 0.787667572 0.21829772 0.773235083 0.24223268 0.762832403 0.229209423 0.778425157 0.205906153 0.676451981 0.574646771 0.669389069 0.602916956 0.656783223 0.589302838 0.663609564 0.56085974 0.804739058 0.196122348 0.787667572 0.21829772 0.778425157 0.205906153 0.797007978 0.184641242 0.683231294 0.546223164 0.676451981 0.574646771 0.663609564 0.56085974 0.670211792 0.532297432 0.503017604 0.854537964 0.47096777 0.859969199 0.502066016 0.85156554 0.825088799 0.176352382 0.804739058 0.196122348 0.797007978 0.184641242 0.819239259 0.166169763 0.689842045 0.5177086 0.683231294 0.546223164 0.670211792 0.532297432 0.676698685 0.503673971 0.532105088 0.843528152 0.503017604 0.854537964 0.502066016 0.85156554 0.529458582 0.8380059 0.849277496 0.159843862 0.825088799 0.176352382 0.819239259 0.166169763 0.845571697 0.151465595 0.696389377 0.489159942 0.689842045 0.5177086 0.676698685 0.503673971 0.683172584 0.475043654 0.557266057 0.827954829 0.532105088 0.843528152 0.529458582 0.8380059 0.55271554 0.820400178 0.877465427 0.147636056 0.849277496 0.159843862 0.845571697 0.151465595 0.875821412 0.141638279 0.702975392 0.460632205 0.696389377 0.489159942 0.683172584 0.475043654 0.689735234 0.446460366 0.578496635 0.808883369 0.557266057 0.827954829 0.55271554 0.820400178 0.57217443 0.79977113 0.908952475 0.140785098 0.877465427 0.147636056 0.875821412 0.141638279 0.908712506 0.137670696 0.709704161 0.432181239 0.702975392 0.460632205 0.689735234 0.446460366 0.696493089 0.41798079 0.596298039 0.78722024 0.578496635 0.808883369 0.57217443 0.79977113 0.588470697 0.776930869 0.941935599 0.140030622 0.908952475 0.140785098 0.908712506 0.137670696 0.71668756 0.40386796 0.709704161 0.432181239 0.696493089 0.41798079 0.703563869 0.389668226 0.611309528 0.763659894 0.596298039 0.78722024 0.588470697 0.776930869 0.60225749 0.752479315 0.728161633 0.306568623 0.719215393 0.33385843 0.70620054 0.319666743 0.715461552 0.292439103 0.633631647 0.673192263 0.62443769 0.700344145 0.613724828 0.688483894 0.62230885 0.660889864 0.738178432 0.279880285 0.728161633 0.306568623 0.715461552 0.292439103 0.725940168 0.26588285 0.641951323 0.64555645 0.633631647 0.673192263 0.62230885 0.660889864 0.630132139 0.632889986 0.74959445 0.253999293 0.738178432 0.279880285 0.725940168 0.26588285 0.738014579 0.2402336 0.649611115 0.617561162 0.641951323 0.64555645 0.630132139 0.632889986 0.637387037 0.604590833 0.762832403 0.229209423 0.74959445 0.253999293 0.738014579 0.2402336 0.752173603 0.215820372 0.656783223 0.589302838 0.649611115 0.617561162 0.637387037 0.604590833 0.644229293 0.57607621 0.778425157 0.205906153 0.762832403 0.229209423 0.752173603 0.215820372 0.769029558 0.193107188 0.663609564 0.56085974 0.656783223 0.589302838 0.644229293 0.57607621 0.650789201 0.547415197 0.797007978 0.184641242 0.778425157 0.205906153 0.769029558 0.193107188 0.789291084 0.172744513 0.670211792 0.532297432 0.663609564 0.56085974 0.650789201 0.547415197 0.657180369 0.518667042 0.502066016 0.85156554 0.47096777 0.859969199 0.500869393 0.848692894 0.819239259 0.166169763 0.797007978 0.184641242 0.789291084 0.172744513 0.813623667 0.155615509 0.676698685 0.503673971 0.670211792 0.532297432 0.657180369 0.518667042 0.663506448 0.48988533 0.529458582 0.8380059 0.502066016 0.85156554 0.500869393 0.848692894 0.526495993 0.832729876 0.845571697 0.151465595 0.819239259 0.166169763 0.813623667 0.155615509 0.842303693 0.142822206 0.683172584 0.475043654 0.676698685 0.503673971 0.663506448 0.48988533 0.669867694 0.461121798 0.55271554 0.820400178 0.529458582 0.8380059 0.526495993 0.832729876 0.547906578 0.813224971 0.875821412 0.141638279 0.845571697 0.151465595 0.842303693 0.142822206 0.87467283 0.135520339 0.689735234 0.446460366 0.683172584 0.475043654 0.669867694 0.461121798 0.67636615 0.432429016 0.57217443 0.79977113 0.55271554 0.820400178 0.547906578 0.813224971 0.565698445 0.79113251 0.908712506 0.137670696 0.875821412 0.141638279 0.87467283 0.135520339 0.908789814 0.134548604 0.696493089 0.41798079 0.689735234 0.446460366 0.67636615 0.432429016 0.683111846 0.403864205 0.588470697 0.776930869 0.57217443 0.79977113 0.565698445 0.79113251 0.580589592 0.767168641 0.941935599 0.140030622 0.908712506 0.137670696 0.908789814 0.134548604 0.703563869 0.389668226 0.696493089 0.41798079 0.683111846 0.403864205 0.690229237 0.37549305 0.60225749 0.752479315 0.588470697 0.776930869 0.580589592 0.767168641 0.593226969 0.741847217 0.711083531 0.361597061 0.703563869 0.389668226 0.690229237 0.37549305 0.697865367 0.347394288 0.614096582 0.726847589 0.60225749 0.752479315 0.593226969 0.741847217 0.604135811 0.715532482 0.719215393 0.33385843 0.711083531 0.361597061 0.697865367 0.347394288 0.70620054 0.319666743 0.62443769 0.700344145 0.614096582 0.726847589 0.604135811 0.715532482 0.613724828 0.688483894 0.738014579 0.2402336 0.725940168 0.26588285 0.713291943 0.251733482 0.726035476 0.226235628 0.637387037 0.604590833 0.630132139 0.632889986 0.618363619 0.620767772 0.62519592 0.592134356 0.752173603 0.215820372 0.738014579 0.2402336 0.726035476 0.226235628 0.741172194 0.202124059 0.644229293 0.57607621 0.637387037 0.604590833 0.62519592 0.592134356 0.631683767 0.563328803 0.769029558 0.193107188 0.752173603 0.215820372 0.741172194 0.202124059 0.759416997 0.179943621 0.650789201 0.547415197 0.644229293 0.57607621 0.631683767 0.563328803 0.637947023 0.53441155 0.789291084 0.172744513 0.769029558 0.193107188 0.759416997 0.179943621 0.781568766 0.160463929 0.657180369 0.518667042 0.650789201 0.547415197 0.637947023 0.53441155 0.644092381 0.505435884 0.500869393 0.848692894 0.47096777 0.859969199 0.49944818 0.84594202 0.813623667 0.155615509 0.789291084 0.172744513 0.781568766 0.160463929 0.808281422 0.144720554 0.663506448 0.48988533 0.657180369 0.518667042 0.644092381 0.505435884 0.650219381 0.476451159 0.526495993 0.832729876 0.500869393 0.848692894 0.49944818 0.84594202 0.523254693 0.827728152 0.842303693 0.142822206 0.813623667 0.155615509 0.808281422 0.144720554 0.839554965 0.133953691 0.669867694 0.461121798 0.663506448 0.48988533 0.650219381 0.476451159 0.65642637 0.44750607 0.547906578 0.813224971 0.526495993 0.832729876 0.523254693 0.827728152 0.542871416 0.806456447 0.87467283 0.135520339 0.842303693 0.142822206 0.839554965 0.133953691 0.874088109 0.129327774 0.67636615 0.432429016 0.669867694 0.461121798 0.65642637 0.44750607 0.662816823 0.418652058 0.565698445 0.79113251 0.547906578 0.813224971 0.542871416 0.806456447 0.559083045 0.782994568 0.908789814 0.134548604 0.87467283 0.135520339 0.874088109 0.129327774 0.909203112 0.131449103 0.683111846 0.403864205 0.67636615 0.432429016 0.662816823 0.418652058 0.669504702 0.389946282 0.580589592 0.767168641 0.565698445 0.79113251 0.559083045 0.782994568 0.57264924 0.757964373 0.941935599 0.140030622 0.908789814 0.134548604 0.909203112 0.131449103 0.690229237 0.37549305 0.683111846 0.403864205 0.669504702 0.389946282 0.676622331 0.361456156 0.593226969 0.741847217 0.580589592 0.767168641 0.57264924 0.757964373 0.584196925 0.731801569 0.697865367 0.347394288 0.690229237 0.37549305 0.676622331 0.361456156 0.68432951 0.333264649 0.604135811 0.715532482 0.593226969 0.741847217 0.584196925 0.731801569 0.594213009 0.704811335 0.70620054 0.319666743 0.697865367 0.347394288 0.68432951 0.333264649 0.692826152 0.305477977 0.613724828 0.688483894 0.604135811 0.715532482 0.594213009 0.704811335 0.603068292 0.677210391 0.715461552 0.292439103 0.70620054 0.319666743 0.692826152 0.305477977 0.702368796 0.278236985 0.62230885 0.660889864 0.613724828 0.688483894 0.603068292 0.677210391 0.611045599 0.649156749 0.725940168 0.26588285 0.715461552 0.292439103 0.702368796 0.278236985 0.713291943 0.251733482 0.630132139 0.632889986 0.62230885 0.660889864 0.611045599 0.649156749 0.618363619 0.620767772 0.759416997 0.179943621 0.741172194 0.202124059 0.729718208 0.188184619 0.749503553 0.166460752 0.637947023 0.53441155 0.631683767 0.563328803 0.619108677 0.551150262 0.625044167 0.521945953 0.781568766 0.160463929 0.759416997 0.179943621 0.749503553 0.166460752 0.773814797 0.147831261 0.644092381 0.505435884 0.637947023 0.53441155 0.625044167 0.521945953 0.630907476 0.49270761 0.49944818 0.84594202 0.47096777 0.859969199 0.497822464 0.843333066 0.808281422 0.144720554 0.781568766 0.160463929 0.773814797 0.147831261 0.80326575 0.133516669 0.650219381 0.476451159 0.644092381 0.505435884 0.630907476 0.49270761 0.636794746 0.463480532 0.523254693 0.827728152 0.49944818 0.84594202 0.497822464 0.843333066 0.519767821 0.823026419 0.839554965 0.133953691 0.808281422 0.144720554 0.80326575 0.133516669 0.837429881 0.12490505 0.65642637 0.44750607 0.650219381 0.476451159 0.636794746 0.463480532 0.642803013 0.434310436 0.542871416 0.806456447 0.523254693 0.827728152 0.519767821 0.823026419 0.537637591 0.800119877 0.874088109 0.129327774 0.839554965 0.133953691 0.837429881 0.12490505 0.874144912 0.123112202 0.662816823 0.418652058 0.65642637 0.44750607 0.642803013 0.434310436 0.649037063 0.405246854 0.559083045 0.782994568 0.542871416 0.806456447 0.537637591 0.800119877 0.552340388 0.775383472 0.909203112 0.131449103 0.874088109 0.129327774 0.874144912 0.123112202 0.909969211 0.128404021 0.669504702 0.389946282 0.662816823 0.418652058 0.649037063 0.405246854 0.655615687 0.376346529 0.57264924 0.757964373 0.559083045 0.782994568 0.552340388 0.775383472 0.564646065 0.749348402 0.941935599 0.140030622 0.909203112 0.131449103 0.909969211 0.128404021 0.676622331 0.361456156 0.669504702 0.389946282 0.655615687 0.376346529 0.662679672 0.347677827 0.584196925 0.731801569 0.57264924 0.757964373 0.564646065 0.749348402 0.575151205 0.722379386 0.68432951 0.333264649 0.676622331 0.361456156 0.662679672 0.347677827 0.670403242 0.319326997 0.594213009 0.704811335 0.584196925 0.731801569 0.575151205 0.722379386 0.58430326 0.694729447 0.692826152 0.305477977 0.68432951 0.333264649 0.670403242 0.319326997 0.67900908 0.291406929 0.603068292 0.677210391 0.594213009 0.704811335 0.58430326 0.694729447 0.592437506 0.666578293 0.702368796 0.278236985 0.692826152 0.305477977 0.67900908 0.291406929 0.688787878 0.264070272 0.611045599 0.649156749 0.603068292 0.677210391 0.592437506 0.666578293 0.599807799 0.638056755 0.713291943 0.251733482 0.702368796 0.278236985 0.688787878 0.264070272 0.700126648 0.237529516 0.618363619 0.620767772 0.611045599 0.649156749 0.599807799 0.638056755 0.606610298 0.609263003 0.726035476 0.226235628 0.713291943 0.251733482 0.700126648 0.237529516 0.713542819 0.212087691 0.62519592 0.592134356 0.618363619 0.620767772 0.606610298 0.609263003 0.613000929 0.580273569 0.741172194 0.202124059 0.726035476 0.226235628 0.713542819 0.212087691 0.729718208 0.188184619 0.631683767 0.563328803 0.62519592 0.592134356 0.613000929 0.580273569 0.619108677 0.551150262 0.497822464 0.843333066 0.47096777 0.859969199 0.496011734 0.840884626 0.80326575 0.133516669 0.773814797 0.147831261 0.765994012 0.134878278 0.798650026 0.12203753 0.636794746 0.463480532 0.630907476 0.49270761 0.617590129 0.480585515 0.623194218 0.45108366 0.519767821 0.823026419 0.497822464 0.843333066 0.496011734 0.840884626 0.516064882 0.818647623 0.837429881 0.12490505 0.80326575 0.133516669 0.798650026 0.12203753 0.836062908 0.115728557 0.642803013 0.434310436 0.636794746 0.463480532 0.623194218 0.45108366 0.628955364 0.421651006 0.537637591 0.800119877 0.519767821 0.823026419 0.516064882 0.818647623 0.532229066 0.794238806 0.874144912 0.123112202 0.837429881 0.12490505 0.836062908 0.115728557 0.874930859 0.116931856 0.649037063 0.405246854 0.642803013 0.434310436 0.628955364 0.421651006 0.634979546 0.3923347 0.552340388 0.775383472 0.537637591 0.800119877 0.532229066 0.794238806 0.545481682 0.768324435 0.909969211 0.128404021 0.874144912 0.123112202 0.874930859 0.116931856 0.911101699 0.125446856 0.655615687 0.376346529 0.649037063 0.405246854 0.634979546 0.3923347 0.641390204 0.363190174 0.564646065 0.749348402 0.552340388 0.775383472 0.545481682 0.768324435 0.556578577 0.741349936 0.941935599 0.140030622 0.909969211 0.128404021 0.911101699 0.125446856 0.662679672 0.347677827 0.655615687 0.376346529 0.641390204 0.363190174 0.648337364 0.334285736 0.575151205 0.722379386 0.564646065 0.749348402 0.556578577 0.741349936 0.56607765 0.713616371 0.670403242 0.319326997 0.662679672 0.347677827 0.648337364 0.334285736 0.656010807 0.3057096 0.58430326 0.694729447 0.575151205 0.722379386 0.56607765 0.713616371 0.574387014 0.685330868 0.67900908 0.291406929 0.670403242 0.319326997 0.656010807 0.3057096 0.66465807 0.277579725 0.592437506 0.666578293 0.58430326 0.694729447 0.574387014 0.685330868 0.58180809 0.656640291 0.688787878 0.264070272 0.67900908 0.291406929 0.66465807 0.277579725 0.674610317 0.250059366 0.599807799 0.638056755 0.592437506 0.666578293 0.58180809 0.656640291 0.588568032 0.627651811 0.700126648 0.237529516 0.688787878 0.264070272 0.674610317 0.250059366 0.686317623 0.223380744 0.606610298 0.609263003 0.599807799 0.638056755 0.588568032 0.627651811 0.594842196 0.598446488 0.713542819 0.212087691 0.700126648 0.237529516 0.686317623 0.223380744 0.700395226 0.197883785 0.613000929 0.580273569 0.606610298 0.609263003 0.594842196 0.598446488 0.600771248 0.569088042 0.729718208 0.188184619 0.713542819 0.212087691 0.700395226 0.197883785 0.717669249 0.174074292 0.619108677 0.551150262 0.613000929 0.580273569 0.600771248 0.569088042 0.606472075 0.539628804 0.749503553 0.166460752 0.729718208 0.188184619 0.717669249 0.174074292 0.739176869 0.152707219 0.625044167 0.521945953 0.619108677 0.551150262 0.606472075 0.539628804 0.612046897 0.510114133 0.773814797 0.147831261 0.749503553 0.166460752 0.739176869 0.152707219 0.765994012 0.134878278 0.630907476 0.49270761 0.625044167 0.521945953 0.612046897 0.510114133 0.617590129 0.480585515 0.532229066 0.794238806 0.516064882 0.818647623 0.512172341 0.814612865 0.52666688 0.78883487 0.874930859 0.116931856 0.836062908 0.115728557 0.835629821 0.106485844 0.876542509 0.110853314 0.634979546 0.3923347 0.628955364 0.421651006 0.614846587 0.409646213 0.620601296 0.380041003 0.545481682 0.768324435 0.532229066 0.794238806 0.52666688 0.78883487 0.538517475 0.761841118 0.911101699 0.125446856 0.874930859 0.116931856 0.876542509 0.110853314 0.912610054 0.122612119 0.641390204 0.363190174 0.634979546 0.3923347 0.620601296 0.380041003 0.626777232 0.350608706 0.556578577 0.741349936 0.545481682 0.768324435 0.538517475 0.761841118 0.548446357 0.733997285 0.941935599 0.140030622 0.911101699 0.125446856 0.912610054 0.122612119 0.648337364 0.334285736 0.641390204 0.363190174 0.626777232 0.350608706 0.63353312 0.32141614 0.56607765 0.713616371 0.556578577 0.741349936 0.548446357 0.733997285 0.556967676 0.705547273 0.656010807 0.3057096 0.648337364 0.334285736 0.63353312 0.32141614 0.641074657 0.292551637 0.574387014 0.685330868 0.56607765 0.713616371 0.556967676 0.705547273 0.564449608 0.676657677 0.66465807 0.277579725 0.656010807 0.3057096 0.641074657 0.292551637 0.649676561 0.264135957 0.58180809 0.656640291 0.574387014 0.685330868 0.564449608 0.676657677 0.571161211 0.647446811 0.674610317 0.250059366 0.66465807 0.277579725 0.649676561 0.264135957 0.659715056 0.236339986 0.588568032 0.627651811 0.58180809 0.656640291 0.571161211 0.647446811 0.577304721 0.618001163 0.686317623 0.223380744 0.674610317 0.250059366 0.659715056 0.236339986 0.671715796 0.209413648 0.594842196 0.598446488 0.588568032 0.627651811 0.577304721 0.618001163 0.583036304 0.588386476 0.700395226 0.197883785 0.686317623 0.223380744 0.671715796 0.209413648 0.68641746 0.183733463 0.600771248 0.569088042 0.594842196 0.598446488 0.583036304 0.588386476 0.588481903 0.558655024 0.717669249 0.174074292 0.700395226 0.197883785 0.68641746 0.183733463 0.70483923 0.159877539 0.606472075 0.539628804 0.600771248 0.569088042 0.588481903 0.558655024 0.593747675 0.528850317 0.739176869 0.152707219 0.717669249 0.174074292 0.70483923 0.159877539 0.72828275 0.138737261 0.612046897 0.510114133 0.606472075 0.539628804 0.593747675 0.528850317 0.598927796 0.499010801 0.765994012 0.134878278 0.739176869 0.152707219 0.72828275 0.138737261 0.758057654 0.121636868 0.617590129 0.480585515 0.612046897 0.510114133 0.598927796 0.499010801 0.604110777 0.469172478 0.496011734 0.840884626 0.47096777 0.859969199 0.494034916 0.838613212 0.798650026 0.12203753 0.765994012 0.134878278 0.758057654 0.121636868 0.794539511 0.110318959 0.623194218 0.45108366 0.617590129 0.480585515 0.604110777 0.469172478 0.60938549 0.439371407 0.516064882 0.818647623 0.496011734 0.840884626 0.494034916 0.838613212 0.512172341 0.814612865 0.836062908 0.115728557 0.798650026 0.12203753 0.794539511 0.110318959 0.835629821 0.106485844 0.628955364 0.421651006 0.623194218 0.45108366 0.60938549 0.439371407 0.614846587 0.409646213 0.548446357 0.733997285 0.538517475 0.761841118 0.531457484 0.755956054 0.540250838 0.727317214 0.941935599 0.140030622 0.912610054 0.122612119 0.914498329 0.119935274 0.63353312 0.32141614 0.626777232 0.350608706 0.611731529 0.338739634 0.618209124 0.309214354 0.556967676 0.705547273 0.548446357 0.733997285 0.540250838 0.727317214 0.547815681 0.698204756 0.641074657 0.292551637 0.63353312 0.32141614 0.618209124 0.309214354 0.625519633 0.28000474 0.564449608 0.676657677 0.556967676 0.705547273 0.547815681 0.698204756 0.554480374 0.668750048 0.649676561 0.264135957 0.641074657 0.292551637 0.625519633 0.28000474 0.633964717 0.251230836 0.571161211 0.647446811 0.564449608 0.676657677 0.554480374 0.668750048 0.560482979 0.639046252 0.659715056 0.236339986 0.649676561 0.264135957 0.633964717 0.251230836 0.643969893 0.223067224 0.577304721 0.618001163 0.571161211 0.647446811 0.560482979 0.639046252 0.566001713 0.609161615 0.671715796 0.209413648 0.659715056 0.236339986 0.643969893 0.223067224 0.656148136 0.195776582 0.583036304 0.588386476 0.577304721 0.618001163 0.566001713 0.609161615 0.571174741 0.579148471 0.68641746 0.183733463 0.671715796 0.209413648 0.656148136 0.195776582 0.671391904 0.169768274 0.588481903 0.558655024 0.583036304 0.588386476 0.571174741 0.579148471 0.576114357 0.54904902 0.70483923 0.159877539 0.68641746 0.183733463 0.671391904 0.169768274 0.69098103 0.145696521 0.593747675 0.528850317 0.588481903 0.558655024 0.576114357 0.54904902 0.580915987 0.518898427 0.72828275 0.138737261 0.70483923 0.159877539 0.69098103 0.145696521 0.716603994 0.124613762 0.598927796 0.499010801 0.593747675 0.528850317 0.580915987 0.518898427 0.585665762 0.488728881 0.758057654 0.121636868 0.72828275 0.138737261 0.716603994 0.124613762 0.749935508 0.108139098 0.604110777 0.469172478 0.598927796 0.499010801 0.585665762 0.488728881 0.590446353 0.4585706 0.494034916 0.838613212 0.47096777 0.859969199 0.491910189 0.836534023 0.794539511 0.110318959 0.758057654 0.121636868 0.749935508 0.108139098 0.791088283 0.0984005928 0.60938549 0.439371407 0.604110777 0.469172478 0.590446353 0.4585706 0.595342457 0.428454995 0.512172341 0.814612865 0.494034916 0.838613212 0.491910189 0.836534023 0.508114517 0.810940921 0.835629821 0.106485844 0.794539511 0.110318959 0.791088283 0.0984005928 0.836362302 0.0972523689 0.614846587 0.409646213 0.60938549 0.439371407 0.595342457 0.428454995 0.600446701 0.3984164 0.52666688 0.78883487 0.512172341 0.814612865 0.508114517 0.810940921 0.520969987 0.783928275 0.876542509 0.110853314 0.835629821 0.106485844 0.836362302 0.0972523689 0.879083335 0.104952514 0.620601296 0.380041003 0.614846587 0.409646213 0.600446701 0.3984164 0.605866194 0.368494868 0.538517475 0.761841118 0.52666688 0.78883487 0.520969987 0.783928275 0.531457484 0.755956054 0.912610054 0.122612119 0.876542509 0.110853314 0.879083335 0.104952514 0.914498329 0.119935274 0.626777232 0.350608706 0.620601296 0.380041003 0.605866194 0.368494868 0.611731529 0.338739634 0.554480374 0.668750048 0.547815681 0.698204756 0.538618863 0.691619813 0.544472635 0.661645651 0.633964717 0.251230836 0.625519633 0.28000474 0.60927707 0.268232763 0.617425382 0.239037097 0.560482979 0.639046252 0.554480374 0.668750048 0.544472635 0.661645651 0.549763918 0.631483793 0.643969893 0.223067224 0.633964717 0.251230836 0.617425382 0.239037097 0.627236068 0.21041882 0.566001713 0.609161615 0.560482979 0.639046252 0.549763918 0.631483793 0.554647923 0.601186693 0.656148136 0.195776582 0.643969893 0.223067224 0.627236068 0.21041882 0.639418125 0.182645202 0.571174741 0.579148471 0.566001713 0.609161615 0.554647923 0.601186693 0.559245646 0.57079494 0.671391904 0.169768274 0.656148136 0.195776582 0.639418125 0.182645202 0.655050635 0.156149805 0.576114357 0.54904902 0.571174741 0.579148471 0.559245646 0.57079494 0.563655853 0.540341318 0.69098103 0.145696521 0.671391904 0.169768274 0.655050635 0.156149805 0.675763249 0.131660163 0.580915987 0.518898427 0.576114357 0.54904902 0.563655853 0.540341318 0.567963541 0.509853899 0.716603994 0.124613762 0.69098103 0.145696521 0.675763249 0.131660163 0.703824818 0.110414267 0.585665762 0.488728881 0.580915987 0.518898427 0.567963541 0.509853899 0.572246611 0.479358554 0.749935508 0.108139098 0.716603994 0.124613762 0.703824818 0.110414267 0.741521537 0.0944179296 0.590446353 0.4585706 0.585665762 0.488728881 0.572246611 0.479358554 0.576581478 0.448880076 0.491910189 0.836534023 0.47096777 0.859969199 0.489655346 0.83466053 0.791088283 0.0984005928 0.749935508 0.108139098 0.741521537 0.0944179296 0.788531661 0.0863282681 0.595342457 0.428454995 0.590446353 0.4585706 0.576581478 0.448880076 0.581047714 0.418444872 0.508114517 0.810940921 0.491910189 0.836534023 0.489655346 0.83466053 0.503913403 0.80764854 0.836362302 0.0972523689 0.791088283 0.0984005928 0.788531661 0.0863282681 0.838566422 0.0881230235 0.600446701 0.3984164 0.595342457 0.428454995 0.581047714 0.418444872 0.585734487 0.388082564 0.520969987 0.783928275 0.508114517 0.810940921 0.503913403 0.80764854 0.515155852 0.779537201 0.879083335 0.104952514 0.836362302 0.0972523689 0.838566422 0.0881230235 0.88265878 0.0993158817 0.605866194 0.368494868 0.600446701 0.3984164 0.585734487 0.388082564 0.590747178 0.3578282 0.531457484 0.755956054 0.520969987 0.783928275 0.515155852 0.779537201 0.524311781 0.750690162 0.914498329 0.119935274 0.879083335 0.104952514 0.88265878 0.0993158817 0.916763663 0.117452025 0.611731529 0.338739634 0.605866194 0.368494868 0.590747178 0.3578282 0.596217513 0.327725947 0.540250838 0.727317214 0.531457484 0.755956054 0.524311781 0.750690162 0.5319947 0.721334875 0.941935599 0.140030622 0.914498329 0.119935274 0.916763663 0.117452025 0.618209124 0.309214354 0.611731529 0.338739634 0.596217513 0.327725947 0.602316678 0.297834039 0.547815681 0.698204756 0.540250838 0.727317214 0.5319947 0.721334875 0.538618863 0.691619813 0.625519633 0.28000474 0.618209124 0.309214354 0.602316678 0.297834039 0.60927707 0.268232763 0.554647923 0.601186693 0.549763918 0.631483793 0.538998723 0.624801636 0.54323715 0.594126463 0.639418125 0.182645202 0.627236068 0.21041882 0.609377325 0.198598087 0.621312797 0.170229554 0.559245646 0.57079494 0.554647923 0.601186693 0.54323715 0.594126463 0.547242343 0.563383996 0.655050635 0.156149805 0.639418125 0.182645202 0.621312797 0.170229554 0.637070656 0.143080831 0.563655853 0.540341318 0.559245646 0.57079494 0.547242343 0.563383996 0.551099598 0.532599151 0.675763249 0.131660163 0.655050635 0.156149805 0.637070656 0.143080831 0.658738852 0.117937744 0.567963541 0.509853899 0.563655853 0.540341318 0.551099598 0.532599151 0.554883838 0.501793265 0.703824818 0.110414267 0.675763249 0.131660163 0.658738852 0.117937744 0.689470112 0.0962405205 0.572246611 0.479358554 0.567963541 0.509853899 0.554883838 0.501793265 0.558663964 0.470986187 0.741521537 0.0944179296 0.703824818 0.110414267 0.689470112 0.0962405205 0.732646167 0.0805079341 0.576581478 0.448880076 0.572246611 0.479358554 0.558663964 0.470986187 0.562509179 0.440197825 0.489655346 0.83466053 0.47096777 0.859969199 0.487287432 0.833004475 0.788531661 0.0863282681 0.741521537 0.0944179296 0.732646167 0.0805079341 0.787244081 0.0741589069 0.581047714 0.418444872 0.576581478 0.448880076 0.562509179 0.440197825 0.566492975 0.409449279 0.503913403 0.80764854 0.489655346 0.83466053 0.487287432 0.833004475 0.499589413 0.804750621 0.838566422 0.0881230235 0.788531661 0.0863282681 0.787244081 0.0741589069 0.842645764 0.079221189 0.585734487 0.388082564 0.581047714 0.418444872 0.566492975 0.409449279 0.570699275 0.378764868 0.515155852 0.779537201 0.503913403 0.80764854 0.499589413 0.804750621 0.509240448 0.775678098 0.88265878 0.0993158817 0.838566422 0.0881230235 0.842645764 0.079221189 0.887366593 0.0940411091 0.590747178 0.3578282 0.585734487 0.388082564 0.570699275 0.378764868 0.575229645 0.348173857 0.524311781 0.750690162 0.515155852 0.779537201 0.509240448 0.775678098 0.517090082 0.746062398 0.916763663 0.117452025 0.88265878 0.0993158817 0.887366593 0.0940411091 0.91939491 0.115197778 0.596217513 0.327725947 0.590747178 0.3578282 0.575229645 0.348173857 0.580212951 0.317714095 0.5319947 0.721334875 0.524311781 0.750690162 0.517090082 0.746062398 0.523682058 0.716073394 0.941935599 0.140030622 0.916763663 0.117452025 0.91939491 0.115197778 0.602316678 0.297834039 0.596217513 0.327725947 0.580212951 0.317714095 0.585821033 0.287436366 0.538618863 0.691619813 0.5319947 0.721334875 0.523682058 0.716073394 0.529376805 0.685820878 0.60927707 0.268232763 0.602316678 0.297834039 0.585821033 0.287436366 0.592292607 0.257411838 0.544472635 0.661645651 0.538618863 0.691619813 0.529376805 0.685820878 0.534422994 0.655379474 0.617425382 0.239037097 0.60927707 0.268232763 0.592292607 0.257411838 0.599972367 0.227745414 0.549763918 0.631483793 0.544472635 0.661645651 0.534422994 0.655379474 0.538998723 0.624801636 0.627236068 0.21041882 0.617425382 0.239037097 0.599972367 0.227745414 0.609377325 0.198598087 0.551099598 0.532599151 0.547242343 0.563383996 0.535163164 0.556969285 0.538445175 0.525884509 0.658738852 0.117937744 0.637070656 0.143080831 0.61707896 0.130818129 0.639309168 0.104760051 0.554883838 0.501793265 0.551099598 0.532599151 0.538445175 0.525884509 0.541677177 0.494787574 0.689470112 0.0962405205 0.658738852 0.117937744 0.639309168 0.104760051 0.672798693 0.0822375417 0.558663964 0.470986187 0.554883838 0.501793265 0.541677177 0.494787574 0.544919193 0.463693142 0.732646167 0.0805079341 0.689470112 0.0962405205 0.672798693 0.0822375417 0.723016441 0.0664470792 0.562509179 0.440197825 0.558663964 0.470986187 0.544919193 0.463693142 0.5482319 0.432615757 0.487287432 0.833004475 0.47096777 0.859969199 0.484823078 0.831576288 0.787244081 0.0741589069 0.732646167 0.0805079341 0.723016441 0.0664470792 0.787853479 0.0619696379 0.566492975 0.409449279 0.562509179 0.440197825 0.5482319 0.432615757 0.551681221 0.401571691 0.499589413 0.804750621 0.487287432 0.833004475 0.484823078 0.831576288 0.495161712 0.802260041 0.842645764 0.079221189 0.787244081 0.0741589069 0.787853479 0.0619696379 0.849122047 0.0707113743 0.570699275 0.378764868 0.566492975 0.409449279 0.551681221 0.401571691 0.555343747 0.37057972 0.509240448 0.775678098 0.499589413 0.804750621 0.495161712 0.802260041 0.503239036 0.772365391 0.887366593 0.0940411091 0.842645764 0.079221189 0.849122047 0.0707113743 0.89328301 0.0892367363 0.575229645 0.348173857 0.570699275 0.378764868 0.555343747 0.37057972 0.559313655 0.33966279 0.517090082 0.746062398 0.509240448 0.775678098 0.503239036 0.772365391 0.509802282 0.742089987 0.91939491 0.115197778 0.887366593 0.0940411091 0.89328301 0.0892367363 0.922371268 0.113206446 0.580212951 0.317714095 0.575229645 0.348173857 0.559313655 0.33966279 0.563713133 0.308851182 0.523682058 0.716073394 0.517090082 0.746062398 0.509802282 0.742089987 0.515318096 0.711553752 0.941935599 0.140030622 0.91939491 0.115197778 0.922371268 0.113206446 0.585821033 0.287436366 0.580212951 0.317714095 0.563713133 0.308851182 0.568708241 0.278186262 0.529376805 0.685820878 0.523682058 0.716073394 0.515318096 0.711553752 0.520091414 0.680833936 0.592292607 0.257411838 0.585821033 0.287436366 0.568708241 0.278186262 0.574534893 0.247727156 0.534422994 0.655379474 0.529376805 0.685820878 0.520091414 0.680833936 0.524330974 0.649983287 0.599972367 0.227745414 0.592292607 0.257411838 0.574534893 0.247727156 0.581543028 0.217563093 0.538998723 0.624801636 0.534422994 0.655379474 0.524330974 0.649983287 0.528185904 0.619038224 0.609377325 0.198598087 0.599972367 0.227745414 0.581543028 0.217563093 0.590276062 0.187835038 0.54323715 0.594126463 0.538998723 0.624801636 0.528185904 0.619038224 0.531767488 0.588026464 0.621312797 0.170229554 0.609377325 0.198598087 0.590276062 0.187835038 0.601618648 0.158779204 0.547242343 0.563383996 0.54323715 0.594126463 0.531767488 0.588026464 0.535163164 0.556969285 0.637070656 0.143080831 0.621312797 0.170229554 0.601618648 0.158779204 0.61707896 0.130818129 0.544919193 0.463693142 0.541677177 0.494787574 0.528350651 0.488901496 0.531021595 0.457553208 0.723016441 0.0664470792 0.672798693 0.0822375417 0.652614474 0.0686300993 0.712076187 0.0522815585 0.5482319 0.432615757 0.544919193 0.463693142 0.531021595 0.457553208 0.533761561 0.42621851 0.484823078 0.831576288 0.47096777 0.859969199 0.482278526 0.830384552 0.787853479 0.0619696379 0.723016441 0.0664470792 0.712076187 0.0522815585 0.791482747 0.0498788357 0.551681221 0.401571691 0.5482319 0.432615757 0.533761561 0.42621851 0.536626875 0.394908726 0.495161712 0.802260041 0.484823078 0.831576288 0.482278526 0.830384552 0.490648538 0.800187767 0.849122047 0.0707113743 0.787853479 0.0619696379 0.791482747 0.0498788357 0.858635783 0.0628162622 0.555343747 0.37057972 0.551681221 0.401571691 0.536626875 0.394908726 0.539684296 0.36363709 0.503239036 0.772365391 0.495161712 0.802260041 0.490648538 0.800187767 0.497166365 0.769611776 0.89328301 0.0892367363 0.849122047 0.0707113743 0.858635783 0.0628162622 0.900441587 0.0850198865 0.559313655 0.33966279 0.555343747 0.37057972 0.539684296 0.36363709 0.543017149 0.33242029 0.509802282 0.742089987 0.503239036 0.772365391 0.497166365 0.769611776 0.502458572 0.738787711 0.922371268 0.113206446 0.89328301 0.0892367363 0.900441587 0.0850198865 0.925661623 0.11150986 0.563713133 0.308851182 0.559313655 0.33966279 0.543017149 0.33242029 0.546735585 0.30128026 0.515318096 0.711553752 0.509802282 0.742089987 0.502458572 0.738787711 0.506909192 0.707794249 0.941935599 0.140030622 0.922371268 0.113206446 0.925661623 0.11150986 0.568708241 0.278186262 0.563713133 0.308851182 0.546735585 0.30128026 0.550991476 0.270247877 0.520091414 0.680833936 0.515318096 0.711553752 0.506909192 0.707794249 0.510766327 0.676681936 0.574534893 0.247727156 0.568708241 0.278186262 0.550991476 0.270247877 0.556005776 0.239367723 0.524330974 0.649983287 0.520091414 0.680833936 0.510766327 0.676681936 0.514198959 0.645485103 0.581543028 0.217563093 0.574534893 0.247727156 0.556005776 0.239367723 0.562114596 0.208708704 0.528185904 0.619038224 0.524330974 0.649983287 0.514198959 0.645485103 0.517327249 0.614227533 0.590276062 0.187835038 0.581543028 0.217563093 0.562114596 0.208708704 0.569857776 0.178383112 0.531767488 0.588026464 0.528185904 0.619038224 0.517327249 0.614227533 0.520241201 0.582927406 0.601618648 0.158779204 0.590276062 0.187835038 0.569857776 0.178383112 0.580155373 0.148585975 0.535163164 0.556969285 0.531767488 0.588026464 0.520241201 0.582927406 0.523011565 0.551598787 0.61707896 0.130818129 0.601618648 0.158779204 0.580155373 0.148585975 0.594683409 0.119686306 0.538445175 0.525884509 0.535163164 0.556969285 0.523011565 0.551598787 0.525697172 0.52025336 0.639309168 0.104760051 0.61707896 0.130818129 0.594683409 0.119686306 0.61669749 0.0924502611 0.541677177 0.494787574 0.538445175 0.525884509 0.525697172 0.52025336 0.528350651 0.488901496 0.672798693 0.0822375417 0.639309168 0.104760051 0.61669749 0.0924502611 0.652614474 0.0686300993 0.536626875 0.394908726 0.533761561 0.42621851 0.519119561 0.421080947 0.521356344 0.389546454 0.490648538 0.800187767 0.482278526 0.830384552 0.479669511 0.829436421 0.486067086 0.798542857 0.858635783 0.0628162622 0.791482747 0.0498788357 0.800293505 0.0380961895 0.871882617 0.0558360219 0.539684296 0.36363709 0.536626875 0.394908726 0.521356344 0.389546454 0.523752809 0.358036339 0.497166365 0.769611776 0.490648538 0.800187767 0.486067086 0.798542857 0.491036385 0.767427623 0.900441587 0.0850198865 0.858635783 0.0628162622 0.871882617 0.0558360219 0.908808231 0.0815115571 0.543017149 0.33242029 0.539684296 0.36363709 0.523752809 0.358036339 0.526377618 0.326561093 0.502458572 0.738787711 0.497166365 0.769611776 0.491036385 0.767427623 0.495069236 0.736168265 0.925661623 0.11150986 0.900441587 0.0850198865 0.908808231 0.0815115571 0.929224014 0.110136449 0.546735585 0.30128026 0.543017149 0.33242029 0.526377618 0.326561093 0.529322684 0.295134783 0.506909192 0.707794249 0.502458572 0.738787711 0.495069236 0.736168265 0.498462617 0.70481056 0.941935599 0.140030622 0.925661623 0.11150986 0.929224014 0.110136449 0.550991476 0.270247877 0.546735585 0.30128026 0.529322684 0.295134783 0.532717049 0.263777256 0.510766327 0.676681936 0.506909192 0.707794249 0.498462617 0.70481056 0.501407027 0.67338413 0.556005776 0.239367723 0.550991476 0.270247877 0.532717049 0.263777256 0.536751211 0.232517958 0.514198959 0.645485103 0.510766327 0.676681936 0.501407027 0.67338413 0.50403142 0.641908824 0.562114596 0.208708704 0.556005776 0.239367723 0.536751211 0.232517958 0.541722476 0.201403141 0.517327249 0.614227533 0.514198959 0.645485103 0.50403142 0.641908824 0.506427526 0.61039865 0.569857776 0.178383112 0.562114596 0.208708704 0.541722476 0.201403141 0.548123181 0.170510054 0.520241201 0.582927406 0.517327249 0.614227533 0.506427526 0.61039865 0.508664072 0.578864217 0.580155373 0.148585975 0.569857776 0.178383112 0.548123181 0.170510054 0.556829989 0.139978051 0.523011565 0.551598787 0.520241201 0.582927406 0.508664072 0.578864217 0.510795176 0.547313571 0.594683409 0.119686306 0.580155373 0.148585975 0.556829989 0.139978051 0.569550812 0.110085368 0.525697172 0.52025336 0.523011565 0.551598787 0.510795176 0.547313571 0.51286608 0.515753925 0.61669749 0.0924502611 0.594683409 0.119686306 0.569550812 0.110085368 0.589985549 0.0814636946 0.528350651 0.488901496 0.525697172 0.52025336 0.51286608 0.515753925 0.514917374 0.484191179 0.652614474 0.0686300993 0.61669749 0.0924502611 0.589985549 0.0814636946 0.626952827 0.0557961464 0.531021595 0.457553208 0.528350651 0.488901496 0.514917374 0.484191179 0.516988397 0.452631474 0.712076187 0.0522815585 0.652614474 0.0686300993 0.626952827 0.0557961464 0.698617876 0.0380779505 0.533761561 0.42621851 0.531021595 0.457553208 0.516988397 0.452631474 0.519119561 0.421080947 0.482278526 0.830384552 0.47096777 0.859969199 0.479669511 0.829436421 0.791482747 0.0498788357 0.712076187 0.0522815585 0.698617876 0.0380779505 0.800293505 0.0380961895 0.526377618 0.326561093 0.523752809 0.358036339 0.507595837 0.353862166 0.509451985 0.322184324 0.495069236 0.736168265 0.491036385 0.767427623 0.484862924 0.765821397 0.487644792 0.734241784 0.929224014 0.110136449 0.908808231 0.0815115571 0.918255746 0.078828454 0.933006167 0.109110355 0.529322684 0.295134783 0.526377618 0.326561093 0.509451985 0.322184324 0.511543691 0.290531397 0.498462617 0.70481056 0.495069236 0.736168265 0.487644792 0.734241784 0.489986479 0.702615321 0.941935599 0.140030622 0.929224014 0.110136449 0.933006167 0.109110355 0.532717049 0.263777256 0.529322684 0.295134783 0.511543691 0.290531397 0.513967633 0.258913755 0.501407027 0.67338413 0.498462617 0.70481056 0.489986479 0.702615321 0.49202013 0.670956075 0.536751211 0.232517958 0.532717049 0.263777256 0.513967633 0.258913755 0.516868472 0.227346599 0.50403142 0.641908824 0.501407027 0.67338413 0.49202013 0.670956075 0.493834913 0.639274001 0.541722476 0.201403141 0.536751211 0.232517958 0.516868472 0.227346599 0.52047652 0.195854604 0.506427526 0.61039865 0.50403142 0.641908824 0.493834913 0.639274001 0.495494008 0.607575357 0.548123181 0.170510054 0.541722476 0.201403141 0.52047652 0.195854604 0.525182724 0.164479792 0.508664072 0.578864217 0.506427526 0.61039865 0.495494008 0.607575357 0.497044981 0.575865209 0.556829989 0.139978051 0.548123181 0.170510054 0.525182724 0.164479792 0.531710505 0.133300126 0.510795176 0.547313571 0.508664072 0.578864217 0.497044981 0.575865209 0.498525292 0.54414767 0.569550812 0.110085368 0.556829989 0.139978051 0.531710505 0.133300126 0.541556418 0.102479398 0.51286608 0.515753925 0.510795176 0.547313571 0.498525292 0.54414767 0.499966383 0.512425959 0.589985549 0.0814636946 0.569550812 0.110085368 0.541556418 0.102479398 0.55832845 0.0724226832 0.514917374 0.484191179 0.51286608 0.515753925 0.499966383 0.512425959 0.501396716 0.480703115 0.626952827 0.0557961464 0.589985549 0.0814636946 0.55832845 0.0724226832 0.592705548 0.0444128513 0.516988397 0.452631474 0.514917374 0.484191179 0.501396716 0.480703115 0.502843797 0.448982 0.698617876 0.0380779505 0.626952827 0.0557961464 0.592705548 0.0444128513 0.679451585 0.0239668489 0.519119561 0.421080947 0.516988397 0.452631474 0.502843797 0.448982 0.504336536 0.417265773 0.479669511 0.829436421 0.47096777 0.859969199 0.477011561 0.828737617 0.800293505 0.0380961895 0.698617876 0.0380779505 0.679451585 0.0239668489 0.818755627 0.0270571709 0.521356344 0.389546454 0.519119561 0.421080947 0.504336536 0.417265773 0.505907536 0.385557771 0.486067086 0.798542857 0.479669511 0.829436421 0.477011561 0.828737617 0.481434017 0.797332466 0.871882617 0.0558360219 0.800293505 0.0380961895 0.818755627 0.0270571709 0.889400482 0.0501585007 0.523752809 0.358036339 0.521356344 0.389546454 0.505907536 0.385557771 0.507595837 0.353862166 0.491036385 0.767427623 0.486067086 0.798542857 0.481434017 0.797332466 0.484862924 0.765821397 0.908808231 0.0815115571 0.871882617 0.0558360219 0.889400482 0.0501585007 0.918255746 0.078828454 0.513967633 0.258913755 0.511543691 0.290531397 0.493492484 0.287563264 0.494861722 0.255769849 0.49202013 0.670956075 0.489986479 0.702615321 0.481489539 0.701217711 0.482613593 0.669409811 0.516868472 0.227346599 0.513967633 0.258913755 0.494861722 0.255769849 0.496508032 0.223992586 0.493834913 0.639274001 0.49202013 0.670956075 0.482613593 0.669409811 0.483617306 0.637594998 0.52047652 0.195854604 0.516868472 0.227346599 0.496508032 0.223992586 0.498568743 0.192239702 0.495494008 0.607575357 0.493834913 0.639274001 0.483617306 0.637594998 0.484535903 0.605775177 0.525182724 0.164479792 0.52047652 0.195854604 0.498568743 0.192239702 0.501281023 0.160525084 0.497044981 0.575865209 0.495494008 0.607575357 0.484535903 0.605775177 0.485395402 0.5739519 0.531710505 0.133300126 0.525182724 0.164479792 0.501281023 0.160525084 0.505096018 0.128875256 0.498525292 0.54414767 0.497044981 0.575865209 0.485395402 0.5739519 0.486216545 0.542126238 0.541556418 0.102479398 0.531710505 0.133300126 0.505096018 0.128875256 0.510989428 0.097348094 0.499966383 0.512425959 0.498525292 0.54414767 0.486216545 0.542126238 0.487016886 0.510299623 0.55832845 0.0724226832 0.541556418 0.102479398 0.510989428 0.097348094 0.521523416 0.0660965443 0.501396716 0.480703115 0.499966383 0.512425959 0.487016886 0.510299623 0.487812281 0.478472471 0.592705548 0.0444128513 0.55832845 0.0724226832 0.521523416 0.0660965443 0.546000063 0.0356906652 0.502843797 0.448982 0.501396716 0.480703115 0.487812281 0.478472471 0.488618106 0.446646035 0.679451585 0.0239668489 0.592705548 0.0444128513 0.546000063 0.0356906652 0.642989755 0.0103632808 0.504336536 0.417265773 0.502843797 0.448982 0.488618106 0.446646035 0.489450663 0.414821148 0.477011561 0.828737617 0.47096777 0.859969199 0.474320024 0.828292251 0.818755627 0.0270571709 0.679451585 0.0239668489 0.642989755 0.0103632808 0.856022358 0.0178037286 0.505907536 0.385557771 0.504336536 0.417265773 0.489450663 0.414821148 0.490328282 0.382998884 0.481434017 0.797332466 0.477011561 0.828737617 0.474320024 0.828292251 0.476765543 0.796561897 0.889400482 0.0501585007 0.818755627 0.0270571709 0.856022358 0.0178037286 0.911129534 0.0462338328 0.507595837 0.353862166 0.505907536 0.385557771 0.490328282 0.382998884 0.491273582 0.351180613 0.484862924 0.765821397 0.481434017 0.797332466 0.476765543 0.796561897 0.4786596 0.764799237 0.918255746 0.078828454 0.889400482 0.0501585007 0.911129534 0.0462338328 0.928549051 0.0770712495 0.509451985 0.322184324 0.507595837 0.353862166 0.491273582 0.351180613 0.492315233 0.319368005 0.487644792 0.734241784 0.484862924 0.765821397 0.4786596 0.764799237 0.48019591 0.733015597 0.933006167 0.109110355 0.918255746 0.078828454 0.928549051 0.0770712495 0.93694669 0.108450055 0.511543691 0.290531397 0.509451985 0.322184324 0.492315233 0.319368005 0.493492484 0.287563264 0.489986479 0.702615321 0.487644792 0.734241784 0.48019591 0.733015597 0.481489539 0.701217711 0.941935599 0.140030622 0.933006167 0.109110355 0.93694669 0.108450055 0.498568743 0.192239702 0.496508032 0.223992586 0.475866556 0.222552419 0.476266295 0.190683246 0.484535903 0.605775177 0.483617306 0.637594998 0.473387927 0.636881292 0.473563671 0.605009615 0.501281023 0.160525084 0.498568743 0.192239702 0.476266295 0.190683246 0.47679463 0.158815622 0.485395402 0.5739519 0.484535903 0.605775177 0.473563671 0.605009615 0.473728269 0.573137939 0.505096018 0.128875256 0.501281023 0.160525084 0.47679463 0.158815622 0.47754246 0.126950383 0.486216545 0.542126238 0.485395402 0.5739519 0.473728269 0.573137939 0.473885536 0.541266084 0.510989428 0.097348094 0.505096018 0.128875256 0.47754246 0.126950383 0.478710651 0.0950899124 0.487016886 0.510299623 0.486216545 0.542126238 0.473885536 0.541266084 0.474038929 0.509394288 0.521523416 0.0660965443 0.510989428 0.097348094 0.478710651 0.0950899124 0.480849445 0.0632402897 0.487812281 0.478472471 0.487016886 0.510299623 0.474038929 0.509394288 0.474191457 0.477522373 0.546000063 0.0356906652 0.521523416 0.0660965443 0.480849445 0.0632402897 0.486198038 0.031426847 0.488618106 0.446646035 0.487812281 0.478472471 0.474191457 0.477522373 0.474346071 0.445650458 0.642989755 0.0103632808 0.546000063 0.0356906652 0.486198038 0.031426847 0.525563896 0 0.489450663 0.414821148 0.488618106 0.446646035 0.474346071 0.445650458 0.474505872 0.413778663 0.474320024 0.828292251 0.47096777 0.859969199 0.471609861 0.828102887 0.856022358 0.0178037286 0.642989755 0.0103632808 0.525563896 0 0.922841966 0.0127507448 0.490328282 0.382998884 0.489450663 0.414821148 0.474505872 0.413778663 0.474674523 0.381906986 0.476765543 0.796561897 0.474320024 0.828292251 0.471609861 0.828102887 0.472077638 0.796234548 0.911129534 0.0462338328 0.856022358 0.0178037286 0.922841966 0.0127507448 0.935881853 0.0444777608 0.491273582 0.351180613 0.490328282 0.382998884 0.474674523 0.381906986 0.474856257 0.350035429 0.4786596 0.764799237 0.476765543 0.796561897 0.472077638 0.796234548 0.472439766 0.764365017 0.928549051 0.0770712495 0.911129534 0.0462338328 0.935881853 0.0444777608 0.939350307 0.0763124228 0.492315233 0.319368005 0.491273582 0.351180613 0.474856257 0.350035429 0.475056738 0.31816411 0.48019591 0.733015597 0.4786596 0.764799237 0.472439766 0.764365017 0.472733527 0.732494712 0.93694669 0.108450055 0.928549051 0.0770712495 0.939350307 0.0763124228 0.940977037 0.108167768 0.493492484 0.287563264 0.492315233 0.319368005 0.475056738 0.31816411 0.475283682 0.28629303 0.481489539 0.701217711 0.48019591 0.733015597 0.472733527 0.732494712 0.472980887 0.70062387 0.941935599 0.140030622 0.93694669 0.108450055 0.940977037 0.108167768 0.494861722 0.255769849 0.493492484 0.287563264 0.475283682 0.28629303 0.475548059 0.254422426 0.482613593 0.669409811 0.481489539 0.701217711 0.472980887 0.70062387 0.473195851 0.668752611 0.496508032 0.223992586 0.494861722 0.255769849 0.475548059 0.254422426 0.475866556 0.222552419 0.483617306 0.637594998 0.482613593 0.669409811 0.473195851 0.668752611 0.473387927 0.636881292 0.47754246 0.126950383 0.47679463 0.158815622 0.452191502 0.159429431 0.449798733 0.127642453 0.473885536 0.541266084 0.473728269 0.573137939 0.46205771 0.573429286 0.461550206 0.541574001 0.478710651 0.0950899124 0.47754246 0.126950383 0.449798733 0.127642453 0.446075857 0.0959037542 0.474038929 0.509394288 0.473885536 0.541266084 0.461550206 0.541574001 0.461055368 0.509718359 0.480849445 0.0632402897 0.478710651 0.0950899124 0.446075857 0.0959037542 0.439320475 0.0642753243 0.474191457 0.477522373 0.474038929 0.509394288 0.461055368 0.509718359 0.460563481 0.477862537 0.486198038 0.031426847 0.480849445 0.0632402897 0.439320475 0.0642753243 0.422896534 0.0330017209 0.474346071 0.445650458 0.474191457 0.477522373 0.460563481 0.477862537 0.460064977 0.446007013 0.525563896 0 0.486198038 0.031426847 0.422896534 0.0330017209 0.33507064 0.00458353758 0.474505872 0.413778663 0.474346071 0.445650458 0.460064977 0.446007013 0.459549665 0.414152026 0.471609861 0.828102887 0.47096777 0.859969199 0.468896091 0.828170657 0.922841966 0.0127507448 0.525563896 0 0.33507064 0.00458353758 1 0.0146788955 0.474674523 0.381906986 0.474505872 0.413778663 0.459549665 0.414152026 0.459006131 0.382298052 0.472077638 0.796234548 0.471609861 0.828102887 0.468896091 0.828170657 0.467386037 0.796351612 0.935881853 0.0444777608 0.922841966 0.0127507448 1 0.0146788955 0.961286902 0.0451128483 0.474856257 0.350035429 0.474674523 0.381906986 0.459006131 0.382298052 0.458420455 0.350445688 0.472439766 0.764365017 0.472077638 0.796234548 0.467386037 0.796351612 0.466216803 0.764520407 0.939350307 0.0763124228 0.935881853 0.0444777608 0.961286902 0.0451128483 0.950252414 0.076584816 0.475056738 0.31816411 0.474856257 0.350035429 0.458420455 0.350445688 0.457774639 0.318595409 0.472733527 0.732494712 0.472439766 0.764365017 0.466216803 0.764520407 0.465268493 0.732681155 0.940977037 0.108167768 0.939350307 0.0763124228 0.950252414 0.076584816 0.945024848 0.108268917 0.475283682 0.28629303 0.475056738 0.31816411 0.457774639 0.318595409 0.457044125 0.28674829 0.472980887 0.70062387 0.472733527 0.732494712 0.465268493 0.732681155 0.464469939 0.70083648 0.941935599 0.140030622 0.940977037 0.108167768 0.945024848 0.108268917 0.475548059 0.254422426 0.475283682 0.28629303 0.457044125 0.28674829 0.456193686 0.254905403 0.473195851 0.668752611 0.472980887 0.70062387 0.464469939 0.70083648 0.463775963 0.66898787 0.475866556 0.222552419 0.475548059 0.254422426 0.456193686 0.254905403 0.455169708 0.223068833 0.473387927 0.636881292 0.473195851 0.668752611 0.463775963 0.66898787 0.463156104 0.637136698 0.476266295 0.190683246 0.475866556 0.222552419 0.455169708 0.223068833 0.453885794 0.191241682 0.473563671 0.605009615 0.473387927 0.636881292 0.463156104 0.637136698 0.462588698 0.605283618 0.47679463 0.158815622 0.476266295 0.190683246 0.453885794 0.191241682 0.452191502 0.159429431 0.473728269 0.573137939 0.473563671 0.605009615 0.462588698 0.605283618 0.46205771 0.573429286 0.439320475 0.0642753243 0.446075857 0.0959037542 0.414555967 0.0997160673 0.400409639 0.0690422058 0.460563481 0.477862537 0.461055368 0.509718359 0.448089659 0.511268914 0.446958303 0.479489565 0.422896534 0.0330017209 0.439320475 0.0642753243 0.400409639 0.0690422058 0.369567454 0.0398553014 0.460064977 0.446007013 0.460563481 0.477862537 0.446958303 0.479489565 0.445812792 0.447711349 0.33507064 0.00458353758 0.422896534 0.0330017209 0.369567454 0.0398553014 0.276034117 0.0174142122 0.459549665 0.414152026 0.460064977 0.446007013 0.445812792 0.447711349 0.444630146 0.415936291 0.468896091 0.828170657 0.47096777 0.859969199 0.466193885 0.828495145 0.0580644533 0.0146788955 0.33507064 0.00458353758 0.276034117 0.0174142122 0.108686358 0.0223514438 0.459006131 0.382298052 0.459549665 0.414152026 0.444630146 0.415936291 0.443384349 0.384166479 0.467386037 0.796351612 0.468896091 0.828170657 0.466193885 0.828495145 0.462706417 0.796912968 0.0193512924 0.0451128483 0.0580644533 0.0146788955 0.108686358 0.0223514438 0.0427401252 0.0480557084 0.458420455 0.350445688 0.459006131 0.382298052 0.443384349 0.384166479 0.44204396 0.352404475 0.466216803 0.764520407 0.467386037 0.796351612 0.462706417 0.796912968 0.460004032 0.765264809 0.00831677392 0.076584816 0.0193512924 0.0451128483 0.0427401252 0.0480557084 0.0188977849 0.0778765678 0.457774639 0.318595409 0.458420455 0.350445688 0.44204396 0.352404475 0.440568507 0.320653796 0.465268493 0.732681155 0.466216803 0.764520407 0.460004032 0.765264809 0.457811892 0.733574152 0.00308927405 0.108268917 0.00831677392 0.076584816 0.0188977849 0.0778765678 0.0070811417 0.108751476 0.457044125 0.28674829 0.457774639 0.318595409 0.440568507 0.320653796 0.438903213 0.288918972 0.464469939 0.70083648 0.465268493 0.732681155 0.457811892 0.733574152 0.455966294 0.701854348 0 0.140030622 0.00308927405 0.108268917 0.0070811417 0.108751476 0.456193686 0.254905403 0.457044125 0.28674829 0.438903213 0.288918972 0.436969608 0.257206619 0.463775963 0.66898787 0.464469939 0.70083648 0.455966294 0.701854348 0.454363018 0.670114279 0.455169708 0.223068833 0.456193686 0.254905403 0.436969608 0.257206619 0.434649557 0.225526512 0.463156104 0.637136698 0.463775963 0.66898787 0.454363018 0.670114279 0.452931702 0.638359964 0.453885794 0.191241682 0.455169708 0.223068833 0.434649557 0.225526512 0.431754202 0.193894625 0.462588698 0.605283618 0.463156104 0.637136698 0.452931702 0.638359964 0.451622486 0.606595457 0.452191502 0.159429431 0.453885794 0.191241682 0.431754202 0.193894625 0.427959353 0.162338197 0.46205771 0.573429286 0.462588698 0.605283618 0.451622486 0.606595457 0.450398058 0.574823856 0.449798733 0.127642453 0.452191502 0.159429431 0.427959353 0.162338197 0.422656298 0.130908728 0.461550206 0.541574001 0.46205771 0.573429286 0.450398058 0.574823856 0.449228734 0.543047667 0.446075857 0.0959037542 0.449798733 0.127642453 0.422656298 0.130908728 0.414555967 0.0997160673 0.461055368 0.509718359 0.461550206 0.541574001 0.449228734 0.543047667 0.448089659 0.511268914 0.276034117 0.0174142122 0.369567454 0.0398553014 0.329875112 0.0501721501 0.251315504 0.0313782692 0.444630146 0.415936291 0.445812792 0.447711349 0.431625754 0.450743794 0.429793298 0.419108152 0.466193885 0.828495145 0.47096777 0.859969199 0.463518113 0.829074562 0.108686358 0.0223514438 0.276034117 0.0174142122 0.251315504 0.0313782692 0.134530976 0.0327394605 0.443384349 0.384166479 0.444630146 0.415936291 0.429793298 0.419108152 0.427867383 0.38748467 0.462706417 0.796912968 0.466193885 0.828495145 0.463518113 0.829074562 0.458054602 0.797915816 0.0427401252 0.0480557084 0.108686358 0.0223514438 0.134530976 0.0327394605 0.0623158067 0.0529612899 0.44204396 0.352404475 0.443384349 0.384166479 0.427867383 0.38748467 0.425800622 0.355879545 0.460004032 0.765264809 0.462706417 0.796912968 0.458054602 0.797915816 0.453814775 0.766595483 0.0188977849 0.0778765678 0.0427401252 0.0480557084 0.0623158067 0.0529612899 0.0287813768 0.0801328421 0.440568507 0.320653796 0.44204396 0.352404475 0.425800622 0.355879545 0.423532665 0.324300647 0.457811892 0.733574152 0.460004032 0.765264809 0.453814775 0.766595483 0.450374544 0.735170066 0.0070811417 0.108751476 0.0188977849 0.0778765678 0.0287813768 0.0801328421 0.0109463288 0.109606564 0.438903213 0.288918972 0.440568507 0.320653796 0.423532665 0.324300647 0.420982331 0.292758763 0.455966294 0.701854348 0.457811892 0.733574152 0.450374544 0.735170066 0.447479188 0.703673244 0 0.140030622 0.0070811417 0.108751476 0.0109463288 0.109606564 0.436969608 0.257206619 0.438903213 0.288918972 0.420982331 0.292758763 0.418034732 0.261268795 0.454363018 0.670114279 0.455966294 0.701854348 0.447479188 0.703673244 0.44496578 0.672126293 0.434649557 0.225526512 0.436969608 0.257206619 0.418034732 0.261268795 0.414519072 0.229853272 0.452931702 0.638359964 0.454363018 0.670114279 0.44496578 0.672126293 0.442724198 0.640544176 0.431754202 0.193894625 0.434649557 0.225526512 0.414519072 0.229853272 0.410166293 0.19854784 0.451622486 0.606595457 0.452931702 0.638359964 0.442724198 0.640544176 0.440676093 0.608936608 0.427959353 0.162338197 0.431754202 0.193894625 0.410166293 0.19854784 0.404525191 0.167412579 0.450398058 0.574823856 0.451622486 0.606595457 0.440676093 0.608936608 0.438762993 0.577311456 0.422656298 0.130908728 0.427959353 0.162338197 0.404525191 0.167412579 0.396776319 0.136557817 0.449228734 0.543047667 0.450398058 0.574823856 0.438762993 0.577311456 0.436938524 0.545674741 0.414555967 0.0997160673 0.422656298 0.130908728 0.396776319 0.136557817 0.385275543 0.10620904 0.448089659 0.511268914 0.449228734 0.543047667 0.436938524 0.545674741 0.435163885 0.514031649 0.400409639 0.0690422058 0.414555967 0.0997160673 0.385275543 0.10620904 0.366271466 0.0769000053 0.446958303 0.479489565 0.448089659 0.511268914 0.435163885 0.514031649 0.433404177 0.48238647 0.369567454 0.0398553014 0.400409639 0.0690422058 0.366271466 0.0769000053 0.329875112 0.0501721501 0.445812792 0.447711349 0.446958303 0.479489565 0.433404177 0.48238647 0.431625754 0.450743794 0.458054602 0.797915816 0.463518113 0.829074562 0.460884064 0.829905331 0.453446686 0.799355865 0.0623158067 0.0529612899 0.134530976 0.0327394605 0.14712815 0.0442481637 0.0775395483 0.0593787432 0.425800622 0.355879545 0.427867383 0.38748467 0.412507117 0.392205358 0.409755826 0.360814929 0.453814775 0.766595483 0.458054602 0.797915816 0.453446686 0.799355865 0.447662562 0.768507183 0.0287813768 0.0801328421 0.0623158067 0.0529612899 0.0775395483 0.0593787432 0.0376815684 0.0832647085 0.423532665 0.324300647 0.425800622 0.355879545 0.409755826 0.360814929 0.406749457 0.32946986 0.450374544 0.735170066 0.453814775 0.766595483 0.447662562 0.768507183 0.442967236 0.737462878 0.0109463288 0.109606564 0.0287813768 0.0801328421 0.0376815684 0.0832647085 0.0146198021 0.110818326 0.420982331 0.292758763 0.423532665 0.324300647 0.406749457 0.32946986 0.403386027 0.29818809 0.447479188 0.703673244 0.450374544 0.735170066 0.442967236 0.737462878 0.439017564 0.706285357 0 0.140030622 0.0109463288 0.109606564 0.0146198021 0.110818326 0.418034732 0.261268795 0.420982331 0.292758763 0.403386027 0.29818809 0.39952299 0.266995192 0.44496578 0.672126293 0.447479188 0.703673244 0.439017564 0.706285357 0.435592532 0.675014436 0.414519072 0.229853272 0.418034732 0.261268795 0.39952299 0.266995192 0.39495188 0.235928655 0.442724198 0.640544176 0.44496578 0.672126293 0.435592532 0.675014436 0.432542026 0.643677235 0.410166293 0.19854784 0.414519072 0.229853272 0.39495188 0.235928655 0.389351606 0.205046773 0.440676093 0.608936608 0.442724198 0.640544176 0.432542026 0.643677235 0.429759383 0.612292409 0.404525191 0.167412579 0.410166293 0.19854784 0.389351606 0.205046773 0.382198632 0.174445629 0.438762993 0.577311456 0.440676093 0.608936608 0.429759383 0.612292409 0.427164763 0.580874443 0.396776319 0.136557817 0.404525191 0.167412579 0.382198632 0.174445629 0.372581095 0.144295573 0.436938524 0.545674741 0.438762993 0.577311456 0.427164763 0.580874443 0.424695224 0.549434245 0.385275543 0.10620904 0.396776319 0.136557817 0.372581095 0.144295573 0.358784497 0.114926875 0.435163885 0.514031649 0.436938524 0.545674741 0.424695224 0.549434245 0.422298193 0.517981291 0.366271466 0.0769000053 0.385275543 0.10620904 0.358784497 0.114926875 0.337304503 0.087054491 0.433404177 0.48238647 0.435163885 0.514031649 0.422298193 0.517981291 0.419926912 0.486523807 0.329875112 0.0501721501 0.366271466 0.0769000053 0.337304503 0.087054491 0.30061692 0.062430799 0.431625754 0.450743794 0.433404177 0.48238647 0.419926912 0.486523807 0.417536438 0.455069661 0.251315504 0.0313782692 0.329875112 0.0501721501 0.30061692 0.062430799 0.23579137 0.0455621481 0.429793298 0.419108152 0.431625754 0.450743794 0.417536438 0.455069661 0.415080309 0.423627138 0.463518113 0.829074562 0.47096777 0.859969199 0.460884064 0.829905331 0.134530976 0.0327394605 0.251315504 0.0313782692 0.23579137 0.0455621481 0.14712815 0.0442481637 0.427867383 0.38748467 0.429793298 0.419108152 0.415080309 0.423627138 0.412507117 0.392205358 0.442967236 0.737462878 0.447662562 0.768507183 0.441561013 0.770992577 0.435600638 0.740443528 0.0146198021 0.110818326 0.0376815684 0.0832647085 0.0454210155 0.0871614218 0.0180447288 0.112365365 0.403386027 0.29818809 0.406749457 0.32946986 0.390284866 0.336071491 0.38619563 0.305100501 0.439017564 0.706285357 0.442967236 0.737462878 0.435600638 0.740443528 0.430589885 0.709679723 0 0.140030622 0.0146198021 0.110818326 0.0180447288 0.112365365 0.39952299 0.266995192 0.403386027 0.29818809 0.38619563 0.305100501 0.381534427 0.274257898 0.435592532 0.675014436 0.439017564 0.706285357 0.430589885 0.709679723 0.426250458 0.678764582 0.39495188 0.235928655 0.39952299 0.266995192 0.381534427 0.274257898 0.376070887 0.243596256 0.432542026 0.643677235 0.435592532 0.675014436 0.426250458 0.678764582 0.422392517 0.647742033 0.389351606 0.205046773 0.39495188 0.235928655 0.376070887 0.243596256 0.369458705 0.213195622 0.429759383 0.612292409 0.432542026 0.643677235 0.422392517 0.647742033 0.418880552 0.616641998 0.382198632 0.174445629 0.389351606 0.205046773 0.369458705 0.213195622 0.361151606 0.183184385 0.427164763 0.580874443 0.429759383 0.612292409 0.418880552 0.616641998 0.415613532 0.585487425 0.372581095 0.144295573 0.382198632 0.174445629 0.361151606 0.183184385 0.350240588 0.153781533 0.424695224 0.549434245 0.427164763 0.580874443 0.415613532 0.585487425 0.412511736 0.554296076 0.358784497 0.114926875 0.372581095 0.144295573 0.350240588 0.153781533 0.335127413 0.12538892 0.422298193 0.517981291 0.424695224 0.549434245 0.412511736 0.554296076 0.409509331 0.523082733 0.337304503 0.087054491 0.358784497 0.114926875 0.335127413 0.12538892 0.312871575 0.0988047719 0.419926912 0.486523807 0.422298193 0.517981291 0.409509331 0.523082733 0.406547844 0.491860211 0.30061692 0.062430799 0.337304503 0.087054491 0.312871575 0.0988047719 0.278149068 0.075733304 0.417536438 0.455069661 0.419926912 0.486523807 0.406547844 0.491860211 0.403572083 0.460640788 0.23579137 0.0455621481 0.30061692 0.062430799 0.278149068 0.075733304 0.223879635 0.0597561598 0.415080309 0.423627138 0.417536438 0.455069661 0.403572083 0.460640788 0.40052551 0.42943722 0.460884064 0.829905331 0.47096777 0.859969199 0.458307087 0.830982566 0.14712815 0.0442481637 0.23579137 0.0455621481 0.223879635 0.0597561598 0.152840018 0.0562283397 0.412507117 0.392205358 0.415080309 0.423627138 0.40052551 0.42943722 0.397346497 0.398263097 0.453446686 0.799355865 0.460884064 0.829905331 0.458307087 0.830982566 0.44889909 0.801227033 0.0775395483 0.0593787432 0.14712815 0.0442481637 0.152840018 0.0562283397 0.0887346715 0.0668838024 0.409755826 0.360814929 0.412507117 0.392205358 0.397346497 0.398263097 0.39396283 0.367134452 0.447662562 0.768507183 0.453446686 0.799355865 0.44889909 0.801227033 0.441561013 0.770992577 0.0376815684 0.0832647085 0.0775395483 0.0593787432 0.0887346715 0.0668838024 0.0454210155 0.0871614218 0.406749457 0.32946986 0.409755826 0.360814929 0.39396283 0.367134452 0.390284866 0.336071491 0.426250458 0.678764582 0.430589885 0.709679723 0.422203839 0.713841856 0.416945726 0.683359206 0.376070887 0.243596256 0.381534427 0.274257898 0.364132434 0.282907665 0.357945502 0.25267756 0.422392517 0.647742033 0.426250458 0.678764582 0.416945726 0.683359206 0.412281185 0.652716696 0.369458705 0.213195622 0.376070887 0.243596256 0.357945502 0.25267756 0.350556493 0.222777486 0.418880552 0.616641998 0.422392517 0.647742033 0.412281185 0.652716696 0.40804565 0.621958733 0.361151606 0.183184385 0.369458705 0.213195622 0.350556493 0.222777486 0.34143284 0.19336009 0.415613532 0.585487425 0.418880552 0.616641998 0.40804565 0.621958733 0.404116541 0.591118753 0.350240588 0.153781533 0.361151606 0.183184385 0.34143284 0.19336009 0.329728276 0.16467607 0.412511736 0.554296076 0.415613532 0.585487425 0.404116541 0.591118753 0.400397658 0.560222447 0.335127413 0.12538892 0.350240588 0.153781533 0.329728276 0.16467607 0.314046472 0.137161672 0.409509331 0.523082733 0.412511736 0.554296076 0.400397658 0.560222447 0.396809667 0.529291391 0.312871575 0.0988047719 0.335127413 0.12538892 0.314046472 0.137161672 0.292044371 0.111619294 0.406547844 0.491860211 0.409509331 0.523082733 0.396809667 0.529291391 0.393283188 0.498343825 0.278149068 0.075733304 0.312871575 0.0988047719 0.292044371 0.111619294 0.26000309 0.0895841718 0.403572083 0.460640788 0.406547844 0.491860211 0.393283188 0.498343825 0.389753371 0.467397213 0.223879635 0.0597561598 0.278149068 0.075733304 0.26000309 0.0895841718 0.213725105 0.0738730431 0.40052551 0.42943722 0.403572083 0.460640788 0.389753371 0.467397213 0.38615483 0.43646884 0.458307087 0.830982566 0.47096777 0.859969199 0.455802828 0.832299948 0.152840018 0.0562283397 0.223879635 0.0597561598 0.213725105 0.0738730431 0.15469262 0.0683896542 0.397346497 0.398263097 0.40052551 0.42943722 0.38615483 0.43646884 0.382417411 0.40557754 0.44889909 0.801227033 0.458307087 0.830982566 0.455802828 0.832299948 0.444428772 0.803521037 0.0887346715 0.0668838024 0.152840018 0.0562283397 0.15469262 0.0683896542 0.0965618044 0.075134933 0.39396283 0.367134452 0.397346497 0.398263097 0.382417411 0.40557754 0.378460497 0.374745011 0.441561013 0.770992577 0.44889909 0.801227033 0.444428772 0.803521037 0.435524106 0.774042189 0.0454210155 0.0871614218 0.0887346715 0.0668838024 0.0965618044 0.075134933 0.0519243591 0.0917028785 0.390284866 0.336071491 0.39396283 0.367134452 0.378460497 0.374745011 0.374185532 0.343997598 0.435600638 0.740443528 0.441561013 0.770992577 0.435524106 0.774042189 0.428285152 0.744100809 0.0180447288 0.112365365 0.0454210155 0.0871614218 0.0519243591 0.0917028785 0.0211741626 0.114221036 0.38619563 0.305100501 0.390284866 0.336071491 0.374185532 0.343997598 0.369466186 0.313369632 0.430589885 0.709679723 0.435600638 0.740443528 0.428285152 0.744100809 0.422203839 0.713841856 0 0.140030622 0.0180447288 0.112365365 0.0211741626 0.114221036 0.381534427 0.274257898 0.38619563 0.305100501 0.369466186 0.313369632 0.364132434 0.282907665 0.378460497 0.374745011 0.382417411 0.40557754 0.367740065 0.414056897 0.363272637 0.383541226 0.435524106 0.774042189 0.444428772 0.803521037 0.440053433 0.806227744 0.429566205 0.777644455 0.0519243591 0.0917028785 0.0965618044 0.075134933 0.101702236 0.0838749409 0.057196442 0.0967693329 0.374185532 0.343997598 0.378460497 0.374745011 0.363272637 0.383541226 0.358478397 0.353127241 0.428285152 0.744100809 0.435524106 0.774042189 0.429566205 0.777644455 0.421030909 0.748420477 0.0211741626 0.114221036 0.0519243591 0.0917028785 0.057196442 0.0967693329 0.0239718463 0.116355062 0.369466186 0.313369632 0.374185532 0.343997598 0.358478397 0.353127241 0.353226691 0.322856188 0.422203839 0.713841856 0.428285152 0.744100809 0.421030909 0.748420477 0.413866192 0.718754888 0 0.140030622 0.0211741626 0.114221036 0.0239718463 0.116355062 0.364132434 0.282907665 0.369466186 0.313369632 0.353226691 0.322856188 0.347345114 0.292783201 0.416945726 0.683359206 0.422203839 0.713841856 0.413866192 0.718754888 0.407682866 0.688777089 0.357945502 0.25267756 0.364132434 0.282907665 0.347345114 0.292783201 0.340597451 0.262984514 0.412281185 0.652716696 0.416945726 0.683359206 0.407682866 0.688777089 0.402211308 0.658575118 0.350556493 0.222777486 0.357945502 0.25267756 0.340597451 0.262984514 0.332647443 0.233571112 0.40804565 0.621958733 0.412281185 0.652716696 0.402211308 0.658575118 0.397257894 0.628210783 0.34143284 0.19336009 0.350556493 0.222777486 0.332647443 0.233571112 0.32299903 0.204710722 0.404116541 0.591118753 0.40804565 0.621958733 0.397257894 0.628210783 0.392677903 0.59773016 0.329728276 0.16467607 0.34143284 0.19336009 0.32299903 0.204710722 0.310896933 0.176668823 0.400397658 0.560222447 0.404116541 0.591118753 0.392677903 0.59773016 0.388358325 0.567168474 0.314046472 0.137161672 0.329728276 0.16467607 0.310896933 0.176668823 0.295163691 0.149885178 0.396809667 0.529291391 0.400397658 0.560222447 0.388358325 0.567168474 0.384206742 0.536554873 0.292044371 0.111619294 0.314046472 0.137161672 0.295163691 0.149885178 0.273967385 0.1251176 0.393283188 0.498343825 0.396809667 0.529291391 0.384206742 0.536554873 0.380143046 0.505913973 0.26000309 0.0895841718 0.292044371 0.111619294 0.273967385 0.1251176 0.244667023 0.103698969 0.389753371 0.467397213 0.393283188 0.498343825 0.380143046 0.505913973 0.376093358 0.475268722 0.213725105 0.0738730431 0.26000309 0.0895841718 0.244667023 0.103698969 0.20454067 0.0878595114 0.38615483 0.43646884 0.389753371 0.467397213 0.376093358 0.475268722 0.37198472 0.444641709 0.455802828 0.832299948 0.47096777 0.859969199 0.453387231 0.83384937 0.15469262 0.0683896542 0.213725105 0.0738730431 0.20454067 0.0878595114 0.154201701 0.0805799365 0.382417411 0.40557754 0.38615483 0.43646884 0.37198472 0.444641709 0.367740065 0.414056897 0.444428772 0.803521037 0.455802828 0.832299948 0.453387231 0.83384937 0.440053433 0.806227744 0.0965618044 0.075134933 0.15469262 0.0683896542 0.154201701 0.0805799365 0.101702236 0.0838749409 0.353226691 0.322856188 0.358478397 0.353127241 0.343171895 0.363331556 0.337482393 0.333414316 0.413866192 0.718754888 0.421030909 0.748420477 0.413848072 0.753386796 0.405582756 0.72439903 0 0.140030622 0.0239718463 0.116355062 0.0264121983 0.11873436 0.347345114 0.292783201 0.353226691 0.322856188 0.337482393 0.333414316 0.331170529 0.303719044 0.407682866 0.688777089 0.413866192 0.718754888 0.405582756 0.72439903 0.398464531 0.694993556 0.340597451 0.262984514 0.347345114 0.292783201 0.331170529 0.303719044 0.324009567 0.274329185 0.402211308 0.658575118 0.407682866 0.688777089 0.398464531 0.694993556 0.392183989 0.665287137 0.332647443 0.233571112 0.340597451 0.262984514 0.324009567 0.274329185 0.315685511 0.245362997 0.397257894 0.628210783 0.402211308 0.658575118 0.392183989 0.665287137 0.386517435 0.63536191 0.32299903 0.204710722 0.332647443 0.233571112 0.315685511 0.245362997 0.305749387 0.216994584 0.392677903 0.59773016 0.397257894 0.628210783 0.386517435 0.63536191 0.381297648 0.605278373 0.310896933 0.176668823 0.32299903 0.204710722 0.305749387 0.216994584 0.293543488 0.18949008 0.388358325 0.567168474 0.392677903 0.59773016 0.381297648 0.605278373 0.37639457 0.575083137 0.295163691 0.149885178 0.310896933 0.176668823 0.293543488 0.18949008 0.278090924 0.163271904 0.384206742 0.536554873 0.388358325 0.567168474 0.37639457 0.575083137 0.371702492 0.544813931 0.273967385 0.1251176 0.295163691 0.149885178 0.278090924 0.163271904 0.257959217 0.139029741 0.380143046 0.505913973 0.384206742 0.536554873 0.371702492 0.544813931 0.367130786 0.514502347 0.244667023 0.103698969 0.273967385 0.1251176 0.257959217 0.139029741 0.231214896 0.117901087 0.376093358 0.475268722 0.380143046 0.505913973 0.367130786 0.514502347 0.362597227 0.48417747 0.20454067 0.0878595114 0.244667023 0.103698969 0.231214896 0.117901087 0.195935205 0.101674497 0.37198472 0.444641709 0.376093358 0.475268722 0.362597227 0.48417747 0.358022034 0.453867137 0.453387231 0.83384937 0.47096777 0.859969199 0.451076806 0.835621417 0.154201701 0.0805799365 0.20454067 0.0878595114 0.195935205 0.101674497 0.152186826 0.0927061439 0.367740065 0.414056897 0.37198472 0.444641709 0.358022034 0.453867137 0.353322685 0.423600376 0.440053433 0.806227744 0.453387231 0.83384937 0.451076806 0.835621417 0.435791701 0.809335232 0.101702236 0.0838749409 0.154201701 0.0805799365 0.152186826 0.0927061439 0.104736261 0.0929142237 0.363272637 0.383541226 0.367740065 0.414056897 0.353322685 0.423600376 0.348408192 0.393409252 0.429566205 0.777644455 0.440053433 0.806227744 0.435791701 0.809335232 0.42370218 0.781785905 0.057196442 0.0967693329 0.101702236 0.0838749409 0.104736261 0.0929142237 0.0612962022 0.102247655 0.358478397 0.353127241 0.363272637 0.383541226 0.348408192 0.393409252 0.343171895 0.363331556 0.421030909 0.748420477 0.429566205 0.777644455 0.42370218 0.781785905 0.413848072 0.753386796 0.0239718463 0.116355062 0.057196442 0.0967693329 0.0612962022 0.102247655 0.0264121983 0.11873436 0.324009567 0.274329185 0.331170529 0.303719044 0.315582991 0.315551996 0.308137178 0.286530733 0.392183989 0.665287137 0.398464531 0.694993556 0.389291555 0.701981425 0.382197231 0.672819436 0.315685511 0.245362997 0.324009567 0.274329185 0.308137178 0.286530733 0.299593925 0.25795424 0.386517435 0.63536191 0.392183989 0.665287137 0.382197231 0.672819436 0.375820756 0.643371582 0.305749387 0.216994584 0.315685511 0.245362997 0.299593925 0.25795424 0.289554 0.229995668 0.381297648 0.605278373 0.386517435 0.63536191 0.375820756 0.643371582 0.369971693 0.61371547 0.293543488 0.18949008 0.305749387 0.216994584 0.289554 0.229995668 0.277451754 0.202911854 0.37639457 0.575083137 0.381297648 0.605278373 0.369971693 0.61371547 0.364502281 0.583910286 0.278090924 0.163271904 0.293543488 0.18949008 0.277451754 0.202911854 0.262479782 0.177095413 0.371702492 0.544813931 0.37639457 0.575083137 0.364502281 0.583910286 0.359293103 0.554003596 0.257959217 0.139029741 0.278090924 0.163271904 0.262479782 0.177095413 0.243505463 0.153160512 0.367130786 0.514502347 0.371702492 0.544813931 0.359293103 0.554003596 0.354243189 0.524034858 0.231214896 0.117901087 0.257959217 0.139029741 0.243505463 0.153160512 0.219062969 0.132071376 0.362597227 0.48417747 0.367130786 0.514502347 0.354243189 0.524034858 0.349262178 0.494039297 0.195935205 0.101674497 0.231214896 0.117901087 0.219062969 0.132071376 0.187691256 0.115282118 0.358022034 0.453867137 0.362597227 0.48417747 0.349262178 0.494039297 0.344264179 0.464050293 0.451076806 0.835621417 0.47096777 0.859969199 0.448888332 0.83760494 0.152186826 0.0927061439 0.195935205 0.101674497 0.187691256 0.115282118 0.14912273 0.104703546 0.353322685 0.423600376 0.358022034 0.453867137 0.344264179 0.464050293 0.33916223 0.434101701 0.435791701 0.809335232 0.451076806 0.835621417 0.448888332 0.83760494 0.431663424 0.812829614 0.104736261 0.0929142237 0.152186826 0.0927061439 0.14912273 0.104703546 0.106121264 0.102111816 0.348408192 0.393409252 0.353322685 0.423600376 0.33916223 0.434101701 0.333862573 0.404230356 0.42370218 0.781785905 0.435791701 0.809335232 0.431663424 0.812829614 0.417947739 0.786450863 0.0612962022 0.102247655 0.104736261 0.0929142237 0.106121264 0.102111816 0.0643134788 0.108034909 0.343171895 0.363331556 0.348408192 0.393409252 0.333862573 0.404230356 0.328257918 0.374478281 0.413848072 0.753386796 0.42370218 0.781785905 0.417947739 0.786450863 0.406746328 0.758981466 0.0264121983 0.11873436 0.0612962022 0.102247655 0.0643134788 0.108034909 0.0284796804 0.121324062 0.337482393 0.333414316 0.343171895 0.363331556 0.328257918 0.374478281 0.322218984 0.344896913 0.405582756 0.72439903 0.413848072 0.753386796 0.406746328 0.758981466 0.397358119 0.730752051 0 0.140030622 0.0264121983 0.11873436 0.0284796804 0.121324062 0.331170529 0.303719044 0.337482393 0.333414316 0.322218984 0.344896913 0.315582991 0.315551996 0.398464531 0.694993556 0.405582756 0.72439903 0.397358119 0.730752051 0.389291555 0.701981425 0.289554 0.229995668 0.299593925 0.25795424 0.284279376 0.271163583 0.274273783 0.243524432 0.369971693 0.61371547 0.375820756 0.643371582 0.365160465 0.652195811 0.358691335 0.622989357 0.277451754 0.202911854 0.289554 0.229995668 0.274273783 0.243524432 0.262416124 0.216742814 0.364502281 0.583910286 0.369971693 0.61371547 0.358691335 0.622989357 0.352671921 0.593589425 0.262479782 0.177095413 0.277451754 0.202911854 0.262416124 0.216742814 0.24803637 0.191176236 0.359293103 0.554003596 0.364502281 0.583910286 0.352671921 0.593589425 0.34696874 0.564054608 0.243505463 0.153160512 0.262479782 0.177095413 0.24803637 0.191176236 0.230224401 0.167363882 0.354243189 0.524034858 0.359293103 0.554003596 0.34696874 0.564054608 0.341470152 0.53443259 0.219062969 0.132071376 0.243505463 0.153160512 0.230224401 0.167363882 0.207829759 0.146122515 0.349262178 0.494039297 0.354243189 0.524034858 0.341470152 0.53443259 0.336077631 0.504765451 0.187691256 0.115282118 0.219062969 0.132071376 0.207829759 0.146122515 0.179677516 0.128648818 0.344264179 0.464050293 0.349262178 0.494039297 0.336077631 0.504765451 0.330699682 0.475092173 0.448888332 0.83760494 0.47096777 0.859969199 0.446839333 0.839787126 0.14912273 0.104703546 0.187691256 0.115282118 0.179677516 0.128648818 0.14530082 0.116521895 0.33916223 0.434101701 0.344264179 0.464050293 0.330699682 0.475092173 0.32524541 0.445451379 0.431663424 0.812829614 0.448888332 0.83760494 0.446839333 0.839787126 0.42768985 0.816695035 0.106121264 0.102111816 0.14912273 0.104703546 0.14530082 0.116521895 0.106206596 0.11136061 0.333862573 0.404230356 0.33916223 0.434101701 0.32524541 0.445451379 0.319619358 0.415883601 0.417947739 0.786450863 0.431663424 0.812829614 0.42768985 0.816695035 0.412319571 0.791621864 0.0643134788 0.108034909 0.106121264 0.102111816 0.106206596 0.11136061 0.066351518 0.114039481 0.328257918 0.374478281 0.333862573 0.404230356 0.319619358 0.415883601 0.313714832 0.386434674 0.406746328 0.758981466 0.417947739 0.786450863 0.412319571 0.791621864 0.3997356 0.765184462 0.0284796804 0.121324062 0.0643134788 0.108034909 0.066351518 0.114039481 0.0301676504 0.124088526 0.322218984 0.344896913 0.328257918 0.374478281 0.313714832 0.386434674 0.307406396 0.357158899 0.397358119 0.730752051 0.406746328 0.758981466 0.3997356 0.765184462 0.38919574 0.737789929 0 0.140030622 0.0284796804 0.121324062 0.0301676504 0.124088526 0.315582991 0.315551996 0.322218984 0.344896913 0.307406396 0.357158899 0.300539672 0.328124404 0.389291555 0.701981425 0.397358119 0.730752051 0.38919574 0.737789929 0.380162209 0.709710896 0.308137178 0.286530733 0.315582991 0.315551996 0.300539672 0.328124404 0.292917371 0.299419343 0.382197231 0.672819436 0.389291555 0.701981425 0.380162209 0.709710896 0.372245818 0.681135356 0.299593925 0.25795424 0.308137178 0.286530733 0.292917371 0.299419343 0.284279376 0.271163583 0.375820756 0.643371582 0.382197231 0.672819436 0.372245818 0.681135356 0.365160465 0.652195811 0.24803637 0.191176236 0.262416124 0.216742814 0.248252138 0.230822563 0.234520346 0.205369711 0.34696874 0.564054608 0.352671921 0.593589425 0.34088853 0.604056478 0.334713608 0.574893653 0.230224401 0.167363882 0.24803637 0.191176236 0.234520346 0.205369711 0.217832446 0.181526482 0.341470152 0.53443259 0.34696874 0.564054608 0.334713608 0.574893653 0.328794897 0.545613229 0.207829759 0.146122515 0.230224401 0.167363882 0.217832446 0.181526482 0.197257087 0.159985662 0.336077631 0.504765451 0.341470152 0.53443259 0.328794897 0.545613229 0.323025852 0.516264379 0.179677516 0.128648818 0.207829759 0.146122515 0.197257087 0.159985662 0.171809182 0.141742229 0.330699682 0.475092173 0.336077631 0.504765451 0.323025852 0.516264379 0.317309022 0.486891747 0.446839333 0.839787126 0.47096777 0.859969199 0.44494772 0.842153788 0.14530082 0.116521895 0.179677516 0.128648818 0.171809182 0.141742229 0.140908509 0.128118992 0.32524541 0.445451379 0.330699682 0.475092173 0.317309022 0.486891747 0.31155014 0.457538247 0.42768985 0.816695035 0.446839333 0.839787126 0.44494772 0.842153788 0.423894078 0.820913494 0.106206596 0.11136061 0.14530082 0.116521895 0.140908509 0.128118992 0.10525649 0.120576799 0.319619358 0.415883601 0.32524541 0.445451379 0.31155014 0.457538247 0.30565244 0.428248286 0.412319571 0.791621864 0.42768985 0.816695035 0.423894078 0.820913494 0.406835884 0.797279835 0.066351518 0.114039481 0.106206596 0.11136061 0.10525649 0.120576799 0.0675154999 0.120180488 0.313714832 0.386434674 0.319619358 0.415883601 0.30565244 0.428248286 0.299510598 0.399070084 0.3997356 0.765184462 0.412319571 0.791621864 0.406835884 0.797279835 0.392825723 0.771974146 0.0301676504 0.124088526 0.066351518 0.114039481 0.0675154999 0.120180488 0.0314770415 0.126992166 0.307406396 0.357158899 0.313714832 0.386434674 0.299510598 0.399070084 0.293003708 0.370060086 0.38919574 0.737789929 0.3997356 0.765184462 0.392825723 0.771974146 0.381097496 0.745486379 0 0.140030622 0.0301676504 0.124088526 0.0314770415 0.126992166 0.300539672 0.328124404 0.307406396 0.357158899 0.293003708 0.370060086 0.285986453 0.341286778 0.380162209 0.709710896 0.38919574 0.737789929 0.381097496 0.745486379 0.371072292 0.7181499 0.292917371 0.299419343 0.300539672 0.328124404 0.285986453 0.341286778 0.278277367 0.312837481 0.372245818 0.681135356 0.380162209 0.709710896 0.371072292 0.7181499 0.362321138 0.690195918 0.284279376 0.271163583 0.292917371 0.299419343 0.278277367 0.312837481 0.269642472 0.284827828 0.365160465 0.652195811 0.372245818 0.681135356 0.362321138 0.690195918 0.354524851 0.661787748 0.274273783 0.243524432 0.284279376 0.271163583 0.269642472 0.284827828 0.259772569 0.257415414 0.358691335 0.622989357 0.365160465 0.652195811 0.354524851 0.661787748 0.347442806 0.63304466 0.262416124 0.216742814 0.274273783 0.243524432 0.259772569 0.257415414 0.248252138 0.230822563 0.352671921 0.593589425 0.358691335 0.622989357 0.347442806 0.63304466 0.34088853 0.604056478 0.197257087 0.159985662 0.217832446 0.181526482 0.206117123 0.195556462 0.187164307 0.173602879 0.323025852 0.516264379 0.328794897 0.545613229 0.316194326 0.557491779 0.310082138 0.528442085 0.171809182 0.141742229 0.197257087 0.159985662 0.187164307 0.173602879 0.164028704 0.154530346 0.317309022 0.486891747 0.323025852 0.516264379 0.310082138 0.528442085 0.304065585 0.499346137 0.44494772 0.842153788 0.47096777 0.859969199 0.443232089 0.844689071 0.140908509 0.128118992 0.171809182 0.141742229 0.164028704 0.154530346 0.13607122 0.139457345 0.31155014 0.457538247 0.317309022 0.486891747 0.304065585 0.499346137 0.298046798 0.470251322 0.423894078 0.820913494 0.44494772 0.842153788 0.443232089 0.844689071 0.420301527 0.825465202 0.10525649 0.120576799 0.140908509 0.128118992 0.13607122 0.139457345 0.103470974 0.129692912 0.30565244 0.428248286 0.31155014 0.457538247 0.298046798 0.470251322 0.291927934 0.441204906 0.406835884 0.797279835 0.423894078 0.820913494 0.420301527 0.825465202 0.401516646 0.803403795 0.0675154999 0.120180488 0.10525649 0.120576799 0.103470974 0.129692912 0.0679057091 0.126387119 0.299510598 0.399070084 0.30565244 0.428248286 0.291927934 0.441204906 0.285605133 0.412257433 0.392825723 0.771974146 0.406835884 0.797279835 0.401516646 0.803403795 0.386026829 0.779327154 0.0314770415 0.126992166 0.0675154999 0.120180488 0.0679057091 0.126387119 0.0324149542 0.129999936 0.293003708 0.370060086 0.299510598 0.399070084 0.285605133 0.412257433 0.278962195 0.383466125 0.381097496 0.745486379 0.392825723 0.771974146 0.386026829 0.779327154 0.373064041 0.753813744 0 0.140030622 0.0314770415 0.126992166 0.0324149542 0.129999936 0.285986453 0.341286778 0.293003708 0.370060086 0.278962195 0.383466125 0.271862715 0.35489887 0.371072292 0.7181499 0.381097496 0.745486379 0.373064041 0.753813744 0.362014681 0.727264702 0.278277367 0.312837481 0.285986453 0.341286778 0.271862715 0.35489887 0.264140218 0.326640308 0.362321138 0.690195918 0.371072292 0.7181499 0.362014681 0.727264702 0.352410406 0.699959874 0.269642472 0.284827828 0.278277367 0.312837481 0.264140218 0.326640308 0.255584568 0.298799992 0.354524851 0.661787748 0.362321138 0.690195918 0.352410406 0.699959874 0.343897462 0.672097981 0.259772569 0.257415414 0.269642472 0.284827828 0.255584568 0.298799992 0.245923713 0.27152431 0.347442806 0.63304466 0.354524851 0.661787748 0.343897462 0.672097981 0.336207122 0.643823445 0.248252138 0.230822563 0.259772569 0.257415414 0.245923713 0.27152431 0.234799445 0.245015085 0.34088853 0.604056478 0.347442806 0.63304466 0.336207122 0.643823445 0.329131484 0.615244389 0.234520346 0.205369711 0.248252138 0.230822563 0.234799445 0.245015085 0.221737415 0.21955657 0.334713608 0.574893653 0.34088853 0.604056478 0.329131484 0.615244389 0.322505623 0.586444795 0.217832446 0.181526482 0.234520346 0.205369711 0.221737415 0.21955657 0.206117123 0.195556462 0.328794897 0.545613229 0.334713608 0.574893653 0.322505623 0.586444795 0.316194326 0.557491779 0.13607122 0.139457345 0.164028704 0.154530346 0.156295136 0.166981399 0.130875751 0.150502443 0.298046798 0.470251322 0.304065585 0.499346137 0.2909365 0.512352347 0.284699678 0.483479857 0.420301527 0.825465202 0.443232089 0.844689071 0.441711694 0.847375214 0.416940153 0.830328166 0.103470974 0.129692912 0.13607122 0.139457345 0.130875751 0.150502443 0.101002604 0.138652623 0.291927934 0.441204906 0.298046798 0.470251322 0.284699678 0.483479857 0.278405994 0.454636216 0.401516646 0.803403795 0.420301527 0.825465202 0.416940153 0.830328166 0.396384358 0.809971094 0.0679057091 0.126387119 0.103470974 0.129692912 0.101002604 0.138652623 0.0676141381 0.132597387 0.285605133 0.412257433 0.291927934 0.441204906 0.278405994 0.454636216 0.271952897 0.425873399 0.386026829 0.779327154 0.401516646 0.803403795 0.396384358 0.809971094 0.379349768 0.787219167 0.0324149542 0.129999936 0.0679057091 0.126387119 0.0676141381 0.132597387 0.0329932272 0.133077741 0.278962195 0.383466125 0.285605133 0.412257433 0.271952897 0.425873399 0.265228599 0.397248745 0.373064041 0.753813744 0.386026829 0.779327154 0.379349768 0.787219167 0.365094334 0.762743473 0 0.140030622 0.0324149542 0.129999936 0.0329932272 0.133077741 0.271862715 0.35489887 0.278962195 0.383466125 0.265228599 0.397248745 0.25810495 0.368828893 0.362014681 0.727264702 0.373064041 0.753813744 0.365094334 0.762743473 0.352978945 0.737020016 0.264140218 0.326640308 0.271862715 0.35489887 0.25810495 0.368828893 0.250429034 0.340694427 0.352410406 0.699959874 0.362014681 0.727264702 0.352978945 0.737020016 0.342496544 0.71038425 0.255584568 0.298799992 0.264140218 0.326640308 0.250429034 0.340694427 0.242011681 0.312947989 0.343897462 0.672097981 0.352410406 0.699959874 0.342496544 0.71038425 0.333256543 0.683074832 0.245923713 0.27152431 0.255584568 0.298799992 0.242011681 0.312947989 0.232612729 0.285723805 0.336207122 0.643823445 0.343897462 0.672097981 0.333256543 0.683074832 0.324959725 0.655264974 0.234799445 0.245015085 0.245923713 0.27152431 0.232612729 0.285723805 0.221921101 0.259203076 0.329131484 0.615244389 0.336207122 0.643823445 0.324959725 0.655264974 0.3173742 0.62708348 0.221737415 0.21955657 0.234799445 0.245015085 0.221921101 0.259203076 0.209531114 0.233636379 0.322505623 0.586444795 0.329131484 0.615244389 0.3173742 0.62708348 0.31031695 0.598629534 0.206117123 0.195556462 0.221737415 0.21955657 0.209531114 0.233636379 0.194917098 0.209376216 0.316194326 0.557491779 0.322505623 0.586444795 0.31031695 0.598629534 0.303639263 0.569981098 0.187164307 0.173602879 0.206117123 0.195556462 0.194917098 0.209376216 0.177421361 0.186923265 0.310082138 0.528442085 0.316194326 0.557491779 0.303639263 0.569981098 0.29721576 0.54120326 0.164028704 0.154530346 0.187164307 0.173602879 0.177421361 0.186923265 0.156295136 0.166981399 0.304065585 0.499346137 0.310082138 0.528442085 0.29721576 0.54120326 0.2909365 0.512352347 0.443232089 0.844689071 0.47096777 0.859969199 0.441711694 0.847375214 0.0676141381 0.132597387 0.101002604 0.138652623 0.0979688093 0.14740777 0.0667231828 0.138756633 0.271952897 0.425873399 0.278405994 0.454636216 0.265042454 0.4684273 0.258504927 0.439798832 0.379349768 0.787219167 0.396384358 0.809971094 0.391464651 0.816957116 0.372806162 0.795624256 0.0329932272 0.133077741 0.0676141381 0.132597387 0.0667231828 0.138756633 0.0332272574 0.136193037 0.265228599 0.397248745 0.271952897 0.425873399 0.258504927 0.439798832 0.251747489 0.411285996 0.365094334 0.762743473 0.379349768 0.787219167 0.372806162 0.795624256 0.357185751 0.772245526 0 0.140030622 0.0329932272 0.133077741 0.0332272574 0.136193037 0.25810495 0.368828893 0.265228599 0.397248745 0.251747489 0.411285996 0.244649276 0.382953167 0.352978945 0.737020016 0.365094334 0.762743473 0.357185751 0.772245526 0.343950957 0.747379303 0.250429034 0.340694427 0.25810495 0.368828893 0.244649276 0.382953167 0.237069339 0.354876876 0.342496544 0.71038425 0.352978945 0.737020016 0.343950957 0.747379303 0.332557261 0.721424162 0.242011681 0.312947989 0.250429034 0.340694427 0.237069339 0.354876876 0.228836715 0.327152014 0.333256543 0.683074832 0.342496544 0.71038425 0.332557261 0.721424162 0.322574556 0.694664419 0.232612729 0.285723805 0.242011681 0.312947989 0.228836715 0.327152014 0.219738036 0.299900472 0.324959725 0.655264974 0.333256543 0.683074832 0.322574556 0.694664419 0.313669711 0.667306185 0.221921101 0.259203076 0.232612729 0.285723805 0.219738036 0.299900472 0.209501147 0.27328378 0.3173742 0.62708348 0.324959725 0.655264974 0.313669711 0.667306185 0.305583894 0.63950181 0.209531114 0.233636379 0.221921101 0.259203076 0.209501147 0.27328378 0.197775185 0.247521639 0.31031695 0.598629534 0.3173742 0.62708348 0.305583894 0.63950181 0.298113436 0.611367166 0.194917098 0.209376216 0.209531114 0.233636379 0.197775185 0.247521639 0.184108302 0.222918212 0.303639263 0.569981098 0.31031695 0.598629534 0.298113436 0.611367166 0.291094333 0.582992494 0.177421361 0.186923265 0.194917098 0.209376216 0.184108302 0.222918212 0.167932197 0.19990015 0.29721576 0.54120326 0.303639263 0.569981098 0.291094333 0.582992494 0.284390271 0.554451466 0.156295136 0.166981399 0.177421361 0.186923265 0.167932197 0.19990015 0.148578539 0.179063678 0.2909365 0.512352347 0.29721576 0.54120326 0.284390271 0.554451466 0.277883619 0.525806785 0.441711694 0.847375214 0.47096777 0.859969199 0.440406322 0.850192904 0.130875751 0.150502443 0.156295136 0.166981399 0.148578539 0.179063678 0.125383884 0.161221743 0.284699678 0.483479857 0.2909365 0.512352347 0.277883619 0.525806785 0.271468103 0.49711442 0.416940153 0.830328166 0.441711694 0.847375214 0.440406322 0.850192904 0.413841337 0.835477769 0.101002604 0.138652623 0.130875751 0.150502443 0.125383884 0.161221743 0.0979688093 0.14740777 0.278405994 0.454636216 0.284699678 0.483479857 0.271468103 0.49711442 0.265042454 0.4684273 0.396384358 0.809971094 0.416940153 0.830328166 0.413841337 0.835477769 0.391464651 0.816957116 0 0.140030622 0.0332272574 0.136193037 0.0331349112 0.139314711 0.244649276 0.382953167 0.251747489 0.411285996 0.238462836 0.425460696 0.231433287 0.397155046 0.343950957 0.747379303 0.357185751 0.772245526 0.349333793 0.782289445 0.334912032 0.758305192 0.237069339 0.354876876 0.244649276 0.382953167 0.231433287 0.397155046 0.223990887 0.369073153 0.332557261 0.721424162 0.343950957 0.747379303 0.334912032 0.758305192 0.322564244 0.733033419 0.228836715 0.327152014 0.237069339 0.354876876 0.223990887 0.369073153 0.215980217 0.341302037 0.322574556 0.694664419 0.332557261 0.721424162 0.322564244 0.733033419 0.311817259 0.70681113 0.219738036 0.299900472 0.228836715 0.327152014 0.215980217 0.341302037 0.207210496 0.313951731 0.313669711 0.667306185 0.322574556 0.694664419 0.311817259 0.70681113 0.302299649 0.679881871 0.209501147 0.27328378 0.219738036 0.299900472 0.207210496 0.313951731 0.197441712 0.287165344 0.305583894 0.63950181 0.313669711 0.667306185 0.302299649 0.679881871 0.293721229 0.652424872 0.197775185 0.247521639 0.209501147 0.27328378 0.197441712 0.287165344 0.186367258 0.261134684 0.298113436 0.611367166 0.305583894 0.63950181 0.293721229 0.652424872 0.285854846 0.624574602 0.184108302 0.222918212 0.197775185 0.247521639 0.186367258 0.261134684 0.173593983 0.236121535 0.291094333 0.582992494 0.298113436 0.611367166 0.285854846 0.624574602 0.278518796 0.596434832 0.167932197 0.19990015 0.184108302 0.222918212 0.173593983 0.236121535 0.158624262 0.212489665 0.284390271 0.554451466 0.291094333 0.582992494 0.278518796 0.596434832 0.271564096 0.56808883 0.148578539 0.179063678 0.167932197 0.19990015 0.158624262 0.212489665 0.140856326 0.190745354 0.277883619 0.525806785 0.284390271 0.554451466 0.271564096 0.56808883 0.264864296 0.539605796 0.440406322 0.850192904 0.47096777 0.859969199 0.439336181 0.853120983 0.125383884 0.161221743 0.148578539 0.179063678 0.140856326 0.190745354 0.11964079 0.171583891 0.271468103 0.49711442 0.277883619 0.525806785 0.264864296 0.539605796 0.258307606 0.511046112 0.413841337 0.835477769 0.440406322 0.850192904 0.439336181 0.853120983 0.411040366 0.840887249 0.0979688093 0.14740777 0.125383884 0.161221743 0.11964079 0.171583891 0.0944610983 0.155916154 0.265042454 0.4684273 0.271468103 0.49711442 0.258307606 0.511046112 0.251790136 0.482465506 0.391464651 0.816957116 0.413841337 0.835477769 0.411040366 0.840887249 0.386787474 0.824335814 0.0667231828 0.138756633 0.0979688093 0.14740777 0.0944610983 0.155916154 0.0653055683 0.144816637 0.258504927 0.439798832 0.265042454 0.4684273 0.251790136 0.482465506 0.245210275 0.453918219 0.372806162 0.795624256 0.391464651 0.816957116 0.386787474 0.824335814 0.366409361 0.804515839 0.0332272574 0.136193037 0.0667231828 0.138756633 0.0653055683 0.144816637 0.0331349112 0.139314711 0.251747489 0.411285996 0.258504927 0.439798832 0.245210275 0.453918219 0.238462836 0.425460696 0.357185751 0.772245526 0.372806162 0.795624256 0.366409361 0.804515839 0.349333793 0.782289445 0.215980217 0.341302037 0.223990887 0.369073153 0.21112822 0.383175731 0.203370586 0.355296135 0.311817259 0.70681113 0.322564244 0.733033419 0.312482238 0.745164335 0.300942838 0.719456911 0.207210496 0.313951731 0.215980217 0.341302037 0.203370586 0.355296135 0.194952384 0.327783585 0.302299649 0.679881871 0.311817259 0.70681113 0.300942838 0.719456911 0.290804058 0.692924261 0.197441712 0.287165344 0.207210496 0.313951731 0.194952384 0.327783585 0.185660228 0.300764084 0.293721229 0.652424872 0.302299649 0.679881871 0.290804058 0.692924261 0.281739652 0.665775418 0.186367258 0.261134684 0.197441712 0.287165344 0.185660228 0.300764084 0.175223872 0.274404526 0.285854846 0.624574602 0.293721229 0.652424872 0.281739652 0.665775418 0.273494452 0.638166189 0.173593983 0.236121535 0.186367258 0.261134684 0.175223872 0.274404526 0.163297802 0.248929858 0.278518796 0.596434832 0.285854846 0.624574602 0.273494452 0.638166189 0.265866101 0.610215306 0.158624262 0.212489665 0.173593983 0.236121535 0.163297802 0.248929858 0.149441883 0.224649906 0.271564096 0.56808883 0.278518796 0.596434832 0.265866101 0.610215306 0.258690804 0.58201617 0.140856326 0.190745354 0.158624262 0.212489665 0.149441883 0.224649906 0.133111298 0.201994598 0.264864296 0.539605796 0.271564096 0.56808883 0.258690804 0.58201617 0.2518318 0.553644955 0.439336181 0.853120983 0.47096777 0.859969199 0.438522041 0.856136501 0.11964079 0.171583891 0.140856326 0.190745354 0.133111298 0.201994598 0.1136804 0.181558669 0.258307606 0.511046112 0.264864296 0.539605796 0.2518318 0.553644955 0.245170638 0.52516675 0.411040366 0.840887249 0.439336181 0.853120983 0.438522041 0.856136501 0.408577263 0.846526861 0.0944610983 0.155916154 0.11964079 0.171583891 0.1136804 0.181558669 0.0905516595 0.164139986 0.251790136 0.482465506 0.258307606 0.511046112 0.245170638 0.52516675 0.238599882 0.496639729 0.386787474 0.824335814 0.411040366 0.840887249 0.408577263 0.846526861 0.382388294 0.832078874 0.0653055683 0.144816637 0.0944610983 0.155916154 0.0905516595 0.164139986 0.0634250417 0.150734425 0.245210275 0.453918219 0.251790136 0.482465506 0.238599882 0.496639729 0.232017145 0.468119144 0.366409361 0.804515839 0.386787474 0.824335814 0.382388294 0.832078874 0.360174745 0.813866377 0.0331349112 0.139314711 0.0653055683 0.144816637 0.0634250417 0.150734425 0.032735642 0.142413497 0.238462836 0.425460696 0.245210275 0.453918219 0.232017145 0.468119144 0.225319371 0.439660668 0.349333793 0.782289445 0.366409361 0.804515839 0.360174745 0.813866377 0.341531932 0.792843878 0 0.140030622 0.0331349112 0.139314711 0.032735642 0.142413497 0.231433287 0.397155046 0.238462836 0.425460696 0.225319371 0.439660668 0.218397081 0.411323845 0.334912032 0.758305192 0.349333793 0.782289445 0.341531932 0.792843878 0.325838417 0.769759238 0.223990887 0.369073153 0.231433287 0.397155046 0.218397081 0.411323845 0.21112822 0.383175731 0.322564244 0.733033419 0.334912032 0.758305192 0.325838417 0.769759238 0.312482238 0.745164335 0.185660228 0.300764084 0.194952384 0.327783585 0.182896152 0.341308296 0.174087137 0.314002454 0.281739652 0.665775418 0.290804058 0.692924261 0.279129118 0.70636183 0.269584864 0.679472446 0.175223872 0.274404526 0.185660228 0.300764084 0.174087137 0.314002454 0.164276779 0.287265539 0.273494452 0.638166189 0.281739652 0.665775418 0.269584864 0.679472446 0.260978848 0.652052939 0.163297802 0.248929858 0.175223872 0.274404526 0.164276779 0.287265539 0.153158993 0.261290252 0.265866101 0.610215306 0.273494452 0.638166189 0.260978848 0.652052939 0.253084302 0.624237895 0.149441883 0.224649906 0.163297802 0.248929858 0.153158993 0.261290252 0.140341729 0.236340046 0.258690804 0.58201617 0.265866101 0.610215306 0.253084302 0.624237895 0.245719716 0.596131921 0.133111298 0.201994598 0.149441883 0.224649906 0.140341729 0.236340046 0.12533018 0.212779641 0.2518318 0.553644955 0.258690804 0.58201617 0.245719716 0.596131921 0.238736331 0.567818642 0.438522041 0.856136501 0.47096777 0.859969199 0.437984705 0.859214783 0.1136804 0.181558669 0.133111298 0.201994598 0.12533018 0.212779641 0.107528776 0.191116452 0.245170638 0.52516675 0.2518318 0.553644955 0.238736331 0.567818642 0.232007593 0.539367676 0.408577263 0.846526861 0.438522041 0.856136501 0.437984705 0.859214783 0.406497598 0.852363825 0.0905516595 0.164139986 0.1136804 0.181558669 0.107528776 0.191116452 0.0862982571 0.172045052 0.238599882 0.496639729 0.245170638 0.52516675 0.232007593 0.539367676 0.225421548 0.51083988 0.382388294 0.832078874 0.408577263 0.846526861 0.406497598 0.852363825 0.378309697 0.840156078 0.0634250417 0.150734425 0.0905516595 0.164139986 0.0862982571 0.172045052 0.0611372367 0.156471729 0.232017145 0.468119144 0.238599882 0.496639729 0.225421548 0.51083988 0.218874156 0.482291341 0.360174745 0.813866377 0.382388294 0.832078874 0.378309697 0.840156078 0.354121029 0.823647499 0.032735642 0.142413497 0.0634250417 0.150734425 0.0611372367 0.156471729 0.0320498198 0.145461917 0.225319371 0.439660668 0.232017145 0.468119144 0.218874156 0.482291341 0.21226351 0.453776717 0.341531932 0.792843878 0.360174745 0.813866377 0.354121029 0.823647499 0.333771288 0.803877592 0 0.140030622 0.032735642 0.142413497 0.0320498198 0.145461917 0.218397081 0.411323845 0.225319371 0.439660668 0.21226351 0.453776717 0.205484137 0.42535305 0.325838417 0.769759238 0.341531932 0.792843878 0.333771288 0.803877592 0.316699713 0.781702101 0.21112822 0.383175731 0.218397081 0.411323845 0.205484137 0.42535305 0.198421285 0.397082865 0.312482238 0.745164335 0.325838417 0.769759238 0.316699713 0.781702101 0.302267253 0.7577672 0.203370586 0.355296135 0.21112822 0.383175731 0.198421285 0.397082865 0.190943852 0.369038701 0.300942838 0.719456911 0.312482238 0.745164335 0.302267253 0.7577672 0.289900005 0.732541382 0.194952384 0.327783585 0.203370586 0.355296135 0.190943852 0.369038701 0.182896152 0.341308296 0.290804058 0.692924261 0.300942838 0.719456911 0.289900005 0.732541382 0.279129118 0.70636183 0.153158993 0.261290252 0.164276779 0.287265539 0.153469816 0.299655735 0.143128768 0.273152292 0.253084302 0.624237895 0.260978848 0.652052939 0.248247564 0.66614151 0.240115732 0.638402879 0.140341729 0.236340046 0.153158993 0.261290252 0.143128768 0.273152292 0.13128975 0.247520626 0.245719716 0.596131921 0.253084302 0.624237895 0.240115732 0.638402879 0.232596055 0.610331655 0.12533018 0.212779641 0.140341729 0.236340046 0.13128975 0.247520626 0.117502853 0.223068953 0.238736331 0.567818642 0.245719716 0.596131921 0.232596055 0.610331655 0.225525275 0.582019091 0.437984705 0.859214783 0.47096777 0.859969199 0.437744647 0.862329185 0.107528776 0.191116452 0.12533018 0.212779641 0.117502853 0.223068953 0.101206593 0.200228691 0.232007593 0.539367676 0.238736331 0.567818642 0.225525275 0.582019091 0.218767405 0.553539515 0.406497598 0.852363825 0.437984705 0.859214783 0.437744647 0.862329185 0.404853612 0.858361542 0.0862982571 0.172045052 0.107528776 0.191116452 0.101206593 0.200228691 0.0817477554 0.179599702 0.225421548 0.51083988 0.232007593 0.539367676 0.218767405 0.553539515 0.212204784 0.524956226 0.378309697 0.840156078 0.406497598 0.852363825 0.404853612 0.858361542 0.374603927 0.848534286 0.0611372367 0.156471729 0.0862982571 0.172045052 0.0817477554 0.179599702 0.0584907793 0.161993921 0.218874156 0.482291341 0.225421548 0.51083988 0.212204784 0.524956226 0.205730855 0.49632585 0.354121029 0.823647499 0.378309697 0.840156078 0.374603927 0.848534286 0.348271459 0.833830178 0.0320498198 0.145461917 0.0611372367 0.156471729 0.0584907793 0.161993921 0.031098213 0.148434341 0.21226351 0.453776717 0.218874156 0.482291341 0.205730855 0.49632585 0.199243963 0.467702389 0.333771288 0.803877592 0.354121029 0.823647499 0.348271459 0.833830178 0.326040179 0.815358639 0 0.140030622 0.0320498198 0.145461917 0.031098213 0.148434341 0.205484137 0.42535305 0.21226351 0.453776717 0.199243963 0.467702389 0.19264172 0.439140081 0.316699713 0.781702101 0.333771288 0.803877592 0.326040179 0.815358639 0.307457298 0.794093668 0.198421285 0.397082865 0.205484137 0.42535305 0.19264172 0.439140081 0.185815409 0.410696924 0.302267253 0.7577672 0.316699713 0.781702101 0.307457298 0.794093668 0.291864604 0.770790398 0.190943852 0.369038701 0.198421285 0.397082865 0.185815409 0.410696924 0.178643286 0.38243866 0.289900005 0.732541382 0.302267253 0.7577672 0.291864604 0.770790398 0.278626591 0.746000528 0.182896152 0.341308296 0.190943852 0.369038701 0.178643286 0.38243866 0.170983508 0.354443312 0.279129118 0.70636183 0.289900005 0.732541382 0.278626591 0.746000528 0.267210573 0.720119655 0.174087137 0.314002454 0.182896152 0.341308296 0.170983508 0.354443312 0.162663832 0.326807499 0.269584864 0.679472446 0.279129118 0.70636183 0.267210573 0.720119655 0.257193804 0.693431199 0.164276779 0.287265539 0.174087137 0.314002454 0.162663832 0.326807499 0.153469816 0.299655735 0.260978848 0.652052939 0.269584864 0.679472446 0.257193804 0.693431199 0.248247564 0.66614151 0.117502853 0.223068953 0.13128975 0.247520626 0.122259207 0.258152723 0.109621733 0.23283118 0.225525275 0.582019091 0.232596055 0.610331655 0.219261393 0.624506831 0.212144047 0.596135616 0.437744647 0.862329185 0.47096777 0.859969199 0.437821954 0.865451157 0.101206593 0.200228691 0.117502853 0.223068953 0.109621733 0.23283118 0.0947306603 0.208867311 0.218767405 0.553539515 0.225525275 0.582019091 0.212144047 0.596135616 0.205398381 0.567570865 0.404853612 0.858361542 0.437744647 0.862329185 0.437821954 0.865451157 0.403705031 0.864479542 0.0817477554 0.179599702 0.101206593 0.200228691 0.0947306603 0.208867311 0.0769387558 0.186774909 0.212204784 0.524956226 0.218767405 0.553539515 0.205398381 0.567570865 0.19889988 0.538878083 0.374603927 0.848534286 0.404853612 0.858361542 0.403705031 0.864479542 0.371335864 0.857177675 0.0584907793 0.161993921 0.0817477554 0.179599702 0.0769387558 0.186774909 0.0555281863 0.167269945 0.205730855 0.49632585 0.212204784 0.524956226 0.19889988 0.538878083 0.192538649 0.510114491 0.348271459 0.833830178 0.374603927 0.848534286 0.371335864 0.857177675 0.342655957 0.844384372 0.031098213 0.148434341 0.0584907793 0.161993921 0.0555281863 0.167269945 0.0299015678 0.151306987 0.199243963 0.467702389 0.205730855 0.49632585 0.192538649 0.510114491 0.186212525 0.481332779 0.326040179 0.815358639 0.348271459 0.833830178 0.342655957 0.844384372 0.318323314 0.827255368 0 0.140030622 0.031098213 0.148434341 0.0299015678 0.151306987 0.19264172 0.439140081 0.199243963 0.467702389 0.186212525 0.481332779 0.179821387 0.452584624 0.307457298 0.794093668 0.326040179 0.815358639 0.318323314 0.827255368 0.298061699 0.806892633 0.185815409 0.410696924 0.19264172 0.439140081 0.179821387 0.452584624 0.173261434 0.423923612 0.291864604 0.770790398 0.307457298 0.794093668 0.298061699 0.806892633 0.281205773 0.784179449 0.178643286 0.38243866 0.185815409 0.410696924 0.173261434 0.423923612 0.166419148 0.395408988 0.278626591 0.746000528 0.291864604 0.770790398 0.281205773 0.784179449 0.267046779 0.75976634 0.170983508 0.354443312 0.178643286 0.38243866 0.166419148 0.395408988 0.15916431 0.367109835 0.267210573 0.720119655 0.278626591 0.746000528 0.267046779 0.75976634 0.254972339 0.73411715 0.162663832 0.326807499 0.170983508 0.354443312 0.15916431 0.367109835 0.151341066 0.339109898 0.257193804 0.693431199 0.267210573 0.720119655 0.254972339 0.73411715 0.244493738 0.707560778 0.153469816 0.299655735 0.162663832 0.326807499 0.151341066 0.339109898 0.142756954 0.311515927 0.248247564 0.66614151 0.257193804 0.693431199 0.244493738 0.707560778 0.235232666 0.680333138 0.143128768 0.273152292 0.153469816 0.299655735 0.142756954 0.311515927 0.133167982 0.28446734 0.240115732 0.638402879 0.248247564 0.66614151 0.235232666 0.680333138 0.226897523 0.652605653 0.13128975 0.247520626 0.143128768 0.273152292 0.133167982 0.28446734 0.122259207 0.258152723 0.232596055 0.610331655 0.240115732 0.638402879 0.226897523 0.652605653 0.219261393 0.624506831 0.403705031 0.864479542 0.437821954 0.865451157 0.438235313 0.868550777 0.40312025 0.870672047 0.0769387558 0.186774909 0.0947306603 0.208867311 0.0881152004 0.217005253 0.0719035864 0.193543434 0.19889988 0.538878083 0.205398381 0.567570865 0.191849038 0.581347764 0.185458601 0.552493751 0.371335864 0.857177675 0.403705031 0.864479542 0.40312025 0.870672047 0.368587166 0.86604625 0.0555281863 0.167269945 0.0769387558 0.186774909 0.0719035864 0.193543434 0.0522868969 0.172271729 0.192538649 0.510114491 0.19889988 0.538878083 0.185458601 0.552493751 0.179251492 0.523548722 0.342655957 0.844384372 0.371335864 0.857177675 0.368587166 0.86604625 0.337313741 0.855279386 0.0299015678 0.151306987 0.0555281863 0.167269945 0.0522868969 0.172271729 0.0284803733 0.15405786 0.186212525 0.481332779 0.192538649 0.510114491 0.179251492 0.523548722 0.173124567 0.494563937 0.318323314 0.827255368 0.342655957 0.844384372 0.337313741 0.855279386 0.310601056 0.839535952 0 0.140030622 0.0299015678 0.151306987 0.0284803733 0.15405786 0.179821387 0.452584624 0.186212525 0.481332779 0.173124567 0.494563937 0.166979223 0.465588272 0.298061699 0.806892633 0.318323314 0.827255368 0.310601056 0.839535952 0.288449168 0.8200562 0.173261434 0.423923612 0.179821387 0.452584624 0.166979223 0.465588272 0.160715863 0.436671078 0.281205773 0.784179449 0.298061699 0.806892633 0.288449168 0.8200562 0.270204395 0.797875881 0.166419148 0.395408988 0.173261434 0.423923612 0.160715863 0.436671078 0.154228091 0.407865524 0.267046779 0.75976634 0.281205773 0.784179449 0.270204395 0.797875881 0.255067647 0.773764253 0.15916431 0.367109835 0.166419148 0.395408988 0.154228091 0.407865524 0.147395894 0.379232049 0.254972339 0.73411715 0.267046779 0.75976634 0.255067647 0.773764253 0.242324144 0.748266399 0.151341066 0.339109898 0.15916431 0.367109835 0.147395894 0.379232049 0.140077755 0.350843072 0.244493738 0.707560778 0.254972339 0.73411715 0.242324144 0.748266399 0.231401011 0.721762955 0.142756954 0.311515927 0.151341066 0.339109898 0.140077755 0.350843072 0.132100448 0.322789431 0.235232666 0.680333138 0.244493738 0.707560778 0.231401011 0.721762955 0.221858397 0.694521904 0.133167982 0.28446734 0.142756954 0.311515927 0.132100448 0.322789431 0.123245217 0.295188606 0.226897523 0.652605653 0.235232666 0.680333138 0.221858397 0.694521904 0.213361636 0.666735232 0.122259207 0.258152723 0.133167982 0.28446734 0.123245217 0.295188606 0.113229156 0.268198371 0.219261393 0.624506831 0.226897523 0.652605653 0.213361636 0.666735232 0.205654413 0.638543665 0.109621733 0.23283118 0.122259207 0.258152723 0.113229156 0.268198371 0.101681374 0.242035389 0.212144047 0.596135616 0.219261393 0.624506831 0.205654413 0.638543665 0.198536873 0.610053599 0.437821954 0.865451157 0.47096777 0.859969199 0.438235313 0.868550777 0.0947306603 0.208867311 0.109621733 0.23283118 0.101681374 0.242035389 0.0881152004 0.217005253 0.205398381 0.567570865 0.212144047 0.596135616 0.198536873 0.610053599 0.191849038 0.581347764 0.337313741 0.855279386 0.368587166 0.86604625 0.366462052 0.875094771 0.332297981 0.866483152 0.0284803733 0.15405786 0.0522868969 0.172271729 0.0488000102 0.176973462 0.0268546678 0.156666756 0.173124567 0.494563937 0.179251492 0.523548722 0.165826827 0.536519289 0.159939662 0.507292271 0.310601056 0.839535952 0.337313741 0.855279386 0.332297981 0.866483152 0.302847058 0.85216862 0 0.140030622 0.0284803733 0.15405786 0.0268546678 0.156666756 0.166979223 0.465588272 0.173124567 0.494563937 0.159939662 0.507292271 0.154076278 0.478053927 0.288449168 0.8200562 0.310601056 0.839535952 0.302847058 0.85216862 0.278535694 0.833539069 0.160715863 0.436671078 0.166979223 0.465588272 0.154076278 0.478053927 0.148140818 0.448849499 0.270204395 0.797875881 0.288449168 0.8200562 0.278535694 0.833539069 0.258750379 0.811815321 0.154228091 0.407865524 0.160715863 0.436671078 0.148140818 0.448849499 0.142033145 0.419726253 0.255067647 0.773764253 0.270204395 0.797875881 0.258750379 0.811815321 0.24257496 0.78791219 0.147395894 0.379232049 0.154228091 0.407865524 0.142033145 0.419726253 0.135642424 0.390736818 0.242324144 0.748266399 0.255067647 0.773764253 0.24257496 0.78791219 0.229158849 0.762470365 0.140077755 0.350843072 0.147395894 0.379232049 0.135642424 0.390736818 0.12883997 0.361943066 0.231401011 0.721762955 0.242324144 0.748266399 0.229158849 0.762470365 0.217820048 0.735929608 0.132100448 0.322789431 0.140077755 0.350843072 0.12883997 0.361943066 0.121469684 0.333421588 0.221858397 0.694521904 0.231401011 0.721762955 0.217820048 0.735929608 0.208041251 0.708592951 0.123245217 0.295188606 0.132100448 0.322789431 0.121469684 0.333421588 0.113335453 0.305270433 0.213361636 0.666735232 0.221858397 0.694521904 0.208041251 0.708592951 0.199435472 0.680672884 0.113229156 0.268198371 0.123245217 0.295188606 0.113335453 0.305270433 0.104183413 0.277620554 0.205654413 0.638543665 0.213361636 0.666735232 0.199435472 0.680672884 0.191711783 0.652321994 0.101681374 0.242035389 0.113229156 0.268198371 0.104183413 0.277620554 0.0936783031 0.25065136 0.198536873 0.610053599 0.205654413 0.638543665 0.191711783 0.652321994 0.184647843 0.623653352 0.438235313 0.868550777 0.47096777 0.859969199 0.439001411 0.8715958 0.0881152004 0.217005253 0.101681374 0.242035389 0.0936783031 0.25065136 0.0813725442 0.224616289 0.191849038 0.581347764 0.198536873 0.610053599 0.184647843 0.623653352 0.178069279 0.594753027 0.40312025 0.870672047 0.438235313 0.868550777 0.439001411 0.8715958 0.403177083 0.876887679 0.0719035864 0.193543434 0.0881152004 0.217005253 0.0813725442 0.224616289 0.0666698068 0.199879944 0.185458601 0.552493751 0.191849038 0.581347764 0.178069279 0.594753027 0.171835154 0.565689445 0.368587166 0.86604625 0.40312025 0.870672047 0.403177083 0.876887679 0.366462052 0.875094771 0.0522868969 0.172271729 0.0719035864 0.193543434 0.0666698068 0.199879944 0.0488000102 0.176973462 0.179251492 0.523548722 0.185458601 0.552493751 0.171835154 0.565689445 0.165826827 0.536519289 0.278535694 0.833539069 0.302847058 0.85216862 0.295026273 0.865121543 0.268208951 0.847292602 0.148140818 0.448849499 0.154076278 0.478053927 0.141079068 0.489885747 0.135504186 0.460371017 0.258750379 0.811815321 0.278535694 0.833539069 0.268208951 0.847292602 0.246701479 0.825925589 0.142033145 0.419726253 0.148140818 0.448849499 0.135504186 0.460371017 0.129803404 0.430911779 0.24257496 0.78791219 0.258750379 0.811815321 0.246701479 0.825925589 0.229427442 0.802116096 0.135642424 0.390736818 0.142033145 0.419726253 0.129803404 0.430911779 0.123874448 0.401553392 0.229158849 0.762470365 0.24257496 0.78791219 0.229427442 0.802116096 0.215349823 0.776619136 0.12883997 0.361943066 0.135642424 0.390736818 0.123874448 0.401553392 0.117600232 0.372347951 0.217820048 0.735929608 0.229158849 0.762470365 0.215349823 0.776619136 0.203642502 0.749940574 0.121469684 0.333421588 0.12883997 0.361943066 0.117600232 0.372347951 0.110840321 0.34335959 0.208041251 0.708592951 0.217820048 0.735929608 0.203642502 0.749940574 0.1936903 0.722420156 0.113335453 0.305270433 0.121469684 0.333421588 0.110840321 0.34335959 0.103419214 0.314668953 0.199435472 0.680672884 0.208041251 0.708592951 0.1936903 0.722420156 0.185043007 0.69429034 0.104183413 0.277620554 0.113335453 0.305270433 0.103419214 0.314668953 0.0951098502 0.286383569 0.191711783 0.652321994 0.199435472 0.680672884 0.185043007 0.69429034 0.177369535 0.665714025 0.0936783031 0.25065136 0.104183413 0.277620554 0.0951098502 0.286383569 0.0856107473 0.258649826 0.184647843 0.623653352 0.191711783 0.652321994 0.177369535 0.665714025 0.170422375 0.636809707 0.439001411 0.8715958 0.47096777 0.859969199 0.44013387 0.874553025 0.0813725442 0.224616289 0.0936783031 0.25065136 0.0856107473 0.258649826 0.07451386 0.231675446 0.178069279 0.594753027 0.184647843 0.623653352 0.170422375 0.636809707 0.164011732 0.607665181 0.403177083 0.876887679 0.439001411 0.8715958 0.44013387 0.874553025 0.403963029 0.883068085 0.0666698068 0.199879944 0.0813725442 0.224616289 0.07451386 0.231675446 0.0612612739 0.205761075 0.171835154 0.565689445 0.178069279 0.594753027 0.164011732 0.607665181 0.157987535 0.578348875 0.366462052 0.875094771 0.403177083 0.876887679 0.403963029 0.883068085 0.365095049 0.884271324 0.0488000102 0.176973462 0.0666698068 0.199879944 0.0612612739 0.205761075 0.0450970568 0.181352258 0.165826827 0.536519289 0.171835154 0.565689445 0.157987535 0.578348875 0.152226448 0.548916161 0.332297981 0.866483152 0.366462052 0.875094771 0.365095049 0.884271324 0.327682346 0.877962291 0.0268546678 0.156666756 0.0488000102 0.176973462 0.0450970568 0.181352258 0.0250439476 0.159115314 0.159939662 0.507292271 0.165826827 0.536519289 0.152226448 0.548916161 0.146622345 0.519414365 0.302847058 0.85216862 0.332297981 0.866483152 0.327682346 0.877962291 0.295026273 0.865121543 0 0.140030622 0.0268546678 0.156666756 0.0250439476 0.159115314 0.154076278 0.478053927 0.159939662 0.507292271 0.146622345 0.519414365 0.141079068 0.489885747 0.229427442 0.802116096 0.246701479 0.825925589 0.23387143 0.840122283 0.215449646 0.816266418 0.123874448 0.401553392 0.129803404 0.430911779 0.117514104 0.441344857 0.112068504 0.411613345 0.215349823 0.776619136 0.229427442 0.802116096 0.215449646 0.816266418 0.200748026 0.790586174 0.117600232 0.372347951 0.123874448 0.401553392 0.112068504 0.411613345 0.106336914 0.381998599 0.203642502 0.749940574 0.215349823 0.776619136 0.200748026 0.790586174 0.188747272 0.763659894 0.110840321 0.34335959 0.117600232 0.372347951 0.106336914 0.381998599 0.100193433 0.35255301 0.1936903 0.722420156 0.203642502 0.749940574 0.188747272 0.763659894 0.178708747 0.735863924 0.103419214 0.314668953 0.110840321 0.34335959 0.100193433 0.35255301 0.0934817642 0.323342144 0.185043007 0.69429034 0.1936903 0.722420156 0.178708747 0.735863924 0.170106888 0.707448244 0.0951098502 0.286383569 0.103419214 0.314668953 0.0934817642 0.323342144 0.0859998614 0.294452727 0.177369535 0.665714025 0.185043007 0.69429034 0.170106888 0.707448244 0.162565276 0.678583682 0.0856107473 0.258649826 0.0951098502 0.286383569 0.0859998614 0.294452727 0.0774785429 0.266002536 0.170422375 0.636809707 0.177369535 0.665714025 0.162565276 0.678583682 0.155809388 0.649391174 0.44013387 0.874553025 0.47096777 0.859969199 0.441642255 0.877387702 0.07451386 0.231675446 0.0856107473 0.258649826 0.0774785429 0.266002536 0.0675495788 0.238158703 0.164011732 0.607665181 0.170422375 0.636809707 0.155809388 0.649391174 0.149633482 0.619958878 0.403963029 0.883068085 0.44013387 0.874553025 0.441642255 0.877387702 0.40557465 0.889146566 0.0612612739 0.205761075 0.07451386 0.231675446 0.0675495788 0.238158703 0.0556990877 0.211164951 0.157987535 0.578348875 0.164011732 0.607665181 0.149633482 0.619958878 0.143878803 0.590353608 0.365095049 0.884271324 0.403963029 0.883068085 0.40557465 0.889146566 0.364662051 0.893514037 0.0450970568 0.181352258 0.0612612739 0.205761075 0.0556990877 0.211164951 0.0412045904 0.185387015 0.152226448 0.548916161 0.157987535 0.578348875 0.143878803 0.590353608 0.138417646 0.560628474 0.327682346 0.877962291 0.365095049 0.884271324 0.364662051 0.893514037 0.323571771 0.889680922 0.0250439476 0.159115314 0.0450970568 0.181352258 0.0412045904 0.185387015 0.0230670962 0.161386669 0.146622345 0.519414365 0.152226448 0.548916161 0.138417646 0.560628474 0.133142978 0.530827403 0.295026273 0.865121543 0.327682346 0.877962291 0.323571771 0.889680922 0.287089914 0.878363013 0 0.140030622 0.0250439476 0.159115314 0.0230670962 0.161386669 0.141079068 0.489885747 0.146622345 0.519414365 0.133142978 0.530827403 0.127959952 0.500989079 0.268208951 0.847292602 0.295026273 0.865121543 0.287089914 0.878363013 0.257314861 0.86126256 0.135504186 0.460371017 0.141079068 0.489885747 0.127959952 0.500989079 0.122779883 0.471149504 0.246701479 0.825925589 0.268208951 0.847292602 0.257314861 0.86126256 0.23387143 0.840122283 0.129803404 0.430911779 0.135504186 0.460371017 0.122779883 0.471149504 0.117514104 0.441344857 0.188747272 0.763659894 0.200748026 0.790586174 0.185180336 0.804223299 0.173002139 0.776932538 0.100193433 0.35255301 0.106336914 0.381998599 0.0950338915 0.390838146 0.0895151496 0.360953569 0.178708747 0.735863924 0.188747272 0.763659894 0.173002139 0.776932538 0.162996903 0.748769104 0.0934817642 0.323342144 0.100193433 0.35255301 0.0895151496 0.360953569 0.083512567 0.331249774 0.170106888 0.707448244 0.178708747 0.735863924 0.162996903 0.748769104 0.154551774 0.719995201 0.0859998614 0.294452727 0.0934817642 0.323342144 0.083512567 0.331249774 0.0768478662 0.301795244 0.162565276 0.678583682 0.170106888 0.707448244 0.154551774 0.719995201 0.147241309 0.690785587 0.0774785429 0.266002536 0.0859998614 0.294452727 0.0768478662 0.301795244 0.0692830011 0.272682607 0.155809388 0.649391174 0.162565276 0.678583682 0.147241309 0.690785587 0.140763715 0.661260188 0.441642255 0.877387702 0.47096777 0.859969199 0.44353056 0.880064547 0.0675495788 0.238158703 0.0774785429 0.266002536 0.0692830011 0.272682607 0.0604896843 0.244043767 0.149633482 0.619958878 0.155809388 0.649391174 0.140763715 0.661260188 0.134898394 0.631505013 0.40557465 0.889146566 0.441642255 0.877387702 0.44353056 0.880064547 0.408115566 0.895047307 0.0556990877 0.211164951 0.0675495788 0.238158703 0.0604896843 0.244043767 0.0500022173 0.216071606 0.143878803 0.590353608 0.149633482 0.619958878 0.134898394 0.631505013 0.129478902 0.601583421 0.364662051 0.893514037 0.40557465 0.889146566 0.408115566 0.895047307 0.365394503 0.902747512 0.0412045904 0.185387015 0.0556990877 0.211164951 0.0500022173 0.216071606 0.0371467359 0.189058959 0.138417646 0.560628474 0.143878803 0.590353608 0.129478902 0.601583421 0.124374673 0.571544886 0.323571771 0.889680922 0.364662051 0.893514037 0.365394503 0.902747512 0.320120543 0.901599288 0.0230670962 0.161386669 0.0412045904 0.185387015 0.0371467359 0.189058959 0.0209423937 0.163465858 0.133142978 0.530827403 0.138417646 0.560628474 0.124374673 0.571544886 0.119478516 0.541429281 0.287089914 0.878363013 0.323571771 0.889680922 0.320120543 0.901599288 0.278967768 0.891860783 0 0.140030622 0.0230670962 0.161386669 0.0209423937 0.163465858 0.127959952 0.500989079 0.133142978 0.530827403 0.119478516 0.541429281 0.114697896 0.51127106 0.257314861 0.86126256 0.287089914 0.878363013 0.278967768 0.891860783 0.24563612 0.875386 0.122779883 0.471149504 0.127959952 0.500989079 0.114697896 0.51127106 0.109948136 0.481101274 0.23387143 0.840122283 0.257314861 0.86126256 0.24563612 0.875386 0.220013231 0.8543033 0.117514104 0.441344857 0.122779883 0.471149504 0.109948136 0.481101274 0.105146535 0.450950861 0.215449646 0.816266418 0.23387143 0.840122283 0.220013231 0.8543033 0.200424075 0.830231607 0.112068504 0.411613345 0.117514104 0.441344857 0.105146535 0.450950861 0.100206994 0.42085135 0.200748026 0.790586174 0.215449646 0.816266418 0.200424075 0.830231607 0.185180336 0.804223299 0.106336914 0.381998599 0.112068504 0.411613345 0.100206994 0.42085135 0.0950338915 0.390838146 0.154551774 0.719995201 0.162996903 0.748769104 0.146457568 0.760962725 0.138309255 0.731767118 0.0768478662 0.301795244 0.083512567 0.331249774 0.0735048279 0.33835423 0.0676510409 0.308380187 0.147241309 0.690785587 0.154551774 0.719995201 0.138309255 0.731767118 0.131348833 0.702165782 0.0692830011 0.272682607 0.0768478662 0.301795244 0.0676510409 0.308380187 0.0610268787 0.278664947 0.140763715 0.661260188 0.147241309 0.690785587 0.131348833 0.702165782 0.125249729 0.672273874 0.44353056 0.880064547 0.47096777 0.859969199 0.445795894 0.882547796 0.0604896843 0.244043767 0.0692830011 0.272682607 0.0610268787 0.278664947 0.0533439778 0.249309659 0.134898394 0.631505013 0.140763715 0.661260188 0.125249729 0.672273874 0.119779423 0.642171681 0.408115566 0.895047307 0.44353056 0.880064547 0.445795894 0.882547796 0.411690891 0.900683939 0.0500022173 0.216071606 0.0604896843 0.244043767 0.0533439778 0.249309659 0.0441880077 0.22046268 0.129478902 0.601583421 0.134898394 0.631505013 0.119779423 0.642171681 0.11476662 0.611917257 0.365394503 0.902747512 0.408115566 0.895047307 0.411690891 0.900683939 0.367598623 0.911876857 0.0371467359 0.189058959 0.0500022173 0.216071606 0.0441880077 0.22046268 0.0329455771 0.192351341 0.124374673 0.571544886 0.129478902 0.601583421 0.11476662 0.611917257 0.110079855 0.581554949 0.320120543 0.901599288 0.365394503 0.902747512 0.367598623 0.911876857 0.317563921 0.913671613 0.0209423937 0.163465858 0.0371467359 0.189058959 0.0329455771 0.192351341 0.0186875239 0.165339351 0.119478516 0.541429281 0.124374673 0.571544886 0.110079855 0.581554949 0.105613634 0.551119745 0.278967768 0.891860783 0.320120543 0.901599288 0.317563921 0.913671613 0.270553827 0.905581951 0 0.140030622 0.0209423937 0.163465858 0.0186875239 0.165339351 0.114697896 0.51127106 0.119478516 0.541429281 0.105613634 0.551119745 0.101278812 0.520641327 0.24563612 0.875386 0.278967768 0.891860783 0.270553827 0.905581951 0.232856974 0.889585555 0.109948136 0.481101274 0.114697896 0.51127106 0.101278812 0.520641327 0.0969956815 0.490145802 0.220013231 0.8543033 0.24563612 0.875386 0.232856974 0.889585555 0.20479542 0.868339658 0.105146535 0.450950861 0.109948136 0.481101274 0.0969956815 0.490145802 0.0926879942 0.459658504 0.200424075 0.830231607 0.220013231 0.8543033 0.20479542 0.868339658 0.184082881 0.843850076 0.100206994 0.42085135 0.105146535 0.450950861 0.0926879942 0.459658504 0.0882778838 0.429204941 0.185180336 0.804223299 0.200424075 0.830231607 0.184082881 0.843850076 0.168450415 0.817354679 0.0950338915 0.390838146 0.100206994 0.42085135 0.0882778838 0.429204941 0.083680138 0.398813128 0.173002139 0.776932538 0.185180336 0.804223299 0.168450415 0.817354679 0.156268284 0.789581001 0.0895151496 0.360953569 0.0950338915 0.390838146 0.083680138 0.398813128 0.0787960663 0.368516088 0.162996903 0.748769104 0.173002139 0.776932538 0.156268284 0.789581001 0.146457568 0.760962725 0.083512567 0.331249774 0.0895151496 0.360953569 0.0787960663 0.368516088 0.0735048279 0.33835423 0.125249729 0.672273874 0.131348833 0.702165782 0.114853218 0.712563515 0.109245136 0.682285786 0.445795894 0.882547796 0.47096777 0.859969199 0.448427081 0.884802103 0.0533439778 0.249309659 0.0610268787 0.278664947 0.0527142212 0.283926427 0.0461222716 0.253937364 0.119779423 0.642171681 0.125249729 0.672273874 0.109245136 0.682285786 0.104261838 0.651826024 0.411690891 0.900683939 0.445795894 0.882547796 0.448427081 0.884802103 0.416398734 0.905958712 0.0441880077 0.22046268 0.0533439778 0.249309659 0.0461222716 0.253937364 0.0382725969 0.224321842 0.11476662 0.611917257 0.119779423 0.642171681 0.104261838 0.651826024 0.0997315124 0.621235073 0.367598623 0.911876857 0.411690891 0.900683939 0.416398734 0.905958712 0.371677965 0.920778632 0.0329455771 0.192351341 0.0441880077 0.22046268 0.0382725969 0.224321842 0.0286215916 0.195249259 0.110079855 0.581554949 0.11476662 0.611917257 0.0997315124 0.621235073 0.0955251902 0.590550542 0.317563921 0.913671613 0.367598623 0.911876857 0.371677965 0.920778632 0.316276342 0.925840914 0.0186875239 0.165339351 0.0329455771 0.192351341 0.0286215916 0.195249259 0.0163196102 0.166995347 0.105613634 0.551119745 0.110079855 0.581554949 0.0955251902 0.590550542 0.0915413797 0.559801996 0.270553827 0.905581951 0.317563921 0.913671613 0.316276342 0.925840914 0.261678427 0.919491887 0 0.140030622 0.0186875239 0.165339351 0.0163196102 0.166995347 0.101278812 0.520641327 0.105613634 0.551119745 0.0915413797 0.559801996 0.0876961723 0.529013634 0.232856974 0.889585555 0.270553827 0.905581951 0.261678427 0.919491887 0.218502283 0.90375936 0.0969956815 0.490145802 0.101278812 0.520641327 0.0876961723 0.529013634 0.0839159861 0.498206615 0.20479542 0.868339658 0.232856974 0.889585555 0.218502283 0.90375936 0.187771082 0.882062137 0.0926879942 0.459658504 0.0969956815 0.490145802 0.0839159861 0.498206615 0.0801318511 0.46740067 0.184082881 0.843850076 0.20479542 0.868339658 0.187771082 0.882062137 0.166102841 0.85691905 0.0882778838 0.429204941 0.0926879942 0.459658504 0.0801318511 0.46740067 0.0762745142 0.436615825 0.168450415 0.817354679 0.184082881 0.843850076 0.166102841 0.85691905 0.150345042 0.829770386 0.083680138 0.398813128 0.0882778838 0.429204941 0.0762745142 0.436615825 0.0722693428 0.405873358 0.156268284 0.789581001 0.168450415 0.817354679 0.150345042 0.829770386 0.13840954 0.801401734 0.0787960663 0.368516088 0.083680138 0.398813128 0.0722693428 0.405873358 0.0680308715 0.375198245 0.146457568 0.760962725 0.156268284 0.789581001 0.13840954 0.801401734 0.129004508 0.772254467 0.0735048279 0.33835423 0.0787960663 0.368516088 0.0680308715 0.375198245 0.0634551719 0.344620347 0.138309255 0.731767118 0.146457568 0.760962725 0.129004508 0.772254467 0.12132483 0.742588043 0.0676510409 0.308380187 0.0735048279 0.33835423 0.0634551719 0.344620347 0.0584090352 0.314179003 0.131348833 0.702165782 0.138309255 0.731767118 0.12132483 0.742588043 0.114853218 0.712563515 0.0610268787 0.278664947 0.0676510409 0.308380187 0.0584090352 0.314179003 0.0527142212 0.283926427 0.0997315124 0.621235073 0.104261838 0.651826024 0.0883458406 0.660336971 0.0843759179 0.629420161 0.371677965 0.920778632 0.416398734 0.905958712 0.42231518 0.910763085 0.378154188 0.929288507 0.0286215916 0.195249259 0.0382725969 0.224321842 0.0322712436 0.22763443 0.0241939425 0.19773984 0.0955251902 0.590550542 0.0997315124 0.621235073 0.0843759179 0.629420161 0.0807134211 0.59842813 0.316276342 0.925840914 0.371677965 0.920778632 0.378154188 0.929288507 0.316885829 0.938030183 0.0163196102 0.166995347 0.0286215916 0.195249259 0.0241939425 0.19773984 0.0138552776 0.168423533 0.0915413797 0.559801996 0.0955251902 0.590550542 0.0807134211 0.59842813 0.0772641003 0.567384064 0.261678427 0.919491887 0.316276342 0.925840914 0.316885829 0.938030183 0.252048761 0.933552802 0 0.140030622 0.0163196102 0.166995347 0.0138552776 0.168423533 0.0876961723 0.529013634 0.0915413797 0.559801996 0.0772641003 0.567384064 0.073951371 0.536306739 0.218502283 0.90375936 0.261678427 0.919491887 0.252048761 0.933552802 0.20183076 0.91776222 0.0839159861 0.498206615 0.0876961723 0.529013634 0.073951371 0.536306739 0.0707093552 0.505212188 0.187771082 0.882062137 0.218502283 0.90375936 0.20183076 0.91776222 0.168341309 0.89523983 0.0801318511 0.46740067 0.0839159861 0.498206615 0.0707093552 0.505212188 0.067477338 0.474115252 0.166102841 0.85691905 0.187771082 0.882062137 0.168341309 0.89523983 0.14611119 0.869181752 0.0762745142 0.436615825 0.0801318511 0.46740067 0.067477338 0.474115252 0.0641953722 0.443030477 0.150345042 0.829770386 0.166102841 0.85691905 0.14611119 0.869181752 0.130650878 0.841220677 0.0722693428 0.405873358 0.0762745142 0.436615825 0.0641953722 0.443030477 0.0607996956 0.411973298 0.13840954 0.801401734 0.150345042 0.829770386 0.130650878 0.841220677 0.119308278 0.812164843 0.0680308715 0.375198245 0.0722693428 0.405873358 0.0607996956 0.411973298 0.0572180524 0.380961597 0.129004508 0.772254467 0.13840954 0.801401734 0.119308278 0.812164843 0.110575184 0.782436788 0.0634551719 0.344620347 0.0680308715 0.375198245 0.0572180524 0.380961597 0.0533631854 0.350016594 0.12132483 0.742588043 0.129004508 0.772254467 0.110575184 0.782436788 0.103567079 0.752272785 0.0584090352 0.314179003 0.0634551719 0.344620347 0.0533631854 0.350016594 0.0491236337 0.319165885 0.114853218 0.712563515 0.12132483 0.742588043 0.103567079 0.752272785 0.0977404341 0.721813619 0.0527142212 0.283926427 0.0584090352 0.314179003 0.0491236337 0.319165885 0.0443502665 0.288446069 0.109245136 0.682285786 0.114853218 0.712563515 0.0977404341 0.721813619 0.0927453488 0.691148698 0.448427081 0.884802103 0.47096777 0.859969199 0.451403439 0.886793435 0.0461222716 0.253937364 0.0527142212 0.283926427 0.0443502665 0.288446069 0.0388345122 0.257909894 0.104261838 0.651826024 0.109245136 0.682285786 0.0927453488 0.691148698 0.0883458406 0.660336971 0.416398734 0.905958712 0.448427081 0.884802103 0.451403439 0.886793435 0.42231518 0.910763085 0.0382725969 0.224321842 0.0461222716 0.253937364 0.0388345122 0.257909894 0.0322712436 0.22763443 0.0772641003 0.567384064 0.0807134211 0.59842813 0.0656590387 0.605091155 0.0627937168 0.573781371 0.252048761 0.933552802 0.316885829 0.938030183 0.320515126 0.950120986 0.241108492 0.947718322 0 0.140030622 0.0138552776 0.168423533 0.0113107115 0.169615269 0.073951371 0.536306739 0.0772641003 0.567384064 0.0627937168 0.573781371 0.0600537919 0.542446733 0.20183076 0.91776222 0.252048761 0.933552802 0.241108492 0.947718322 0.181646556 0.931369722 0.0707093552 0.505212188 0.073951371 0.536306739 0.0600537919 0.542446733 0.0573827662 0.511098266 0.168341309 0.89523983 0.20183076 0.91776222 0.181646556 0.931369722 0.145729735 0.90754962 0.067477338 0.474115252 0.0707093552 0.505212188 0.0573827662 0.511098266 0.0547293983 0.479746461 0.14611119 0.869181752 0.168341309 0.89523983 0.145729735 0.90754962 0.123715587 0.880313575 0.0641953722 0.443030477 0.067477338 0.474115252 0.0547293983 0.479746461 0.0520437732 0.448401093 0.130650878 0.841220677 0.14611119 0.869181752 0.123715587 0.880313575 0.109187581 0.851413906 0.0607996956 0.411973298 0.0641953722 0.443030477 0.0520437732 0.448401093 0.0492733978 0.417072296 0.119308278 0.812164843 0.130650878 0.841220677 0.109187581 0.851413906 0.0988899693 0.821616709 0.0572180524 0.380961597 0.0607996956 0.411973298 0.0492733978 0.417072296 0.0463594124 0.385772288 0.110575184 0.782436788 0.119308278 0.812164843 0.0988899693 0.821616709 0.091146782 0.791291118 0.0533631854 0.350016594 0.0572180524 0.380961597 0.0463594124 0.385772288 0.0432311445 0.354514718 0.103567079 0.752272785 0.110575184 0.782436788 0.091146782 0.791291118 0.0850379765 0.760632277 0.0491236337 0.319165885 0.0533631854 0.350016594 0.0432311445 0.354514718 0.0397985689 0.323317945 0.0977404341 0.721813619 0.103567079 0.752272785 0.0850379765 0.760632277 0.0800236687 0.729752004 0.0443502665 0.288446069 0.0491236337 0.319165885 0.0397985689 0.323317945 0.0359413624 0.292205572 0.0927453488 0.691148698 0.0977404341 0.721813619 0.0800236687 0.729752004 0.075767763 0.698719561 0.451403439 0.886793435 0.47096777 0.859969199 0.454693794 0.888490021 0.0388345122 0.257909894 0.0443502665 0.288446069 0.0359413624 0.292205572 0.0314907916 0.261212051 0.0883458406 0.660336971 0.0927453488 0.691148698 0.075767763 0.698719561 0.0720493942 0.667579532 0.42231518 0.910763085 0.451403439 0.886793435 0.454693794 0.888490021 0.429473758 0.914979935 0.0322712436 0.22763443 0.0388345122 0.257909894 0.0314907916 0.261212051 0.0261985287 0.230388045 0.0843759179 0.629420161 0.0883458406 0.660336971 0.0720493942 0.667579532 0.068716459 0.636362791 0.378154188 0.929288507 0.42231518 0.910763085 0.429473758 0.914979935 0.387667954 0.937183678 0.0241939425 0.19773984 0.0322712436 0.22763443 0.0261985287 0.230388045 0.0196807366 0.199812174 0.0807134211 0.59842813 0.0843759179 0.629420161 0.068716459 0.636362791 0.0656590387 0.605091155 0.316885829 0.938030183 0.378154188 0.929288507 0.387667954 0.937183678 0.320515126 0.950120986 0.0138552776 0.168423533 0.0241939425 0.19773984 0.0196807366 0.199812174 0.0113107115 0.169615269 0.0573827662 0.511098266 0.0600537919 0.542446733 0.0460205637 0.547368407 0.0439495817 0.515808582 0.145729735 0.90754962 0.181646556 0.931369722 0.155984893 0.944203675 0.11901772 0.918536127 0.0547293983 0.479746461 0.0573827662 0.511098266 0.0439495817 0.515808582 0.0418982022 0.484245896 0.123715587 0.880313575 0.145729735 0.90754962 0.11901772 0.918536127 0.0985830277 0.889914453 0.0520437732 0.448401093 0.0547293983 0.479746461 0.0418982022 0.484245896 0.0398273468 0.45268625 0.109187581 0.851413906 0.123715587 0.880313575 0.0985830277 0.889914453 0.0858622342 0.86002183 0.0492733978 0.417072296 0.0520437732 0.448401093 0.0398273468 0.45268625 0.0376962796 0.421135604 0.0988899693 0.821616709 0.109187581 0.851413906 0.0858622342 0.86002183 0.077155374 0.829489708 0.0463594124 0.385772288 0.0492733978 0.417072296 0.0376962796 0.421135604 0.0354597308 0.389601111 0.091146782 0.791291118 0.0988899693 0.821616709 0.077155374 0.829489708 0.0707546771 0.79859668 0.0432311445 0.354514718 0.0463594124 0.385772288 0.0354597308 0.389601111 0.0330636203 0.358090997 0.0850379765 0.760632277 0.091146782 0.791291118 0.0707546771 0.79859668 0.0657833815 0.767481923 0.0397985689 0.323317945 0.0432311445 0.354514718 0.0330636203 0.358090997 0.030439226 0.32661581 0.0800236687 0.729752004 0.0850379765 0.760632277 0.0657833815 0.767481923 0.0617491677 0.736222625 0.0359413624 0.292205572 0.0397985689 0.323317945 0.030439226 0.32661581 0.0274947975 0.295189261 0.075767763 0.698719561 0.0800236687 0.729752004 0.0617491677 0.736222625 0.058354903 0.704865098 0.454693794 0.888490021 0.47096777 0.859969199 0.458256215 0.889863372 0.0314907916 0.261212051 0.0359413624 0.292205572 0.0274947975 0.295189261 0.0241014287 0.263831496 0.0720493942 0.667579532 0.075767763 0.698719561 0.058354903 0.704865098 0.0554098301 0.673438787 0.429473758 0.914979935 0.454693794 0.888490021 0.458256215 0.889863372 0.437840372 0.918488264 0.0261985287 0.230388045 0.0314907916 0.261212051 0.0241014287 0.263831496 0.0200685728 0.232572198 0.068716459 0.636362791 0.0720493942 0.667579532 0.0554098301 0.673438787 0.0527849458 0.641963482 0.387667954 0.937183678 0.429473758 0.914979935 0.437840372 0.918488264 0.400914818 0.944163799 0.0196807366 0.199812174 0.0261985287 0.230388045 0.0200685728 0.232572198 0.0150992703 0.201457024 0.0656590387 0.605091155 0.068716459 0.636362791 0.0527849458 0.641963482 0.0503884926 0.610453427 0.320515126 0.950120986 0.387667954 0.937183678 0.400914818 0.944163799 0.329325885 0.961903691 0.0113107115 0.169615269 0.0196807366 0.199812174 0.0150992703 0.201457024 0.00870171282 0.170563459 0.0627937168 0.573781371 0.0656590387 0.605091155 0.0503884926 0.610453427 0.0481517613 0.578918874 0.241108492 0.947718322 0.320515126 0.950120986 0.329325885 0.961903691 0.22765018 0.96192193 0 0.140030622 0.0113107115 0.169615269 0.00870171282 0.170563459 0.0600537919 0.542446733 0.0627937168 0.573781371 0.0481517613 0.578918874 0.0460205637 0.547368407 0.181646556 0.931369722 0.241108492 0.947718322 0.22765018 0.96192193 0.155984893 0.944203675 0.0398273468 0.45268625 0.0418982022 0.484245896 0.0289985612 0.487573862 0.0275575109 0.455852211 0.0858622342 0.86002183 0.0985830277 0.889914453 0.0705885738 0.897520483 0.0607427284 0.866699755 0.0376962796 0.421135604 0.0398273468 0.45268625 0.0275575109 0.455852211 0.0260772314 0.424134552 0.077155374 0.829489708 0.0858622342 0.86002183 0.0607427284 0.866699755 0.0542149395 0.835520029 0.0354597308 0.389601111 0.0376962796 0.421135604 0.0260772314 0.424134552 0.0245262235 0.392424464 0.0707546771 0.79859668 0.077155374 0.829489708 0.0542149395 0.835520029 0.0495086908 0.804145336 0.0330636203 0.358090997 0.0354597308 0.389601111 0.0245262235 0.392424464 0.0228670985 0.36072582 0.0657833815 0.767481923 0.0707546771 0.79859668 0.0495086908 0.804145336 0.0459006354 0.772653341 0.030439226 0.32661581 0.0330636203 0.358090997 0.0228670985 0.36072582 0.0210523568 0.329043746 0.0617491677 0.736222625 0.0657833815 0.767481923 0.0459006354 0.772653341 0.0429996997 0.741086125 0.0274947975 0.295189261 0.030439226 0.32661581 0.0210523568 0.329043746 0.0190186631 0.297384501 0.058354903 0.704865098 0.0617491677 0.736222625 0.0429996997 0.741086125 0.0405758396 0.709468424 0.458256215 0.889863372 0.47096777 0.859969199 0.462038368 0.890889466 0.0241014287 0.263831496 0.0274947975 0.295189261 0.0190186631 0.297384501 0.0166769642 0.265758038 0.0554098301 0.673438787 0.058354903 0.704865098 0.0405758396 0.709468424 0.038484145 0.677815557 0.437840372 0.918488264 0.458256215 0.889863372 0.462038368 0.890889466 0.447287917 0.921171486 0.0200685728 0.232572198 0.0241014287 0.263831496 0.0166769642 0.265758038 0.0138951521 0.234178424 0.0527849458 0.641963482 0.0554098301 0.673438787 0.038484145 0.677815557 0.0366280377 0.646137714 0.400914818 0.944163799 0.437840372 0.918488264 0.447287917 0.921171486 0.418432653 0.949841321 0.0150992703 0.201457024 0.0200685728 0.232572198 0.0138951521 0.234178424 0.0104662087 0.202667415 0.0503884926 0.610453427 0.0527849458 0.641963482 0.0366280377 0.646137714 0.0349396616 0.61444211 0.329325885 0.961903691 0.400914818 0.944163799 0.418432653 0.949841321 0.347788006 0.97294265 0.00870171282 0.170563459 0.0150992703 0.201457024 0.0104662087 0.202667415 0.00604378618 0.171262205 0.0481517613 0.578918874 0.0503884926 0.610453427 0.0349396616 0.61444211 0.0333687253 0.582734108 0.22765018 0.96192193 0.329325885 0.961903691 0.347788006 0.97294265 0.208483934 0.976032972 0 0.140030622 0.00870171282 0.170563459 0.00604378618 0.171262205 0.0460205637 0.547368407 0.0481517613 0.578918874 0.0333687253 0.582734108 0.0318759568 0.551017821 0.155984893 0.944203675 0.22765018 0.96192193 0.208483934 0.976032972 0.121737674 0.95558691 0.0439495817 0.515808582 0.0460205637 0.547368407 0.0318759568 0.551017821 0.0304288603 0.519296706 0.11901772 0.918536127 0.155984893 0.944203675 0.121737674 0.95558691 0.0873606876 0.927577198 0.0418982022 0.484245896 0.0439495817 0.515808582 0.0304288603 0.519296706 0.0289985612 0.487573862 0.0985830277 0.889914453 0.11901772 0.918536127 0.0873606876 0.927577198 0.0705885738 0.897520483 0.0245262235 0.392424464 0.0260772314 0.424134552 0.0144275837 0.426047921 0.0135680763 0.394224644 0.0495086908 0.804145336 0.0542149395 0.835520029 0.0303132776 0.839474738 0.0276009291 0.807760179 0.0228670985 0.36072582 0.0245262235 0.392424464 0.0135680763 0.394224644 0.0126495706 0.362404823 0.0459006354 0.772653341 0.0495086908 0.804145336 0.0276009291 0.807760179 0.0255402531 0.776007295 0.0210523568 0.329043746 0.0228670985 0.36072582 0.0126495706 0.362404823 0.0116457744 0.330590129 0.0429996997 0.741086125 0.0459006354 0.772653341 0.0255402531 0.776007295 0.023893876 0.744230032 0.0190186631 0.297384501 0.0210523568 0.329043746 0.0116457744 0.330590129 0.0105216932 0.29878211 0.0405758396 0.709468424 0.0429996997 0.741086125 0.023893876 0.744230032 0.0225246977 0.712436557 0.462038368 0.890889466 0.47096777 0.859969199 0.465978861 0.891549826 0.0166769642 0.265758038 0.0190186631 0.297384501 0.0105216932 0.29878211 0.00922810379 0.266984224 0.038484145 0.677815557 0.0405758396 0.709468424 0.0225246977 0.712436557 0.0213474091 0.680631876 0.447287917 0.921171486 0.462038368 0.890889466 0.465978861 0.891549826 0.457581162 0.922928512 0.0138951521 0.234178424 0.0166769642 0.265758038 0.00922810379 0.266984224 0.00769182434 0.235200644 0.0366280377 0.646137714 0.038484145 0.677815557 0.0213474091 0.680631876 0.0203057397 0.648819268 0.418432653 0.949841321 0.447287917 0.921171486 0.457581162 0.922928512 0.440161705 0.953765988 0.0104662087 0.202667415 0.0138951521 0.234178424 0.00769182434 0.235200644 0.00579776941 0.203437924 0.0349396616 0.61444211 0.0366280377 0.646137714 0.0203057397 0.648819268 0.0193605125 0.617000937 0.347788006 0.97294265 0.418432653 0.949841321 0.440161705 0.953765988 0.385054767 0.982196093 0.00604378618 0.171262205 0.0104662087 0.202667415 0.00579776941 0.203437924 0.00335219433 0.17170763 0.0333687253 0.582734108 0.0349396616 0.61444211 0.0193605125 0.617000937 0.0184828173 0.585178673 0.208483934 0.976032972 0.347788006 0.97294265 0.385054767 0.982196093 0.172022253 0.9896366 0 0.140030622 0.00604378618 0.171262205 0.00335219433 0.17170763 0.0318759568 0.551017821 0.0333687253 0.582734108 0.0184828173 0.585178673 0.0176502503 0.553353846 0.121737674 0.95558691 0.208483934 0.976032972 0.172022253 0.9896366 0.0750322491 0.964309096 0.0304288603 0.519296706 0.0318759568 0.551017821 0.0176502503 0.553353846 0.0168444254 0.52152729 0.0873606876 0.927577198 0.121737674 0.95558691 0.0750322491 0.964309096 0.050555706 0.933903277 0.0289985612 0.487573862 0.0304288603 0.519296706 0.0168444254 0.52152729 0.0160490591 0.489700317 0.0705885738 0.897520483 0.0873606876 0.927577198 0.050555706 0.933903277 0.0400215909 0.902651787 0.0275575109 0.455852211 0.0289985612 0.487573862 0.0160490591 0.489700317 0.0152487531 0.457873583 0.0607427284 0.866699755 0.0705885738 0.897520483 0.0400215909 0.902651787 0.0341282375 0.871124685 0.0260772314 0.424134552 0.0275575109 0.455852211 0.0152487531 0.457873583 0.0144275837 0.426047921 0.0542149395 0.835520029 0.0607427284 0.866699755 0.0341282375 0.871124685 0.0303132776 0.839474738 0.0126495706 0.362404823 0.0135680763 0.394224644 0.00259584817 0.394990206 0.00242008595 0.363118529 0.0255402531 0.776007295 0.0276009291 0.807760179 0.00529846922 0.809316576 0.00489870878 0.777447522 0.0116457744 0.330590129 0.0126495706 0.362404823 0.00242008595 0.363118529 0.002228047 0.33124733 0.023893876 0.744230032 0.0255402531 0.776007295 0.00489870878 0.777447522 0.00458021741 0.745577395 0.0105216932 0.29878211 0.0116457744 0.330590129 0.002228047 0.33124733 0.00201304909 0.299375892 0.0225246977 0.712436557 0.023893876 0.744230032 0.00458021741 0.745577395 0.00431591226 0.713706791 0.465978861 0.891549826 0.47096777 0.859969199 0.470009267 0.891831994 0.00922810379 0.266984224 0.0105216932 0.29878211 0.00201304909 0.299375892 0.00176571321 0.26750505 0.0213474091 0.680631876 0.0225246977 0.712436557 0.00431591226 0.713706791 0.00408898015 0.681835711 0.457581162 0.922928512 0.465978861 0.891549826 0.470009267 0.891831994 0.468382478 0.923687458 0.00769182434 0.235200644 0.00922810379 0.266984224 0.00176571321 0.26750505 0.00147200283 0.235634863 0.0203057397 0.648819268 0.0213474091 0.680631876 0.00408898015 0.681835711 0.00388842798 0.649964392 0.440161705 0.953765988 0.457581162 0.922928512 0.468382478 0.923687458 0.464913994 0.95552212 0.00579776941 0.203437924 0.00769182434 0.235200644 0.00147200283 0.235634863 0.00110986549 0.203765333 0.0193605125 0.617000937 0.0203057397 0.648819268 0.00388842798 0.649964392 0.00370668224 0.618092835 0.385054767 0.982196093 0.440161705 0.953765988 0.464913994 0.95552212 0.451874167 0.987249076 0.00335219433 0.17170763 0.00579776941 0.203437924 0.00110986549 0.203765333 0.00064204185 0.171896994 0.0184828173 0.585178673 0.0193605125 0.617000937 0.00370668224 0.618092835 0.00353805465 0.586221159 0.172022253 0.9896366 0.385054767 0.982196093 0.451874167 0.987249076 0.0545963533 0.99999994 0 0.140030622 0.00335219433 0.17170763 0.00064204185 0.171896994 0.0176502503 0.553353846 0.0184828173 0.585178673 0.00353805465 0.586221159 0.00337819592 0.554349303 0.0750322491 0.964309096 0.172022253 0.9896366 0.0545963533 0.99999994 0.01523019 0.968572974 0.0168444254 0.52152729 0.0176502503 0.553353846 0.00337819592 0.554349303 0.00322358869 0.522477448 0.050555706 0.933903277 0.0750322491 0.964309096 0.01523019 0.968572974 0.00988167152 0.936759472 0.0160490591 0.489700317 0.0168444254 0.52152729 0.00322358869 0.522477448 0.00307108369 0.490605593 0.0400215909 0.902651787 0.050555706 0.933903277 0.00988167152 0.936759472 0.00774280541 0.904909968 0.0152487531 0.457873583 0.0160490591 0.489700317 0.00307108369 0.490605593 0.00291774492 0.458733797 0.0341282375 0.871124685 0.0400215909 0.902651787 0.00774280541 0.904909968 0.00657465076 0.873049438 0.0144275837 0.426047921 0.0152487531 0.457873583 0.00291774492 0.458733797 0.00276044523 0.426861882 0.0303132776 0.839474738 0.0341282375 0.871124685 0.00657465076 0.873049438 0.0058268453 0.841184139 0.0135680763 0.394224644 0.0144275837 0.426047921 0.00276044523 0.426861882 0.00259584817 0.394990206 0.0276009291 0.807760179 0.0303132776 0.839474738 0.0058268453 0.841184139 0.00529846922 0.809316576 0.943948686 0.299375892 0.94416362 0.33124733 0.934743762 0.33101213 0.935437739 0.299163401 0.946251452 0.713706791 0.946515799 0.745577395 0.927161515 0.745094419 0.928011954 0.71325165 0.470009267 0.891831994 0.47096777 0.859969199 0.474057049 0.891730905 0.943701327 0.26750505 0.943948686 0.299375892 0.935437739 0.299163401 0.936236322 0.267318666 0.946024537 0.681835711 0.946251452 0.713706791 0.928011954 0.71325165 0.928742409 0.681404471 0.468382478 0.923687458 0.470009267 0.891831994 0.474057049 0.891730905 0.479284525 0.923415005 0.943407595 0.235634863 0.943701327 0.26750505 0.936236322 0.267318666 0.937184632 0.235479474 0.945824027 0.649964392 0.946024537 0.681835711 0.928742409 0.681404471 0.929388285 0.649554133 0.464913994 0.95552212 0.468382478 0.923687458 0.479284525 0.923415005 0.490319073 0.954886973 0.943045437 0.203765333 0.943407595 0.235634863 0.937184632 0.235479474 0.938353837 0.20364821 0.945642292 0.618092835 0.945824027 0.649964392 0.929388285 0.649554133 0.92997396 0.617701769 0.451874167 0.987249076 0.464913994 0.95552212 0.490319073 0.954886973 0.529031992 0.985320926 0.94257766 0.171896994 0.943045437 0.203765333 0.938353837 0.20364821 0.93986398 0.171829224 0.945473671 0.586221159 0.945642292 0.618092835 0.92997396 0.617701769 0.930517495 0.585847795 0.996531904 0.99999994 0.451874167 0.987249076 0.529031992 0.985320926 0.806038141 0.995416403 0.941935599 0.140030622 0.94257766 0.171896994 0.93986398 0.171829224 0.945313752 0.554349303 0.945473671 0.586221159 0.930517495 0.585847795 0.931032777 0.553992867 0.957165837 0.968572974 0.996531904 0.99999994 0.806038141 0.995416403 0.893864334 0.9669981 0.945159137 0.522477448 0.945313752 0.554349303 0.931032777 0.553992867 0.93153131 0.522137225 0.951817214 0.936759472 0.957165837 0.968572974 0.893864334 0.9669981 0.910288274 0.935724556 0.945006669 0.490605593 0.945159137 0.522477448 0.93153131 0.522137225 0.932023227 0.490281463 0.949678361 0.904909968 0.951817214 0.936759472 0.910288274 0.935724556 0.917043626 0.904096127 0.944853365 0.458733797 0.945006669 0.490605593 0.932023227 0.490281463 0.932518005 0.458425879 0.94851023 0.873049438 0.949678361 0.904909968 0.917043626 0.904096127 0.920766592 0.872357428 0.944696069 0.426861882 0.944853365 0.458733797 0.932518005 0.458425879 0.933025539 0.426570535 0.94776243 0.841184139 0.94851023 0.873049438 0.920766592 0.872357428 0.92315942 0.84057045 0.944531441 0.394990206 0.944696069 0.426861882 0.933025539 0.426570535 0.933556497 0.394716144 0.947234094 0.809316576 0.94776243 0.841184139 0.92315942 0.84057045 0.924853563 0.808758199 0.944355726 0.363118529 0.944531441 0.394990206 0.933556497 0.394716144 0.934123874 0.362863123 0.946834266 0.777447522 0.947234094 0.809316576 0.924853563 0.808758199 0.926137567 0.776931047 0.94416362 0.33124733 0.944355726 0.363118529 0.934123874 0.362863123 0.934743762 0.33101213 0.946515799 0.745577395 0.946834266 0.777447522 0.926137567 0.776931047 0.927161515 0.745094419 0.479284525 0.923415005 0.474057049 0.891730905 0.478048921 0.891248345 0.489865571 0.922123253 0.937184632 0.235479474 0.936236322 0.267318666 0.928779721 0.266425729 0.930971861 0.234735012 0.929388285 0.649554133 0.928742409 0.681404471 0.911536336 0.679346085 0.91301173 0.647595286 0.490319073 0.954886973 0.479284525 0.923415005 0.489865571 0.922123253 0.513707876 0.951944172 0.938353837 0.20364821 0.937184632 0.235479474 0.930971861 0.234735012 0.933674216 0.203086972 0.92997396 0.617701769 0.929388285 0.649554133 0.91301173 0.647595286 0.914352179 0.615833402 0.529031992 0.985320926 0.490319073 0.954886973 0.513707876 0.951944172 0.579653859 0.977648318 0.93986398 0.171829224 0.938353837 0.20364821 0.933674216 0.203086972 0.937161684 0.171504676 0.930517495 0.585847795 0.92997396 0.617701769 0.914352179 0.615833402 0.915597975 0.58406359 0.806038141 0.995416403 0.529031992 0.985320926 0.579653859 0.977648318 0.747001708 0.982585609 0.941935599 0.140030622 0.93986398 0.171829224 0.937161684 0.171504676 0.931032777 0.553992867 0.930517495 0.585847795 0.915597975 0.58406359 0.916780591 0.552288532 0.893864334 0.9669981 0.806038141 0.995416403 0.747001708 0.982585609 0.840535402 0.96014452 0.93153131 0.522137225 0.931032777 0.553992867 0.916780591 0.552288532 0.917926073 0.520510197 0.910288274 0.935724556 0.893864334 0.9669981 0.840535402 0.96014452 0.871377468 0.930957675 0.932023227 0.490281463 0.93153131 0.522137225 0.917926073 0.520510197 0.919057429 0.488730907 0.917043626 0.904096127 0.910288274 0.935724556 0.871377468 0.930957675 0.885523796 0.900283813 0.932518005 0.458425879 0.932023227 0.490281463 0.919057429 0.488730907 0.920196593 0.456952214 0.920766592 0.872357428 0.917043626 0.904096127 0.885523796 0.900283813 0.893624127 0.869091272 0.933025539 0.426570535 0.932518005 0.458425879 0.920196593 0.456952214 0.921365857 0.425175965 0.92315942 0.84057045 0.920766592 0.872357428 0.893624127 0.869091272 0.898927212 0.837661684 0.933556497 0.394716144 0.933025539 0.426570535 0.921365857 0.425175965 0.922590315 0.393404365 0.924853563 0.808758199 0.92315942 0.84057045 0.898927212 0.837661684 0.902722001 0.806105256 0.934123874 0.362863123 0.933556497 0.394716144 0.922590315 0.393404365 0.923899531 0.361639857 0.926137567 0.776931047 0.924853563 0.808758199 0.902722001 0.806105256 0.905617356 0.774473429 0.934743762 0.33101213 0.934123874 0.362863123 0.923899531 0.361639857 0.925330818 0.329885721 0.927161515 0.745094419 0.926137567 0.776931047 0.905617356 0.774473429 0.907937348 0.742793262 0.935437739 0.299163401 0.934743762 0.33101213 0.925330818 0.329885721 0.926934123 0.298145473 0.928011954 0.71325165 0.927161515 0.745094419 0.907937348 0.742793262 0.909871042 0.711080849 0.474057049 0.891730905 0.47096777 0.859969199 0.478048921 0.891248345 0.936236322 0.267318666 0.935437739 0.299163401 0.926934123 0.298145473 0.928779721 0.266425729 0.928742409 0.681404471 0.928011954 0.71325165 0.909871042 0.711080849 0.911536336 0.679346085 0.579653859 0.977648318 0.513707876 0.951944172 0.533283591 0.947038531 0.605498552 0.967260361 0.937161684 0.171504676 0.933674216 0.203086972 0.929022431 0.202084064 0.934485972 0.170925319 0.915597975 0.58406359 0.914352179 0.615833402 0.898835182 0.612515211 0.900761127 0.580891728 0.747001708 0.982585609 0.579653859 0.977648318 0.605498552 0.967260361 0.722283185 0.968621612 0.941935599 0.140030622 0.937161684 0.171504676 0.934485972 0.170925319 0.916780591 0.552288532 0.915597975 0.58406359 0.900761127 0.580891728 0.902593553 0.549256086 0.840535402 0.96014452 0.747001708 0.982585609 0.722283185 0.968621612 0.800842941 0.949827671 0.917926073 0.520510197 0.916780591 0.552288532 0.902593553 0.549256086 0.904372036 0.517613292 0.871377468 0.930957675 0.840535402 0.96014452 0.800842941 0.949827671 0.837239265 0.923099875 0.919057429 0.488730907 0.917926073 0.520510197 0.904372036 0.517613292 0.906131685 0.485968232 0.885523796 0.900283813 0.871377468 0.930957675 0.837239265 0.923099875 0.856243312 0.893790781 0.920196593 0.456952214 0.919057429 0.488730907 0.906131685 0.485968232 0.907906353 0.45432508 0.893624127 0.869091272 0.885523796 0.900283813 0.856243312 0.893790781 0.867744148 0.863442063 0.921365857 0.425175965 0.920196593 0.456952214 0.907906353 0.45432508 0.909730792 0.422688246 0.898927212 0.837661684 0.893624127 0.869091272 0.867744148 0.863442063 0.875493109 0.832587183 0.922590315 0.393404365 0.921365857 0.425175965 0.909730792 0.422688246 0.911643922 0.391063213 0.902722001 0.806105256 0.898927212 0.837661684 0.875493109 0.832587183 0.881134093 0.80145216 0.923899531 0.361639857 0.922590315 0.393404365 0.911643922 0.391063213 0.913691998 0.359455705 0.905617356 0.774473429 0.902722001 0.806105256 0.881134093 0.80145216 0.885486841 0.770146608 0.925330818 0.329885721 0.923899531 0.361639857 0.913691998 0.359455705 0.915933609 0.327873528 0.907937348 0.742793262 0.905617356 0.774473429 0.885486841 0.770146608 0.889002502 0.738731086 0.926934123 0.298145473 0.925330818 0.329885721 0.915933609 0.327873528 0.918446958 0.296326518 0.909871042 0.711080849 0.907937348 0.742793262 0.889002502 0.738731086 0.89195013 0.707241118 0.478048921 0.891248345 0.47096777 0.859969199 0.481914133 0.890393317 0.928779721 0.266425729 0.926934123 0.298145473 0.918446958 0.296326518 0.921342373 0.264829636 0.911536336 0.679346085 0.909871042 0.711080849 0.89195013 0.707241118 0.894500494 0.675699234 0.489865571 0.922123253 0.478048921 0.891248345 0.481914133 0.890393317 0.499749213 0.919867039 0.930971861 0.234735012 0.928779721 0.266425729 0.921342373 0.264829636 0.924782574 0.233404398 0.91301173 0.647595286 0.911536336 0.679346085 0.894500494 0.675699234 0.896768391 0.644120336 0.513707876 0.951944172 0.489865571 0.922123253 0.499749213 0.919867039 0.533283591 0.947038531 0.933674216 0.203086972 0.930971861 0.234735012 0.924782574 0.233404398 0.929022431 0.202084064 0.914352179 0.615833402 0.91301173 0.647595286 0.896768391 0.644120336 0.898835182 0.612515211 0.800842941 0.949827671 0.722283185 0.968621612 0.706759095 0.954437733 0.771584749 0.937568963 0.904372036 0.517613292 0.902593553 0.549256086 0.888504148 0.54493016 0.890894711 0.513475955 0.837239265 0.923099875 0.800842941 0.949827671 0.771584749 0.937568963 0.808272302 0.91294539 0.906131685 0.485968232 0.904372036 0.517613292 0.890894711 0.513475955 0.893266022 0.48201853 0.856243312 0.893790781 0.837239265 0.923099875 0.808272302 0.91294539 0.829752266 0.885073006 0.907906353 0.45432508 0.906131685 0.485968232 0.893266022 0.48201853 0.895663083 0.450565636 0.867744148 0.863442063 0.856243312 0.893790781 0.829752266 0.885073006 0.843548894 0.855704308 0.909730792 0.422688246 0.907906353 0.45432508 0.895663083 0.450565636 0.898132563 0.419125378 0.875493109 0.832587183 0.867744148 0.863442063 0.843548894 0.855704308 0.853166461 0.825554192 0.911643922 0.391063213 0.909730792 0.422688246 0.898132563 0.419125378 0.900727153 0.387707353 0.881134093 0.80145216 0.875493109 0.832587183 0.853166461 0.825554192 0.860319376 0.794953108 0.913691998 0.359455705 0.911643922 0.391063213 0.900727153 0.387707353 0.903509855 0.356322646 0.885486841 0.770146608 0.881134093 0.80145216 0.860319376 0.794953108 0.86591965 0.764071286 0.915933609 0.327873528 0.913691998 0.359455705 0.903509855 0.356322646 0.906560302 0.324985445 0.889002502 0.738731086 0.885486841 0.770146608 0.86591965 0.764071286 0.870490789 0.733004749 0.918446958 0.296326518 0.915933609 0.327873528 0.906560302 0.324985445 0.909985363 0.293714404 0.89195013 0.707241118 0.889002502 0.738731086 0.870490789 0.733004749 0.874353826 0.70181185 0.481914133 0.890393317 0.47096777 0.859969199 0.485587567 0.889181495 0.921342373 0.264829636 0.918446958 0.296326518 0.909985363 0.293714404 0.913935065 0.262536883 0.894500494 0.675699234 0.89195013 0.707241118 0.874353826 0.70181185 0.877717316 0.670529962 0.499749213 0.919867039 0.481914133 0.890393317 0.485587567 0.889181495 0.508649349 0.916735172 0.924782574 0.233404398 0.921342373 0.264829636 0.913935065 0.262536883 0.918630362 0.231492758 0.896768391 0.644120336 0.894500494 0.675699234 0.877717316 0.670529962 0.880723596 0.639184892 0.533283591 0.947038531 0.499749213 0.919867039 0.508649349 0.916735172 0.548507333 0.940621138 0.929022431 0.202084064 0.924782574 0.233404398 0.918630362 0.231492758 0.924414515 0.200643957 0.898835182 0.612515211 0.896768391 0.644120336 0.880723596 0.639184892 0.883474946 0.607794523 0.605498552 0.967260361 0.533283591 0.947038531 0.548507333 0.940621138 0.618095696 0.955751717 0.934485972 0.170925319 0.929022431 0.202084064 0.924414515 0.200643957 0.931851923 0.17009449 0.900761127 0.580891728 0.898835182 0.612515211 0.883474946 0.607794523 0.886048079 0.576372683 0.722283185 0.968621612 0.605498552 0.967260361 0.618095696 0.955751717 0.706759095 0.954437733 0.941935599 0.140030622 0.934485972 0.170925319 0.931851923 0.17009449 0.902593553 0.549256086 0.900761127 0.580891728 0.886048079 0.576372683 0.888504148 0.54493016 0.829752266 0.885073006 0.808272302 0.91294539 0.783839464 0.901195109 0.806095183 0.87461096 0.895663083 0.450565636 0.893266022 0.48201853 0.88047713 0.476917148 0.883479595 0.445703745 0.843548894 0.855704308 0.829752266 0.885073006 0.806095183 0.87461096 0.821208358 0.846218348 0.898132563 0.419125378 0.895663083 0.450565636 0.883479595 0.445703745 0.886581302 0.414512336 0.853166461 0.825554192 0.843548894 0.855704308 0.821208358 0.846218348 0.832119465 0.816815376 0.900727153 0.387707353 0.898132563 0.419125378 0.886581302 0.414512336 0.889848351 0.383357763 0.860319376 0.794953108 0.853166461 0.825554192 0.832119465 0.816815376 0.840426505 0.786804259 0.903509855 0.356322646 0.900727153 0.387707353 0.889848351 0.383357763 0.893360317 0.352257788 0.86591965 0.764071286 0.860319376 0.794953108 0.840426505 0.786804259 0.847038627 0.756403685 0.906560302 0.324985445 0.903509855 0.356322646 0.893360317 0.352257788 0.897218227 0.32123524 0.870490789 0.733004749 0.86591965 0.764071286 0.847038627 0.756403685 0.852502227 0.725741923 0.909985363 0.293714404 0.906560302 0.324985445 0.897218227 0.32123524 0.901557684 0.290320158 0.874353826 0.70181185 0.870490789 0.733004749 0.852502227 0.725741923 0.857163429 0.69489938 0.485587567 0.889181495 0.47096777 0.859969199 0.48901251 0.887634516 0.913935065 0.262536883 0.909985363 0.293714404 0.901557684 0.290320158 0.906568468 0.259556174 0.877717316 0.670529962 0.874353826 0.70181185 0.857163429 0.69489938 0.861252666 0.66392833 0.508649349 0.916735172 0.485587567 0.889181495 0.48901251 0.887634516 0.516388834 0.912838399 0.918630362 0.231492758 0.913935065 0.262536883 0.906568468 0.259556174 0.912528872 0.229007304 0.880723596 0.639184892 0.877717316 0.670529962 0.861252666 0.66392833 0.86493057 0.632865369 0.548507333 0.940621138 0.508649349 0.916735172 0.516388834 0.912838399 0.559702396 0.933116019 0.924414515 0.200643957 0.918630362 0.231492758 0.912528872 0.229007304 0.91986692 0.198772788 0.883474946 0.607794523 0.880723596 0.639184892 0.86493057 0.632865369 0.868314326 0.601736784 0.618095696 0.955751717 0.548507333 0.940621138 0.559702396 0.933116019 0.623807788 0.943771541 0.931851923 0.17009449 0.924414515 0.200643957 0.91986692 0.198772788 0.929274917 0.169017196 0.886048079 0.576372683 0.883474946 0.607794523 0.868314326 0.601736784 0.87149334 0.570562661 0.706759095 0.954437733 0.618095696 0.955751717 0.623807788 0.943771541 0.694847345 0.940243721 0.941935599 0.140030622 0.931851923 0.17009449 0.929274917 0.169017196 0.888504148 0.54493016 0.886048079 0.576372683 0.87149334 0.570562661 0.874539852 0.539359033 0.771584749 0.937568963 0.706759095 0.954437733 0.694847345 0.940243721 0.749116898 0.924266517 0.890894711 0.513475955 0.888504148 0.54493016 0.874539852 0.539359033 0.877515674 0.50813961 0.808272302 0.91294539 0.771584749 0.937568963 0.749116898 0.924266517 0.783839464 0.901195109 0.893266022 0.48201853 0.890894711 0.513475955 0.877515674 0.50813961 0.88047713 0.476917148 0.832119465 0.816815376 0.821208358 0.846218348 0.800696015 0.83532387 0.812400699 0.806639731 0.889848351 0.383357763 0.886581302 0.414512336 0.8750844 0.408881128 0.879013479 0.378041029 0.840426505 0.786804259 0.832119465 0.816815376 0.812400699 0.806639731 0.821524322 0.777222335 0.893360317 0.352257788 0.889848351 0.383357763 0.879013479 0.378041029 0.883248925 0.347283125 0.847038627 0.756403685 0.840426505 0.786804259 0.821524322 0.777222335 0.828913331 0.747322321 0.897218227 0.32123524 0.893360317 0.352257788 0.883248925 0.347283125 0.887913525 0.316640615 0.852502227 0.725741923 0.847038627 0.756403685 0.828913331 0.747322321 0.835100174 0.717092216 0.901557684 0.290320158 0.897218227 0.32123524 0.887913525 0.316640615 0.893171668 0.286157966 0.857163429 0.69489938 0.852502227 0.725741923 0.835100174 0.717092216 0.840434015 0.686630249 0.48901251 0.887634516 0.47096777 0.859969199 0.492141962 0.885778785 0.906568468 0.259556174 0.901557684 0.290320158 0.893171668 0.286157966 0.899252951 0.255899072 0.861252666 0.66392833 0.857163429 0.69489938 0.840434015 0.686630249 0.845153332 0.656002283 0.516388834 0.912838399 0.48901251 0.887634516 0.492141962 0.885778785 0.522892177 0.908296943 0.912528872 0.229007304 0.906568468 0.259556174 0.899252951 0.255899072 0.906491935 0.225957692 0.86493057 0.632865369 0.861252666 0.66392833 0.845153332 0.656002283 0.849428236 0.62525481 0.559702396 0.933116019 0.516388834 0.912838399 0.522892177 0.908296943 0.567529619 0.924864948 0.91986692 0.198772788 0.912528872 0.229007304 0.906491935 0.225957692 0.915396571 0.196478844 0.868314326 0.601736784 0.86493057 0.632865369 0.849428236 0.62525481 0.85338527 0.594422281 0.623807788 0.943771541 0.559702396 0.933116019 0.567529619 0.924864948 0.62566036 0.931610167 0.929274917 0.169017196 0.91986692 0.198772788 0.915396571 0.196478844 0.926770627 0.167699873 0.87149334 0.570562661 0.868314326 0.601736784 0.85338527 0.594422281 0.8571226 0.563530982 0.694847345 0.940243721 0.623807788 0.943771541 0.62566036 0.931610167 0.68469286 0.926126778 0.941935599 0.140030622 0.929274917 0.169017196 0.926770627 0.167699873 0.874539852 0.539359033 0.87149334 0.570562661 0.8571226 0.563530982 0.860721111 0.532602608 0.749116898 0.924266517 0.694847345 0.940243721 0.68469286 0.926126778 0.730970979 0.91041559 0.877515674 0.50813961 0.874539852 0.539359033 0.860721111 0.532602608 0.864251018 0.501655996 0.783839464 0.901195109 0.749116898 0.924266517 0.730970979 0.91041559 0.763012171 0.888380587 0.88047713 0.476917148 0.877515674 0.50813961 0.864251018 0.501655996 0.867777467 0.470708489 0.806095183 0.87461096 0.783839464 0.901195109 0.763012171 0.888380587 0.785014272 0.862838149 0.883479595 0.445703745 0.88047713 0.476917148 0.867777467 0.470708489 0.871365428 0.439777374 0.821208358 0.846218348 0.806095183 0.87461096 0.785014272 0.862838149 0.800696015 0.83532387 0.886581302 0.414512336 0.883479595 0.445703745 0.871365428 0.439777374 0.8750844 0.408881128 0.828913331 0.747322321 0.821524322 0.777222335 0.803615212 0.766428769 0.81156522 0.737015426 0.887913525 0.316640615 0.883248925 0.347283125 0.873179197 0.341424704 0.878650665 0.311222792 0.835100174 0.717092216 0.828913331 0.747322321 0.81156522 0.737015426 0.818312883 0.70721668 0.893171668 0.286157966 0.887913525 0.316640615 0.878650665 0.311222792 0.884833992 0.281244874 0.840434015 0.686630249 0.835100174 0.717092216 0.818312883 0.70721668 0.824194491 0.677143574 0.492141962 0.885778785 0.47096777 0.859969199 0.494939595 0.883644819 0.899252951 0.255899072 0.893171668 0.286157966 0.884833992 0.281244874 0.891998768 0.251579285 0.845153332 0.656002283 0.840434015 0.686630249 0.824194491 0.677143574 0.829446256 0.64687264 0.522892177 0.908296943 0.492141962 0.885778785 0.494939595 0.883644819 0.528164208 0.903230548 0.906491935 0.225957692 0.899252951 0.255899072 0.891998768 0.251579285 0.900534034 0.222355366 0.849428236 0.62525481 0.845153332 0.656002283 0.829446256 0.64687264 0.834240377 0.616458595 0.567529619 0.924864948 0.522892177 0.908296943 0.528164208 0.903230548 0.572670043 0.91612488 0.915396571 0.196478844 0.906491935 0.225957692 0.900534034 0.222355366 0.911021233 0.193772078 0.85338527 0.594422281 0.849428236 0.62525481 0.834240377 0.616458595 0.838707924 0.585942984 0.62566036 0.931610167 0.567529619 0.924864948 0.572670043 0.91612488 0.625169456 0.919419944 0.926770627 0.167699873 0.915396571 0.196478844 0.911021233 0.193772078 0.92435509 0.166150391 0.8571226 0.563530982 0.85338527 0.594422281 0.838707924 0.585942984 0.84295249 0.555358112 0.68469286 0.926126778 0.62566036 0.931610167 0.625169456 0.919419944 0.67550844 0.91214031 0.941935599 0.140030622 0.926770627 0.167699873 0.92435509 0.166150391 0.860721111 0.532602608 0.8571226 0.563530982 0.84295249 0.555358112 0.847061098 0.524731159 0.730970979 0.91041559 0.68469286 0.926126778 0.67550844 0.91214031 0.715634882 0.896300852 0.864251018 0.501655996 0.860721111 0.532602608 0.847061098 0.524731159 0.851110876 0.494085908 0.763012171 0.888380587 0.730970979 0.91041559 0.715634882 0.896300852 0.744935215 0.874882281 0.867777467 0.470708489 0.864251018 0.501655996 0.851110876 0.494085908 0.855174541 0.463444948 0.785014272 0.862838149 0.763012171 0.888380587 0.744935215 0.874882281 0.766131461 0.850114703 0.871365428 0.439777374 0.867777467 0.470708489 0.855174541 0.463444948 0.859326124 0.432831407 0.800696015 0.83532387 0.785014272 0.862838149 0.766131461 0.850114703 0.781864703 0.823331058 0.8750844 0.408881128 0.871365428 0.439777374 0.859326124 0.432831407 0.863645732 0.402269661 0.812400699 0.806639731 0.800696015 0.83532387 0.781864703 0.823331058 0.793966889 0.795289159 0.879013479 0.378041029 0.8750844 0.408881128 0.863645732 0.402269661 0.868225694 0.371788979 0.821524322 0.777222335 0.812400699 0.806639731 0.793966889 0.795289159 0.803615212 0.766428769 0.883248925 0.347283125 0.879013479 0.378041029 0.868225694 0.371788979 0.873179197 0.341424704 0.824194491 0.677143574 0.818312883 0.70721668 0.802138329 0.696280718 0.808450222 0.666585445 0.494939595 0.883644819 0.47096777 0.859969199 0.497379959 0.881265521 0.891998768 0.251579285 0.884833992 0.281244874 0.876550555 0.275600791 0.884815872 0.246613026 0.829446256 0.64687264 0.824194491 0.677143574 0.808450222 0.666585445 0.814139724 0.636668324 0.528164208 0.903230548 0.494939595 0.883644819 0.497379959 0.881265521 0.532263994 0.897752285 0.900534034 0.222355366 0.891998768 0.251579285 0.884815872 0.246613026 0.89467001 0.218213975 0.834240377 0.616458595 0.829446256 0.64687264 0.814139724 0.636668324 0.819375932 0.606590569 0.572670043 0.91612488 0.528164208 0.903230548 0.532263994 0.897752285 0.575704038 0.907085598 0.911021233 0.193772078 0.900534034 0.222355366 0.89467001 0.218213975 0.906759501 0.190664589 0.838707924 0.585942984 0.834240377 0.616458595 0.819375932 0.606590569 0.824290574 0.576399446 0.625169456 0.919419944 0.572670043 0.91612488 0.575704038 0.907085598 0.623154521 0.907293737 0.92435509 0.166150391 0.911021233 0.193772078 0.906759501 0.190664589 0.922044575 0.164378405 0.84295249 0.555358112 0.838707924 0.585942984 0.824290574 0.576399446 0.828989863 0.546132684 0.67550844 0.91214031 0.625169456 0.919419944 0.623154521 0.907293737 0.666902959 0.898325384 0.941935599 0.140030622 0.92435509 0.166150391 0.922044575 0.164378405 0.847061098 0.524731159 0.84295249 0.555358112 0.828989863 0.546132684 0.833564997 0.515822411 0.715634882 0.896300852 0.67550844 0.91214031 0.666902959 0.898325384 0.70218277 0.882098794 0.851110876 0.494085908 0.847061098 0.524731159 0.833564997 0.515822411 0.838098586 0.485497475 0.744935215 0.874882281 0.715634882 0.896300852 0.70218277 0.882098794 0.728927076 0.86097008 0.855174541 0.463444948 0.851110876 0.494085908 0.838098586 0.485497475 0.842670262 0.45518589 0.766131461 0.850114703 0.744935215 0.874882281 0.728927076 0.86097008 0.749058723 0.836727917 0.859326124 0.432831407 0.855174541 0.463444948 0.842670262 0.45518589 0.847362399 0.424916744 0.781864703 0.823331058 0.766131461 0.850114703 0.749058723 0.836727917 0.764511287 0.810509801 0.863645732 0.402269661 0.859326124 0.432831407 0.847362399 0.424916744 0.852265537 0.394721448 0.793966889 0.795289159 0.781864703 0.823331058 0.764511287 0.810509801 0.776717246 0.783005297 0.868225694 0.371788979 0.863645732 0.402269661 0.852265537 0.394721448 0.857485235 0.364637911 0.803615212 0.766428769 0.793966889 0.795289159 0.776717246 0.783005297 0.78665328 0.754636884 0.873179197 0.341424704 0.868225694 0.371788979 0.857485235 0.364637911 0.863151848 0.334712684 0.81156522 0.737015426 0.803615212 0.766428769 0.78665328 0.754636884 0.794977427 0.725670695 0.878650665 0.311222792 0.873179197 0.341424704 0.863151848 0.334712684 0.86943239 0.305006325 0.818312883 0.70721668 0.81156522 0.737015426 0.794977427 0.725670695 0.802138329 0.696280718 0.884833992 0.281244874 0.878650665 0.311222792 0.86943239 0.305006325 0.876550555 0.275600791 0.819375932 0.606590569 0.814139724 0.636668324 0.799225688 0.6255216 0.804830372 0.595769525 0.575704038 0.907085598 0.532263994 0.897752285 0.535281241 0.891964912 0.577089071 0.897888064 0.906759501 0.190664589 0.89467001 0.218213975 0.888915539 0.213549018 0.902631223 0.187170208 0.824290574 0.576399446 0.819375932 0.606590569 0.804830372 0.595769525 0.810130119 0.56589812 0.623154521 0.907293737 0.575704038 0.907085598 0.577089071 0.897888064 0.620090485 0.895296335 0.922044575 0.164378405 0.906759501 0.190664589 0.902631223 0.187170208 0.919856191 0.162395 0.828989863 0.546132684 0.824290574 0.576399446 0.810130119 0.56589812 0.815231979 0.535949588 0.666902959 0.898325384 0.623154521 0.907293737 0.620090485 0.895296335 0.658658981 0.884717762 0.941935599 0.140030622 0.922044575 0.164378405 0.919856191 0.162395 0.833564997 0.515822411 0.828989863 0.546132684 0.815231979 0.535949588 0.820229948 0.505960584 0.70218277 0.882098794 0.666902959 0.898325384 0.658658981 0.884717762 0.690030754 0.867928445 0.838098586 0.485497475 0.833564997 0.515822411 0.820229948 0.505960584 0.825211048 0.475964963 0.728927076 0.86097008 0.70218277 0.882098794 0.690030754 0.867928445 0.714473307 0.846839368 0.842670262 0.45518589 0.838098586 0.485497475 0.825211048 0.475964963 0.830260873 0.445996165 0.749058723 0.836727917 0.728927076 0.86097008 0.714473307 0.846839368 0.733447552 0.822904408 0.847362399 0.424916744 0.842670262 0.45518589 0.830260873 0.445996165 0.83547014 0.416089535 0.764511287 0.810509801 0.749058723 0.836727917 0.733447552 0.822904408 0.748419583 0.797088087 0.852265537 0.394721448 0.847362399 0.424916744 0.83547014 0.416089535 0.840939581 0.386284411 0.776717246 0.783005297 0.764511287 0.810509801 0.748419583 0.797088087 0.760521829 0.770004153 0.857485235 0.364637911 0.852265537 0.394721448 0.840939581 0.386284411 0.846788585 0.356628299 0.78665328 0.754636884 0.776717246 0.783005297 0.760521829 0.770004153 0.770561755 0.742045581 0.863151848 0.334712684 0.857485235 0.364637911 0.846788585 0.356628299 0.85316503 0.327180445 0.794977427 0.725670695 0.78665328 0.754636884 0.770561755 0.742045581 0.779105008 0.713469028 0.86943239 0.305006325 0.863151848 0.334712684 0.85316503 0.327180445 0.860259354 0.298018456 0.802138329 0.696280718 0.794977427 0.725670695 0.779105008 0.713469028 0.78655076 0.684447885 0.876550555 0.275600791 0.86943239 0.305006325 0.860259354 0.298018456 0.868325949 0.26924777 0.808450222 0.666585445 0.802138329 0.696280718 0.78655076 0.684447885 0.793186784 0.655102909 0.497379959 0.881265521 0.47096777 0.859969199 0.499447495 0.878675818 0.884815872 0.246613026 0.876550555 0.275600791 0.868325949 0.26924777 0.877714157 0.241018355 0.814139724 0.636668324 0.808450222 0.666585445 0.793186784 0.655102909 0.799225688 0.6255216 0.532263994 0.897752285 0.497379959 0.881265521 0.499447495 0.878675818 0.535281241 0.891964912 0.89467001 0.218213975 0.884815872 0.246613026 0.877714157 0.241018355 0.888915539 0.213549018 0.815231979 0.535949588 0.810130119 0.56589812 0.79621321 0.554548502 0.801667511 0.524907649 0.658658981 0.884717762 0.620090485 0.895296335 0.616268575 0.883477986 0.650645256 0.871351063 0.941935599 0.140030622 0.919856191 0.162395 0.917807162 0.160212696 0.820229948 0.505960584 0.815231979 0.535949588 0.801667511 0.524907649 0.80704546 0.49523437 0.690030754 0.867928445 0.658658981 0.884717762 0.650645256 0.871351063 0.678797603 0.853877306 0.825211048 0.475964963 0.820229948 0.505960584 0.80704546 0.49523437 0.812437952 0.465567231 0.714473307 0.846839368 0.690030754 0.867928445 0.678797603 0.853877306 0.70119226 0.832635939 0.830260873 0.445996165 0.825211048 0.475964963 0.812437952 0.465567231 0.81793654 0.435945272 0.733447552 0.822904408 0.714473307 0.846839368 0.70119226 0.832635939 0.719004154 0.808823645 0.83547014 0.416089535 0.830260873 0.445996165 0.81793654 0.435945272 0.82363975 0.406410456 0.748419583 0.797088087 0.733447552 0.822904408 0.719004154 0.808823645 0.733383954 0.783257067 0.840939581 0.386284411 0.83547014 0.416089535 0.82363975 0.406410456 0.829659104 0.377010465 0.760521829 0.770004153 0.748419583 0.797088087 0.733383954 0.783257067 0.745241642 0.756475449 0.846788585 0.356628299 0.840939581 0.386284411 0.829659104 0.377010465 0.836128294 0.34780407 0.770561755 0.742045581 0.760521829 0.770004153 0.745241642 0.756475449 0.755247176 0.728836179 0.85316503 0.327180445 0.846788585 0.356628299 0.836128294 0.34780407 0.843213618 0.318864524 0.779105008 0.713469028 0.770561755 0.742045581 0.755247176 0.728836179 0.76388514 0.700580537 0.860259354 0.298018456 0.85316503 0.327180445 0.843213618 0.318864524 0.851130009 0.290289044 0.78655076 0.684447885 0.779105008 0.713469028 0.76388514 0.700580537 0.771507442 0.671875536 0.868325949 0.26924777 0.860259354 0.298018456 0.851130009 0.290289044 0.86016351 0.262209952 0.793186784 0.655102909 0.78655076 0.684447885 0.771507442 0.671875536 0.778374255 0.642840922 0.499447495 0.878675818 0.47096777 0.859969199 0.501135409 0.875911295 0.877714157 0.241018355 0.868325949 0.26924777 0.86016351 0.262209952 0.870703459 0.2348153 0.799225688 0.6255216 0.793186784 0.655102909 0.778374255 0.642840922 0.784682691 0.613565207 0.535281241 0.891964912 0.499447495 0.878675818 0.501135409 0.875911295 0.537319303 0.88596034 0.888915539 0.213549018 0.877714157 0.241018355 0.870703459 0.2348153 0.88328743 0.208378017 0.804830372 0.595769525 0.799225688 0.6255216 0.784682691 0.613565207 0.790587187 0.58411622 0.577089071 0.897888064 0.535281241 0.891964912 0.537319303 0.88596034 0.577174425 0.888639331 0.902631223 0.187170208 0.888915539 0.213549018 0.88328743 0.208378017 0.89865762 0.183304846 0.810130119 0.56589812 0.804830372 0.595769525 0.790587187 0.58411622 0.79621321 0.554548502 0.620090485 0.895296335 0.577089071 0.897888064 0.577174425 0.888639331 0.616268575 0.883477986 0.919856191 0.162395 0.902631223 0.187170208 0.89865762 0.183304846 0.917807162 0.160212696 0.812437952 0.465567231 0.80704546 0.49523437 0.793993652 0.483735502 0.799762726 0.454386592 0.70119226 0.832635939 0.678797603 0.853877306 0.668224931 0.840014279 0.688800275 0.818473399 0.81793654 0.435945272 0.812437952 0.465567231 0.799762726 0.454386592 0.805681348 0.425106168 0.719004154 0.808823645 0.70119226 0.832635939 0.688800275 0.818473399 0.705488145 0.794630229 0.82363975 0.406410456 0.81793654 0.435945272 0.805681348 0.425106168 0.811856329 0.395943403 0.733383954 0.783257067 0.719004154 0.808823645 0.705488145 0.794630229 0.719219923 0.769177377 0.829659104 0.377010465 0.82363975 0.406410456 0.811856329 0.395943403 0.818410635 0.366955161 0.745241642 0.756475449 0.733383954 0.783257067 0.719219923 0.769177377 0.730740428 0.742584407 0.836128294 0.34780407 0.829659104 0.377010465 0.818410635 0.366955161 0.82549268 0.338212073 0.755247176 0.728836179 0.745241642 0.756475449 0.730740428 0.742584407 0.740610301 0.715172052 0.843213618 0.318864524 0.836128294 0.34780407 0.82549268 0.338212073 0.833288908 0.309803963 0.76388514 0.700580537 0.755247176 0.728836179 0.740610301 0.715172052 0.749245167 0.687162399 0.851130009 0.290289044 0.843213618 0.318864524 0.833288908 0.309803963 0.842040122 0.2818501 0.771507442 0.671875536 0.76388514 0.700580537 0.749245167 0.687162399 0.756954253 0.658713043 0.86016351 0.262209952 0.851130009 0.290289044 0.842040122 0.2818501 0.852065325 0.254513502 0.778374255 0.642840922 0.771507442 0.671875536 0.756954253 0.658713043 0.763971508 0.629939735 0.501135409 0.875911295 0.47096777 0.859969199 0.502444804 0.873007715 0.870703459 0.2348153 0.86016351 0.262209952 0.852065325 0.254513502 0.863793492 0.228025675 0.784682691 0.613565207 0.778374255 0.642840922 0.763971508 0.629939735 0.770478487 0.600929737 0.537319303 0.88596034 0.501135409 0.875911295 0.502444804 0.873007715 0.538483322 0.879819334 0.88328743 0.208378017 0.870703459 0.2348153 0.863793492 0.228025675 0.877803743 0.202720046 0.790587187 0.58411622 0.784682691 0.613565207 0.770478487 0.600929737 0.776620269 0.571751595 0.577174425 0.888639331 0.537319303 0.88596034 0.538483322 0.879819334 0.576224267 0.879423022 0.89865762 0.183304846 0.88328743 0.208378017 0.877803743 0.202720046 0.894861937 0.179086328 0.79621321 0.554548502 0.790587187 0.58411622 0.776620269 0.571751595 0.78251797 0.542461574 0.616268575 0.883477986 0.577174425 0.888639331 0.576224267 0.879423022 0.611876249 0.871880889 0.917807162 0.160212696 0.89865762 0.183304846 0.894861937 0.179086328 0.915915549 0.157846034 0.801667511 0.524907649 0.79621321 0.554548502 0.78251797 0.542461574 0.788276792 0.513108134 0.650645256 0.871351063 0.616268575 0.883477986 0.611876249 0.871880889 0.642776966 0.858257592 0.941935599 0.140030622 0.917807162 0.160212696 0.915915549 0.157846034 0.80704546 0.49523437 0.801667511 0.524907649 0.788276792 0.513108134 0.793993652 0.483735502 0.678797603 0.853877306 0.650645256 0.871351063 0.642776966 0.858257592 0.668224931 0.840014279 0.811856329 0.395943403 0.805681348 0.425106168 0.793473423 0.413555145 0.800099313 0.384755492 0.719219923 0.769177377 0.705488145 0.794630229 0.692705214 0.780443311 0.705767214 0.754984796 0.818410635 0.366955161 0.811856329 0.395943403 0.800099313 0.384755492 0.807174981 0.356176376 0.730740428 0.742584407 0.719219923 0.769177377 0.705767214 0.754984796 0.716891587 0.728475511 0.82549268 0.338212073 0.818410635 0.366955161 0.807174981 0.356176376 0.814865232 0.32790184 0.740610301 0.715172052 0.730740428 0.742584407 0.716891587 0.728475511 0.726552367 0.701199949 0.833288908 0.309803963 0.82549268 0.338212073 0.814865232 0.32790184 0.823378205 0.300040007 0.749245167 0.687162399 0.740610301 0.715172052 0.726552367 0.701199949 0.735108078 0.673359573 0.842040122 0.2818501 0.833288908 0.309803963 0.823378205 0.300040007 0.832982481 0.272735238 0.756954253 0.658713043 0.749245167 0.687162399 0.735108078 0.673359573 0.742830515 0.645100951 0.852065325 0.254513502 0.842040122 0.2818501 0.832982481 0.272735238 0.84403187 0.246186137 0.763971508 0.629939735 0.756954253 0.658713043 0.742830515 0.645100951 0.749930024 0.616533756 0.502444804 0.873007715 0.47096777 0.859969199 0.503382802 0.869999886 0.863793492 0.228025675 0.852065325 0.254513502 0.84403187 0.246186137 0.856994629 0.220672727 0.770478487 0.600929737 0.763971508 0.629939735 0.749930024 0.616533756 0.756572962 0.587742388 0.538483322 0.879819334 0.502444804 0.873007715 0.503382802 0.869999886 0.538873553 0.873612642 0.877803743 0.202720046 0.863793492 0.228025675 0.856994629 0.220672727 0.872484446 0.196596026 0.776620269 0.571751595 0.770478487 0.600929737 0.756572962 0.587742388 0.762895823 0.558795035 0.576224267 0.879423022 0.538483322 0.879819334 0.538873553 0.873612642 0.57443881 0.870306909 0.894861937 0.179086328 0.877803743 0.202720046 0.872484446 0.196596026 0.891269386 0.174534619 0.78251797 0.542461574 0.776620269 0.571751595 0.762895823 0.558795035 0.769014657 0.529748619 0.611876249 0.871880889 0.576224267 0.879423022 0.57443881 0.870306909 0.607038975 0.860542536 0.915915549 0.157846034 0.894861937 0.179086328 0.891269386 0.174534619 0.914199948 0.15531081 0.788276792 0.513108134 0.78251797 0.542461574 0.769014657 0.529748619 0.775033414 0.500653744 0.642776966 0.858257592 0.611876249 0.871880889 0.607038975 0.860542536 0.634996533 0.845469475 0.941935599 0.140030622 0.915915549 0.157846034 0.914199948 0.15531081 0.793993652 0.483735502 0.788276792 0.513108134 0.775033414 0.500653744 0.781049967 0.471557736 0.668224931 0.840014279 0.642776966 0.858257592 0.634996533 0.845469475 0.658132136 0.826396942 0.799762726 0.454386592 0.793993652 0.483735502 0.781049967 0.471557736 0.787162125 0.442508101 0.688800275 0.818473399 0.668224931 0.840014279 0.658132136 0.826396942 0.677084923 0.804443359 0.805681348 0.425106168 0.799762726 0.454386592 0.787162125 0.442508101 0.793473423 0.413555145 0.705488145 0.794630229 0.688800275 0.818473399 0.677084923 0.804443359 0.692705214 0.780443311 </float_array>
          <technique_common>
            <accessor count="8064" offset="0" source="#Sphere_1-tex0-array" stride="2">
              <param name="S" type="float" />
              <param name="T" type="float" />
            </accessor>
          </technique_common>
        </source>
        <vertices id="Sphere_1-vertices">
          <input semantic="POSITION" source="#Sphere_1-positions" />
        </vertices>
        <polylist count="3968" material="defaultMaterial">
          <input offset="0" semantic="VERTEX" source="#Sphere_1-vertices" />
          <input offset="0" semantic="NORMAL" source="#Sphere_1-normals" />
          <input offset="0" semantic="TEXCOORD" source="#Sphere_1-tex0" set="0" />
          <vcount>3 3 3 3 3 3 3 3 3 3 3 3 3 3 3 3 3 3 3 3 3 3 3 3 3 3 3 3 3 3 3 3 3 3 3 3 3 3 3 3 3 3 3 3 3 3 3 3 3 3 3 3 3 3 3 3 3 3 3 3 3 3 3 3 3 3 3 3 3 3 3 3 3 3 3 3 3 3 3 3 3 3 3 3 3 3 3 3 3 3 3 3 3 3 3 3 3 3 3 3 3 3 3 3 3 3 3 3 3 3 3 3 3 3 3 3 3 3 3 3 3 3 3 3 3 3 3 3 3 3 3 3 3 3 3 3 3 3 3 3 3 3 3 3 3 3 3 3 3 3 3 3 3 3 3 3 3 3 3 3 3 3 3 3 3 3 3 3 3 3 3 3 3 3 3 3 3 3 3 3 3 3 3 3 3 3 3 3 3 3 3 3 3 3 3 3 3 3 3 3 3 3 3 3 3 3 3 3 3 3 3 3 3 3 3 3 3 3 3 3 3 3 3 3 3 3 3 3 3 3 3 3 3 3 3 3 3 3 3 3 3 3 3 3 3 3 3 3 3 3 3 3 3 3 3 3 3 3 3 3 3 3 3 3 3 3 3 3 3 3 3 3 3 3 3 3 3 3 3 3 3 3 3 3 3 3 3 3 3 3 3 3 3 3 3 3 3 3 3 3 3 3 3 3 3 3 3 3 3 3 3 3 3 3 3 3 3 3 3 3 3 3 3 3 3 3 3 3 3 3 3 3 3 3 3 3 3 3 3 3 3 3 3 3 3 3 3 3 3 3 3 3 3 3 3 3 3 3 3 3 3 3 3 3 3 3 3 3 3 3 3 3 3 3 3 3 3 3 3 3 3 3 3 3 3 3 3 3 3 3 3 3 3 3 3 3 3 3 3 3 3 3 3 3 3 3 3 3 3 3 3 3 3 3 3 3 3 3 3 3 3 3 3 3 3 3 3 3 3 3 3 3 3 3 3 3 3 3 3 3 3 3 3 3 3 3 3 3 3 3 3 3 3 3 3 3 3 3 3 3 3 3 3 3 3 3 3 3 3 3 3 3 3 3 3 3 3 3 3 3 3 3 3 3 3 3 3 3 3 3 3 3 3 3 3 3 3 3 3 3 3 3 3 3 3 3 3 3 3 3 3 3 3 3 3 3 3 3 3 3 3 3 3 3 3 3 3 3 3 3 3 3 3 3 3 3 3 3 3 3 3 3 3 3 3 3 3 3 3 3 3 3 3 3 3 3 3 3 3 3 3 3 3 3 3 3 3 3 3 3 3 3 3 3 3 3 3 3 3 3 3 3 3 3 3 3 3 3 3 3 3 3 3 3 3 3 3 3 3 3 3 3 3 3 3 3 3 3 3 3 3 3 3 3 3 3 3 3 3 3 3 3 3 3 3 3 3 3 3 3 3 3 3 3 3 3 3 3 3 3 3 3 3 3 3 3 3 3 3 3 3 3 3 3 3 3 3 3 3 3 3 3 3 3 3 3 3 3 3 3 3 3 3 3 3 3 3 3 3 3 3 3 3 3 3 3 3 3 3 3 3 3 3 3 3 3 3 3 3 3 3 3 3 3 3 3 3 3 3 3 3 3 3 3 3 3 3 3 3 3 3 3 3 3 3 3 3 3 3 3 3 3 3 3 3 3 3 3 3 3 3 3 3 3 3 3 3 3 3 3 3 3 3 3 3 3 3 3 3 3 3 3 3 3 3 3 3 3 3 3 3 3 3 3 3 3 3 3 3 3 3 3 3 3 3 3 3 3 3 3 3 3 3 3 3 3 3 3 3 3 3 3 3 3 3 3 3 3 3 3 3 3 3 3 3 3 3 3 3 3 3 3 3 3 3 3 3 3 3 3 3 3 3 3 3 3 3 3 3 3 3 3 3 3 3 3 3 3 3 3 3 3 3 3 3 3 3 3 3 3 3 3 3 3 3 3 3 3 3 3 3 3 3 3 3 3 3 3 3 3 3 3 3 3 3 3 3 3 3 3 3 3 3 3 3 3 3 3 3 3 3 3 3 3 3 3 3 3 3 3 3 3 3 3 3 3 3 3 3 3 3 3 3 3 3 3 3 3 3 3 3 3 3 3 3 3 3 3 3 3 3 3 3 3 3 3 3 3 3 3 3 3 3 3 3 3 3 3 3 3 3 3 3 3 3 3 3 3 3 3 3 3 3 3 3 3 3 3 3 3 3 3 3 3 3 3 3 3 3 3 3 3 3 3 3 3 3 3 3 3 3 3 3 3 3 3 3 3 3 3 3 3 3 3 3 3 3 3 3 3 3 3 3 3 3 3 3 3 3 3 3 3 3 3 3 3 3 3 3 3 3 3 3 3 3 3 3 3 3 3 3 3 3 3 3 3 3 3 3 3 3 3 3 3 3 3 3 3 3 3 3 3 3 3 3 3 3 3 3 3 3 3 3 3 3 3 3 3 3 3 3 3 3 3 3 3 3 3 3 3 3 3 3 3 3 3 3 3 3 3 3 3 3 3 3 3 3 3 3 3 3 3 3 3 3 3 3 3 3 3 3 3 3 3 3 3 3 3 3 3 3 3 3 3 3 3 3 3 3 3 3 3 3 3 3 3 3 3 3 3 3 3 3 3 3 3 3 3 3 3 3 3 3 3 3 3 3 3 3 3 3 3 3 3 3 3 3 3 3 3 3 3 3 3 3 3 3 3 3 3 3 3 3 3 3 3 3 3 3 3 3 3 3 3 3 3 3 3 3 3 3 3 3 3 3 3 3 3 3 3 3 3 3 3 3 3 3 3 3 3 3 3 3 3 3 3 3 3 3 3 3 3 3 3 3 3 3 3 3 3 3 3 3 3 3 3 3 3 3 3 3 3 3 3 3 3 3 3 3 3 3 3 3 3 3 3 3 3 3 3 3 3 3 3 3 3 3 3 3 3 3 3 3 3 3 3 3 3 3 3 3 3 3 3 3 3 3 3 3 3 3 3 3 3 3 3 3 3 3 3 3 3 3 3 3 3 3 3 3 3 3 3 3 3 3 3 3 3 3 3 3 3 3 3 3 3 3 3 3 3 3 3 3 3 3 3 3 3 3 3 3 3 3 3 3 3 3 3 3 3 3 3 3 3 3 3 3 3 3 3 3 3 3 3 3 3 3 3 3 3 3 3 3 3 3 3 3 3 3 3 3 3 3 3 3 3 3 3 3 3 3 3 3 3 3 3 3 3 3 3 3 3 3 3 3 3 3 3 3 3 3 3 3 3 3 3 3 3 3 3 3 3 3 3 3 3 3 3 3 3 3 3 3 3 3 3 3 3 3 3 3 3 3 3 3 3 3 3 3 3 3 3 3 3 3 3 3 3 3 3 3 3 3 3 3 3 3 3 3 3 3 3 3 3 3 3 3 3 3 3 3 3 3 3 3 3 3 3 3 3 3 3 3 3 3 3 3 3 3 3 3 3 3 3 3 3 3 3 3 3 3 3 3 3 3 3 3 3 3 3 3 3 3 3 3 3 3 3 3 3 3 3 3 3 3 3 3 3 3 3 3 3 3 3 3 3 3 3 3 3 3 3 3 3 3 3 3 3 3 3 3 3 3 3 3 3 3 3 3 3 3 3 3 3 3 3 3 3 3 3 3 3 3 3 3 3 3 3 3 3 3 3 3 3 3 3 3 3 3 3 3 3 3 3 3 3 3 3 3 3 3 3 3 3 3 3 3 3 3 3 3 3 3 3 3 3 3 3 3 3 3 3 3 3 3 3 3 3 3 3 3 3 3 3 3 3 3 3 3 3 3 3 3 3 3 3 3 3 3 3 3 3 3 3 3 3 3 3 3 3 3 3 3 3 3 3 3 3 3 3 3 3 3 3 3 3 3 3 3 3 3 3 3 3 3 3 3 3 3 3 3 3 3 3 3 3 3 3 3 3 3 3 3 3 3 3 3 3 3 3 3 3 3 3 3 3 3 3 3 3 3 3 3 3 3 3 3 3 3 3 3 3 3 3 3 3 3 3 3 3 3 3 3 3 3 3 3 3 3 3 3 3 3 3 3 3 3 3 3 3 3 3 3 3 3 3 3 3 3 3 3 3 3 3 3 3 3 3 3 3 3 3 3 3 3 3 3 3 3 3 3 3 3 3 3 3 3 3 3 3 3 3 3 3 3 3 3 3 3 3 3 3 3 3 3 3 3 3 3 3 3 3 3 3 3 3 3 3 3 3 3 3 3 3 3 3 3 3 3 3 3 3 3 3 3 3 3 3 3 3 3 3 3 3 3 3 3 3 3 3 3 3 3 3 3 3 3 3 3 3 3 3 3 3 3 3 3 3 3 3 3 3 3 3 3 3 3 3 3 3 3 3 3 3 3 3 3 3 3 3 3 3 3 3 3 3 3 3 3 3 3 3 3 3 3 3 3 3 3 3 3 3 3 3 3 3 3 3 3 3 3 3 3 3 3 3 3 3 3 3 3 3 3 3 3 3 3 3 3 3 3 3 3 3 3 3 3 3 3 3 3 3 3 3 3 3 3 3 3 3 3 3 3 3 3 3 3 3 3 3 3 3 3 3 3 3 3 3 3 3 3 3 3 3 3 3 3 3 3 3 3 3 3 3 3 3 3 3 3 3 3 3 3 3 3 3 3 3 3 3 3 3 3 3 3 3 3 3 3 3 3 3 3 3 3 3 3 3 3 3 3 3 3 3 3 3 3 3 3 3 3 3 3 3 3 3 3 3 3 3 3 3 3 3 3 3 3 3 3 3 3 3 3 3 3 3 3 3 3 3 3 3 3 3 3 3 3 3 3 3 3 3 3 3 3 3 3 3 3 3 3 3 3 3 3 3 3 3 3 3 3 3 3 3 3 3 3 3 3 3 3 3 3 3 3 3 3 3 3 3 3 3 3 3 3 3 3 3 3 3 3 3 3 3 3 3 3 3 3 3 3 3 3 3 3 3 3 3 3 3 3 3 3 3 3 3 3 3 3 3 3 3 3 3 3 3 3 3 3 3 3 3 3 3 3 3 3 3 3 3 3 3 3 3 3 3 3 3 3 3 3 3 3 3 3 3 3 3 3 3 3 3 3 3 3 3 3 3 3 3 3 3 3 3 3 3 3 3 3 3 3 3 3 3 3 3 3 3 3 3 3 3 3 3 3 3 3 3 3 3 3 3 3 3 3 3 3 3 3 3 3 3 3 3 3 3 3 3 3 3 3 3 3 3 3 3 3 3 3 3 3 3 3 3 3 3 3 3 3 3 3 3 3 3 3 3 3 3 3 3 3 3 3 3 3 3 3 3 3 3 3 3 3 3 3 3 3 3 3 3 3 3 3 3 3 3 3 3 3 3 3 3 3 3 3 3 3 3 3 3 3 3 3 3 3 3 3 3 3 3 3 3 3 3 3 3 3 3 3 3 3 3 3 3 3 3 3 3 3 3 3 3 3 3 3 3 3 3 3 3 3 3 3 3 3 3 3 3 3 3 3 3 3 3 3 3 3 3 3 3 3 3 3 3 3 3 3 3 3 3 3 3 3 3 3 3 3 3 3 3 3 3 3 3 3 3 3 3 3 3 3 3 3 3 3 3 3 3 3 3 3 3 3 3 3 3 3 3 3 3 3 3 3 3 3 3 3 3 3 3 3 3 3 3 3 3 3 3 3 3 3 3 3 3 3 3 3 3 3 3 3 3 3 3 3 3 3 3 3 3 3 3 3 3 3 3 3 3 3 3 3 3 3 3 3 3 3 3 3 3 3 3 3 3 3 3 3 3 3 3 3 3 3 3 3 3 3 3 3 3 3 3 3 3 3 3 3 3 3 3 3 3 3 3 3 3 3 3 3 3 3 3 3 3 3 3 3 3 3 3 3 3 3 3 3 3 3 3 3 3 3 3 3 3 3 3 3 3 3 3 3 3 3 3 3 3 3 3 3 3 3 3 3 3 3 3 3 3 3 3 3 3 3 3 3 3 3 3 3 3 3 3 3 3 3 3 3 3 3 3 3 3 3 3 3 3 3 3 3 3 3 3 3 3 3 3 3 3 3 3 3 3 3 3 3 3 3 3 3 3 3 3 3 3 3 3 3 3 3 3 3 3 3 3 3 3 3 3 3 3 3 3 3 3 3 3 3 3 3 3 3 3 3 3 3 3 3 3 3 3 3 3 3 3 3 3 3 3 3 3 3 3 3 3 3 3 3 3 3 3 3 3 3 3 3 3 3 3 3 3 3 3 3 3 3 3 3 3 3 3 3 3 3 3 3 3 3 3 3 3 3 3 3 3 3 3 3 3 3 3 3 3 3 3 3 3 3 3 3 3 3 3 3 3 3 3 3 3 3 3 3 3 3 3 3 3 3 3 3 3 3 3 3 3 3 3 3 3 3 3 3 3 3 3 3 3 3 3 3 3 3 3 3 3 3 3 3 3 3 3 3 3 3 3 3 3 3 3 3 3 3 3 3 3 3 3 3 3 3 3 3 3 3 3 3 3 3 3 3 3 3 3 3 3 3 3 3 3 3 3 3 3 3 3 3 3 3 3 3 3 3 3 3 3 3 3 3 3 3 3 3 3 3 3 3 3 3 3 3 3 3 3 3 3 3 3 3 3 3 3 3 3 3 3 3 3 3 3 3 3 3 3 3 3 3 3 3 3 3 3 3 3 3 3 3 3 3 3 3 3 3 3 3 3 3 3 3 3 3 3 3 3 3 3 3 3 3 3 3 3 3 3 3 3 3 3 3 3 3 3 3 3 3 3 3 3 3 3 3 3 3 3 3 3 3 3 3 3 3 3 3 3 3 3 3 3 3 3 3 3 3 3 3 3 3 3 3 3 3 3 3 3 3 3 3 3 3 3 3 3 3 3 3 3 3 3 3 3 3 3 3 3 3 3 3 3 3 3 3 3 3 3 3 3 3 3 3 3 3 3 3 3 3 3 3 3 3 3 3 3 3 3 3 3 3 3 3 3 3 3 3 3 3 3 3 3 3 3 3 3 3 3 3 3 3 3 3 3 3 3 3 3 3 3 3 3 3 3 3 3 3 3 3 3 3 3 3 3 3 3 3 3 3 3 3 3 3 3 3 3 3 3 3 3 3 3 3 3 3 3 3 3 3 3 3 3 3 3 3 3 3 3 3 3 3 3 3 3 3 3 3 3 3 3 3 3 3 3 3 3 3 3 3 3 3 3 3 3 3 3 3 3 3 3 3 3 3 3 3 3 3 3 3 3 3 3 3 3 3 3 3 3 3 3 3 3 3 3 3 3 3 3 3 3 3 3 3 3 3 3 3 3 3 3 3 3 3 3 3 3 3 3 3 3 3 3 3 3 3 3 3 3 3 3 3 3 3 3 3 3 3 3 3 3 3 3 3 3 3 3 3 3 3 3 3 3 3 3 3 3 3 3 3 3 3 3 3 3 3 3 3 3 3 3 3 3 3 3 3 3 3 3 3 3 3 3 3 3 3 3 3 3 3 3 3 3 3 3 3 3 3 3 3 3 3 3 3 3 3 3 3 3 3 3 3 3 3 3 3 3 3 3 3 3 3 3 3 3 3 3 3 3 3 3 3 3 3 3 3 3 3 3 3 3 3 3 3 3 3 3 3 3 3 3 3 3 3 3 3 3 3 3 3 3 3 3 3 3 3 3 3 3 3 3 3 3 3 3 3 3 3 3 3 3 3 3 3 3 3 3 3 3 3 3 3 3 3 3 3 3 3 3 3 3 3 3 3 3 3 3 3 3 3 3 3 3 3 3 3 3 3 3 3 3 3 3 3 3 3 3 3 3 3 3 3 3 3 3 3 3 3 3 3 3 3 3 3 3 3 3 3 3 3 3 3 3 3 3 3 3 3 3 3 3 3 3 3 3 3 3 3 3 3 3 3 3 3 3 3 3 3 3 3 3 3 3 3 3 3 3 3 3 3 3 3 3 3 3 3 3 3 3 3 3 3 3 3 3 3 3 3 3 3 3 3 3 3 3 3 3 3 3 3 3 3 3 3 3 3 3 3 3 3 3 3 3 3 3 3 3 3 3 3 3 3 3 3 3 3 3 3 3 3 3 3 3 3 3 3 3 3 3 3 3 3 3 3 3 3 3 3 3 3 3 3 3 3 3 3 3 3 3 3 3 3 3 3 3 3 3 3 3 3 3 3 3 3 3 3 3 3 3 3 3 3 3 3 3 3 3 3 3 3 3 3 3 3 3 3 3 3 3 3 3 3 3 3 3 3 3 3 3 3 3 3 3 3 3 3 3 3 3 3 3 3 3 3 3 3 3 3 3 3 3 3 3 3 3 3 3 3 3 3 3 3 3 3 3 3 3 3 3 3 3 3 3 3 3 3 3 3 3 3 3 3 3 3 3 3 3 3 3 3 3 3 3 3 3 3 3 3 3 3 3 3 3 3 3 3 3 3 3 3 3 3 3 3 3 3 3 3 3 3 3 3 3 3 3 3 3 3 3 3 3 3 3 3 3 3 3 3 3 3 3 3 3 3 3 3 3 3 3 3 3 3 3 3 3 3 3 3 3 3 3 3 3 3 3 3 3 3 3 3 3 3 3 3 3 3 3 3 3 3 3 3 3 3 3 3 3 3 3 3 3 3 3 3 3 3 3 3 3 3 3 3 3 3 3 3 3 3 3 3 3 3 3 3 3 3 3 3 3 3 3 3 3 3 3 3 3 3 3 3 3 3 3 3 3 3 3 3 3 3 3 3 3 3 3 3 3 3 3 3 3 3 3 3 3 3 3 3 3 3 3 3 3 3 3 3 3 3 3 3 3 3 3 3 3 3 3 3 3 3 3 3 3 3 3 3 3 3 3 3 3 3 3 3 3 3 3 3 3 3 3 3 3 3 3 3 3 3 3 3 3 3 3 3 3 3 3 3 3 3 3 3 3 3 3 3 3 3 3 3 3 3 3 3 3 3 3 3 3 3 3 3 3 3 3 </vcount>
          <p>0 1 2 0 2 3 4 5 6 4 6 7 8 9 10 8 10 11 12 13 14 12 14 15 16 17 18 16 18 19 20 21 22 23 24 25 23 25 26 27 28 29 27 29 30 31 32 33 31 33 34 35 36 37 35 37 38 39 40 41 39 41 42 43 44 45 43 45 46 47 48 49 47 49 50 51 52 53 51 53 54 55 56 57 55 57 58 59 60 61 59 61 62 63 64 65 63 65 66 67 68 69 67 69 70 71 72 73 71 73 74 75 76 77 75 77 78 79 80 81 79 81 82 83 84 85 83 85 86 87 88 89 87 89 90 91 92 93 91 93 94 95 96 97 98 99 100 98 100 101 102 103 104 102 104 105 106 107 108 106 108 109 110 111 112 110 112 113 114 115 116 114 116 117 118 119 120 118 120 121 122 123 124 122 124 125 126 127 128 126 128 129 130 131 132 130 132 133 134 135 136 134 136 137 138 139 140 138 140 141 142 143 144 142 144 145 146 147 148 146 148 149 150 151 152 153 154 155 153 155 156 157 158 159 157 159 160 161 162 163 161 163 164 165 166 167 165 167 168 169 170 171 169 171 172 173 174 175 173 175 176 177 178 179 177 179 180 181 182 183 181 183 184 185 186 187 185 187 188 189 190 191 189 191 192 193 194 195 193 195 196 197 198 199 197 199 200 201 202 203 204 205 206 204 206 207 208 209 210 208 210 211 212 213 214 212 214 215 216 217 218 216 218 219 220 221 222 220 222 223 224 225 226 224 226 227 228 229 230 228 230 231 232 233 234 232 234 235 236 237 238 236 238 239 240 241 242 240 242 243 244 245 246 244 246 247 248 249 250 248 250 251 252 253 254 252 254 255 256 257 258 256 258 259 260 261 262 263 264 265 263 265 266 267 268 269 267 269 270 271 272 273 271 273 274 275 276 277 275 277 278 279 280 281 279 281 282 283 284 285 283 285 286 287 288 289 287 289 290 291 292 293 291 293 294 295 296 297 295 297 298 299 300 301 299 301 302 303 304 305 303 305 306 307 308 309 307 309 310 311 312 313 314 315 316 314 316 317 318 319 320 318 320 321 322 323 324 322 324 325 326 327 328 326 328 329 330 331 332 330 332 333 334 335 336 334 336 337 338 339 340 338 340 341 342 343 344 342 344 345 346 347 348 346 348 349 350 351 352 350 352 353 354 355 356 354 356 357 358 359 360 358 360 361 362 363 364 362 364 365 366 367 368 366 368 369 370 371 372 370 372 373 374 375 376 374 376 377 378 379 380 378 380 381 382 383 384 382 384 385 386 387 388 386 388 389 390 391 392 390 392 393 394 395 396 394 396 397 398 399 400 398 400 401 402 403 404 402 404 405 406 407 408 406 408 409 410 411 412 410 412 413 414 415 416 417 418 419 417 419 420 421 422 423 421 423 424 425 426 427 425 427 428 429 430 431 429 431 432 433 434 435 433 435 436 437 438 439 437 439 440 441 442 443 441 443 444 445 446 447 445 447 448 449 450 451 449 451 452 453 454 455 453 455 456 457 458 459 457 459 460 461 462 463 461 463 464 465 466 467 465 467 468 469 470 471 469 471 472 473 474 475 473 475 476 477 478 479 477 479 480 481 482 483 481 483 484 485 486 487 485 487 488 489 490 491 492 493 494 492 494 495 496 497 498 496 498 499 500 501 502 500 502 503 504 505 506 504 506 507 508 509 510 508 510 511 512 513 514 512 514 515 516 517 518 519 520 521 519 521 522 523 524 525 523 525 526 527 528 529 527 529 530 531 532 533 531 533 534 535 536 537 535 537 538 539 540 541 539 541 542 543 544 545 543 545 546 547 548 549 547 549 550 551 552 553 551 553 554 555 556 557 555 557 558 559 560 561 559 561 562 563 564 565 563 565 566 567 568 569 567 569 570 571 572 573 571 573 574 575 576 577 575 577 578 579 580 581 579 581 582 583 584 585 583 585 586 587 588 589 587 589 590 591 592 593 594 595 596 594 596 597 598 599 600 598 600 601 602 603 604 602 604 605 606 607 608 606 608 609 610 611 612 610 612 613 614 615 616 614 616 617 618 619 620 618 620 621 622 623 624 622 624 625 626 627 628 626 628 629 630 631 632 630 632 633 634 635 636 634 636 637 638 639 640 638 640 641 642 643 644 642 644 645 646 647 648 646 648 649 650 651 652 650 652 653 654 655 656 654 656 657 658 659 660 658 660 661 662 663 664 662 664 665 666 667 668 666 668 669 670 671 672 670 672 673 674 675 676 674 676 677 678 679 680 678 680 681 682 683 684 682 684 685 686 687 688 686 688 689 690 691 692 690 692 693 694 695 696 697 698 699 697 699 700 701 702 703 701 703 704 705 706 707 705 707 708 709 710 711 709 711 712 713 714 715 713 715 716 717 718 719 717 719 720 721 722 723 721 723 724 725 726 727 725 727 728 729 730 731 729 731 732 733 734 735 733 735 736 737 738 739 737 739 740 741 742 743 741 743 744 745 746 747 748 749 750 748 750 751 752 753 754 752 754 755 756 757 758 756 758 759 760 761 762 760 762 763 764 765 766 764 766 767 768 769 770 768 770 771 772 773 774 772 774 775 776 777 778 776 778 779 780 781 782 780 782 783 784 785 786 784 786 787 788 789 790 788 790 791 792 793 794 792 794 795 796 797 798 796 798 799 800 801 802 800 802 803 804 805 806 807 808 809 807 809 810 811 812 813 811 813 814 815 816 817 815 817 818 819 820 821 819 821 822 823 824 825 823 825 826 827 828 829 827 829 830 831 832 833 831 833 834 835 836 837 835 837 838 839 840 841 839 841 842 843 844 845 843 845 846 847 848 849 847 849 850 851 852 853 851 853 854 855 856 857 858 859 860 858 860 861 862 863 864 862 864 865 866 867 868 866 868 869 870 871 872 870 872 873 874 875 876 874 876 877 878 879 880 878 880 881 882 883 884 882 884 885 886 887 888 886 888 889 890 891 892 890 892 893 894 895 896 894 896 897 898 899 900 898 900 901 902 903 904 902 904 905 906 907 908 906 908 909 910 911 912 910 912 913 914 915 916 917 918 919 917 919 920 921 922 923 921 923 924 925 926 927 925 927 928 929 930 931 929 931 932 933 934 935 933 935 936 937 938 939 937 939 940 941 942 943 941 943 944 945 946 947 945 947 948 949 950 951 949 951 952 953 954 955 953 955 956 957 958 959 957 959 960 961 962 963 961 963 964 965 966 967 968 969 970 968 970 971 972 973 974 972 974 975 976 977 978 976 978 979 980 981 982 980 982 983 984 985 986 984 986 987 988 989 990 988 990 991 992 993 994 992 994 995 996 997 998 996 998 999 1000 1001 1002 1000 1002 1003 1004 1005 1006 1004 1006 1007 1008 1009 1010 1008 1010 1011 1012 1013 1014 1012 1014 1015 1016 1017 1018 1016 1018 1019 1020 1021 1022 1020 1022 1023 1024 1025 1026 1027 1028 1029 1027 1029 1030 1031 1032 1033 1031 1033 1034 1035 1036 1037 1035 1037 1038 1039 1040 1041 1039 1041 1042 1043 1044 1045 1043 1045 1046 1047 1048 1049 1047 1049 1050 1051 1052 1053 1051 1053 1054 1055 1056 1057 1055 1057 1058 1059 1060 1061 1059 1061 1062 1063 1064 1065 1063 1065 1066 1067 1068 1069 1067 1069 1070 1071 1072 1073 1071 1073 1074 1075 1076 1077 1078 1079 1080 1078 1080 1081 1082 1083 1084 1082 1084 1085 1086 1087 1088 1086 1088 1089 1090 1091 1092 1090 1092 1093 1094 1095 1096 1094 1096 1097 1098 1099 1100 1098 1100 1101 1102 1103 1104 1102 1104 1105 1106 1107 1108 1106 1108 1109 1110 1111 1112 1110 1112 1113 1114 1115 1116 1114 1116 1117 1118 1119 1120 1118 1120 1121 1122 1123 1124 1122 1124 1125 1126 1127 1128 1126 1128 1129 1130 1131 1132 1130 1132 1133 1134 1135 1136 1137 1138 1139 1137 1139 1140 1141 1142 1143 1141 1143 1144 1145 1146 1147 1145 1147 1148 1149 1150 1151 1149 1151 1152 1153 1154 1155 1153 1155 1156 1157 1158 1159 1157 1159 1160 1161 1162 1163 1161 1163 1164 1165 1166 1167 1165 1167 1168 1169 1170 1171 1169 1171 1172 1173 1174 1175 1173 1175 1176 1177 1178 1179 1177 1179 1180 1181 1182 1183 1181 1183 1184 1185 1186 1187 1188 1189 1190 1188 1190 1191 1192 1193 1194 1192 1194 1195 1196 1197 1198 1196 1198 1199 1200 1201 1202 1200 1202 1203 1204 1205 1206 1204 1206 1207 1208 1209 1210 1208 1210 1211 1212 1213 1214 1212 1214 1215 1216 1217 1218 1216 1218 1219 1220 1221 1222 1220 1222 1223 1224 1225 1226 1224 1226 1227 1228 1229 1230 1228 1230 1231 1232 1233 1234 1232 1234 1235 1236 1237 1238 1236 1238 1239 1240 1241 1242 1240 1242 1243 1244 1245 1246 1244 1246 1247 1248 1249 1250 1248 1250 1251 1252 1253 1254 1252 1254 1255 1256 1257 1258 1256 1258 1259 1260 1261 1262 1260 1262 1263 1264 1265 1266 1264 1266 1267 1268 1269 1270 1268 1270 1271 1272 1273 1274 1272 1274 1275 1276 1277 1278 1276 1278 1279 1280 1281 1282 1280 1282 1283 1284 1285 1286 1284 1286 1287 1288 1289 1290 1291 1292 1293 1291 1293 1294 1295 1296 1297 1295 1297 1298 1299 1300 1301 1299 1301 1302 1303 1304 1305 1303 1305 1306 1307 1308 1309 1307 1309 1310 1311 1312 1313 1311 1313 1314 1315 1316 1317 1315 1317 1318 1319 1320 1321 1319 1321 1322 1323 1324 1325 1323 1325 1326 1327 1328 1329 1327 1329 1330 1331 1332 1333 1331 1333 1334 1335 1336 1337 1335 1337 1338 1339 1340 1341 1339 1341 1342 1343 1344 1345 1343 1345 1346 1347 1348 1349 1347 1349 1350 1351 1352 1353 1351 1353 1354 1355 1356 1357 1355 1357 1358 1359 1360 1361 1359 1361 1362 1363 1364 1365 1366 1367 1368 1366 1368 1369 1370 1371 1372 1370 1372 1373 1374 1375 1376 1374 1376 1377 1378 1379 1380 1378 1380 1381 1382 1383 1384 1382 1384 1385 1386 1387 1388 1386 1388 1389 1390 1391 1392 1393 1394 1395 1393 1395 1396 1397 1398 1399 1397 1399 1400 1401 1402 1403 1401 1403 1404 1405 1406 1407 1405 1407 1408 1409 1410 1411 1409 1411 1412 1413 1414 1415 1413 1415 1416 1417 1418 1419 1417 1419 1420 1421 1422 1423 1421 1423 1424 1425 1426 1427 1425 1427 1428 1429 1430 1431 1429 1431 1432 1433 1434 1435 1433 1435 1436 1437 1438 1439 1437 1439 1440 1441 1442 1443 1441 1443 1444 1445 1446 1447 1445 1447 1448 1449 1450 1451 1449 1451 1452 1453 1454 1455 1453 1455 1456 1457 1458 1459 1457 1459 1460 1461 1462 1463 1461 1463 1464 1465 1466 1467 1468 1469 1470 1468 1470 1471 1472 1473 1474 1472 1474 1475 1476 1477 1478 1476 1478 1479 1480 1481 1482 1480 1482 1483 1484 1485 1486 1484 1486 1487 1488 1489 1490 1488 1490 1491 1492 1493 1494 1492 1494 1495 1496 1497 1498 1496 1498 1499 1500 1501 1502 1500 1502 1503 1504 1505 1506 1504 1506 1507 1508 1509 1510 1508 1510 1511 1512 1513 1514 1512 1514 1515 1516 1517 1518 1516 1518 1519 1520 1521 1522 1520 1522 1523 1524 1525 1526 1524 1526 1527 1528 1529 1530 1528 1530 1531 1532 1533 1534 1532 1534 1535 1536 1537 1538 1536 1538 1539 1540 1541 1542 1540 1542 1543 1544 1545 1546 1544 1546 1547 1548 1549 1550 1548 1550 1551 1552 1553 1554 1552 1554 1555 1556 1557 1558 1556 1558 1559 1560 1561 1562 1560 1562 1563 1564 1565 1566 1564 1566 1567 1568 1569 1570 1568 1570 1571 1572 1573 1574 1575 1576 1577 1575 1577 1578 1579 1580 1581 1579 1581 1582 1583 1584 1585 1583 1585 1586 1587 1588 1589 1587 1589 1590 1591 1592 1593 1591 1593 1594 1595 1596 1597 1595 1597 1598 1599 1600 1601 1599 1601 1602 1603 1604 1605 1603 1605 1606 1607 1608 1609 1607 1609 1610 1611 1612 1613 1611 1613 1614 1615 1616 1617 1615 1617 1618 1619 1620 1621 1619 1621 1622 1623 1624 1625 1626 1627 1628 1626 1628 1629 1630 1631 1632 1630 1632 1633 1634 1635 1636 1634 1636 1637 1638 1639 1640 1638 1640 1641 1642 1643 1644 1642 1644 1645 1646 1647 1648 1646 1648 1649 1650 1651 1652 1650 1652 1653 1654 1655 1656 1654 1656 1657 1658 1659 1660 1658 1660 1661 1662 1663 1664 1662 1664 1665 1666 1667 1668 1666 1668 1669 1670 1671 1672 1670 1672 1673 1674 1675 1676 1674 1676 1677 1678 1679 1680 1678 1680 1681 1682 1683 1684 1685 1686 1687 1685 1687 1688 1689 1690 1691 1689 1691 1692 1693 1694 1695 1693 1695 1696 1697 1698 1699 1697 1699 1700 1701 1702 1703 1701 1703 1704 1705 1706 1707 1705 1707 1708 1709 1710 1711 1709 1711 1712 1713 1714 1715 1713 1715 1716 1717 1718 1719 1717 1719 1720 1721 1722 1723 1721 1723 1724 1725 1726 1727 1725 1727 1728 1729 1730 1731 1729 1731 1732 1733 1734 1735 1736 1737 1738 1736 1738 1739 1740 1741 1742 1740 1742 1743 1744 1745 1746 1744 1746 1747 1748 1749 1750 1748 1750 1751 1752 1753 1754 1752 1754 1755 1756 1757 1758 1756 1758 1759 1760 1761 1762 1760 1762 1763 1764 1765 1766 1764 1766 1767 1768 1769 1770 1768 1770 1771 1772 1773 1774 1772 1774 1775 1776 1777 1778 1776 1778 1779 1780 1781 1782 1780 1782 1783 1784 1785 1786 1784 1786 1787 1788 1789 1790 1788 1790 1791 1792 1793 1794 1795 1796 1797 1795 1797 1798 1799 1800 1801 1799 1801 1802 1803 1804 1805 1803 1805 1806 1807 1808 1809 1807 1809 1810 1811 1812 1813 1811 1813 1814 1815 1816 1817 1815 1817 1818 1819 1820 1821 1819 1821 1822 1823 1824 1825 1823 1825 1826 1827 1828 1829 1827 1829 1830 1831 1832 1833 1831 1833 1834 1835 1836 1837 1835 1837 1838 1839 1840 1841 1839 1841 1842 1843 1844 1845 1846 1847 1848 1846 1848 1849 1850 1851 1852 1850 1852 1853 1854 1855 1856 1854 1856 1857 1858 1859 1860 1858 1860 1861 1862 1863 1864 1862 1864 1865 1866 1867 1868 1866 1868 1869 1870 1871 1872 1870 1872 1873 1874 1875 1876 1874 1876 1877 1878 1879 1880 1878 1880 1881 1882 1883 1884 1882 1884 1885 1886 1887 1888 1886 1888 1889 1890 1891 1892 1890 1892 1893 1894 1895 1896 1894 1896 1897 1898 1899 1900 1898 1900 1901 1902 1903 1904 1905 1906 1907 1905 1907 1908 1909 1910 1911 1909 1911 1912 1913 1914 1915 1913 1915 1916 1917 1918 1919 1917 1919 1920 1921 1922 1923 1921 1923 1924 1925 1926 1927 1925 1927 1928 1929 1930 1931 1929 1931 1932 1933 1934 1935 1933 1935 1936 1937 1938 1939 1937 1939 1940 1941 1942 1943 1941 1943 1944 1945 1946 1947 1945 1947 1948 1949 1950 1951 1949 1951 1952 1953 1954 1955 1956 1957 1958 1956 1958 1959 1960 1961 1962 1960 1962 1963 1964 1965 1966 1964 1966 1967 1968 1969 1970 1968 1970 1971 1972 1973 1974 1972 1974 1975 1976 1977 1978 1976 1978 1979 1980 1981 1982 1980 1982 1983 1984 1985 1986 1984 1986 1987 1988 1989 1990 1988 1990 1991 1992 1993 1994 1992 1994 1995 1996 1997 1998 1996 1998 1999 2000 2001 2002 2000 2002 2003 2004 2005 2006 2004 2006 2007 2008 2009 2010 2008 2010 2011 2012 2013 2014 2012 2014 2015 2016 2017 2018 2016 2018 2019 2020 2021 2022 2020 2022 2023 2024 2025 2026 2024 2026 2027 2028 2029 2030 2028 2030 2031 2032 2033 2034 2032 2034 2035 2036 2037 2038 2036 2038 2039 2040 2041 2042 2040 2042 2043 2044 2045 2046 2044 2046 2047 2048 2049 2050 2048 2050 2051 2052 2053 2054 2052 2054 2055 2056 2057 2058 2056 2058 2059 2060 2061 2062 2063 2064 2065 2063 2065 2066 2067 2068 2069 2067 2069 2070 2071 2072 2073 2071 2073 2074 2075 2076 2077 2075 2077 2078 2079 2080 2081 2079 2081 2082 2083 2084 2085 2083 2085 2086 2087 2088 2089 2087 2089 2090 2091 2092 2093 2091 2093 2094 2095 2096 2097 2095 2097 2098 2099 2100 2101 2099 2101 2102 2103 2104 2105 2103 2105 2106 2107 2108 2109 2107 2109 2110 2111 2112 2113 2111 2113 2114 2115 2116 2117 2115 2117 2118 2119 2120 2121 2119 2121 2122 2123 2124 2125 2123 2125 2126 2127 2128 2129 2127 2129 2130 2131 2132 2133 2131 2133 2134 2135 2136 2137 2138 2139 2140 2138 2140 2141 2142 2143 2144 2142 2144 2145 2146 2147 2148 2146 2148 2149 2150 2151 2152 2150 2152 2153 2154 2155 2156 2154 2156 2157 2158 2159 2160 2158 2160 2161 2162 2163 2164 2165 2166 2167 2165 2167 2168 2169 2170 2171 2169 2171 2172 2173 2174 2175 2173 2175 2176 2177 2178 2179 2177 2179 2180 2181 2182 2183 2181 2183 2184 2185 2186 2187 2185 2187 2188 2189 2190 2191 2189 2191 2192 2193 2194 2195 2193 2195 2196 2197 2198 2199 2197 2199 2200 2201 2202 2203 2201 2203 2204 2205 2206 2207 2205 2207 2208 2209 2210 2211 2209 2211 2212 2213 2214 2215 2213 2215 2216 2217 2218 2219 2217 2219 2220 2221 2222 2223 2221 2223 2224 2225 2226 2227 2225 2227 2228 2229 2230 2231 2229 2231 2232 2233 2234 2235 2233 2235 2236 2237 2238 2239 2240 2241 2242 2240 2242 2243 2244 2245 2246 2244 2246 2247 2248 2249 2250 2248 2250 2251 2252 2253 2254 2252 2254 2255 2256 2257 2258 2256 2258 2259 2260 2261 2262 2260 2262 2263 2264 2265 2266 2264 2266 2267 2268 2269 2270 2268 2270 2271 2272 2273 2274 2272 2274 2275 2276 2277 2278 2276 2278 2279 2280 2281 2282 2280 2282 2283 2284 2285 2286 2284 2286 2287 2288 2289 2290 2288 2290 2291 2292 2293 2294 2292 2294 2295 2296 2297 2298 2296 2298 2299 2300 2301 2302 2300 2302 2303 2304 2305 2306 2304 2306 2307 2308 2309 2310 2308 2310 2311 2312 2313 2314 2312 2314 2315 2316 2317 2318 2316 2318 2319 2320 2321 2322 2320 2322 2323 2324 2325 2326 2324 2326 2327 2328 2329 2330 2328 2330 2331 2332 2333 2334 2332 2334 2335 2336 2337 2338 2336 2338 2339 2340 2341 2342 2343 2344 2345 2343 2345 2346 2347 2348 2349 2347 2349 2350 2351 2352 2353 2351 2353 2354 2355 2356 2357 2355 2357 2358 2359 2360 2361 2359 2361 2362 2363 2364 2365 2363 2365 2366 2367 2368 2369 2367 2369 2370 2371 2372 2373 2371 2373 2374 2375 2376 2377 2375 2377 2378 2379 2380 2381 2379 2381 2382 2383 2384 2385 2383 2385 2386 2387 2388 2389 2387 2389 2390 2391 2392 2393 2394 2395 2396 2394 2396 2397 2398 2399 2400 2398 2400 2401 2402 2403 2404 2402 2404 2405 2406 2407 2408 2406 2408 2409 2410 2411 2412 2410 2412 2413 2414 2415 2416 2414 2416 2417 2418 2419 2420 2418 2420 2421 2422 2423 2424 2422 2424 2425 2426 2427 2428 2426 2428 2429 2430 2431 2432 2430 2432 2433 2434 2435 2436 2434 2436 2437 2438 2439 2440 2438 2440 2441 2442 2443 2444 2442 2444 2445 2446 2447 2448 2446 2448 2449 2450 2451 2452 2453 2454 2455 2453 2455 2456 2457 2458 2459 2457 2459 2460 2461 2462 2463 2461 2463 2464 2465 2466 2467 2465 2467 2468 2469 2470 2471 2469 2471 2472 2473 2474 2475 2473 2475 2476 2477 2478 2479 2477 2479 2480 2481 2482 2483 2481 2483 2484 2485 2486 2487 2485 2487 2488 2489 2490 2491 2489 2491 2492 2493 2494 2495 2493 2495 2496 2497 2498 2499 2497 2499 2500 2501 2502 2503 2504 2505 2506 2504 2506 2507 2508 2509 2510 2508 2510 2511 2512 2513 2514 2512 2514 2515 2516 2517 2518 2516 2518 2519 2520 2521 2522 2520 2522 2523 2524 2525 2526 2524 2526 2527 2528 2529 2530 2528 2530 2531 2532 2533 2534 2532 2534 2535 2536 2537 2538 2536 2538 2539 2540 2541 2542 2540 2542 2543 2544 2545 2546 2544 2546 2547 2548 2549 2550 2548 2550 2551 2552 2553 2554 2552 2554 2555 2556 2557 2558 2556 2558 2559 2560 2561 2562 2563 2564 2565 2563 2565 2566 2567 2568 2569 2567 2569 2570 2571 2572 2573 2571 2573 2574 2575 2576 2577 2575 2577 2578 2579 2580 2581 2579 2581 2582 2583 2584 2585 2583 2585 2586 2587 2588 2589 2587 2589 2590 2591 2592 2593 2591 2593 2594 2595 2596 2597 2595 2597 2598 2599 2600 2601 2599 2601 2602 2603 2604 2605 2603 2605 2606 2607 2608 2609 2607 2609 2610 2611 2612 2613 2614 2615 2616 2614 2616 2617 2618 2619 2620 2618 2620 2621 2622 2623 2624 2622 2624 2625 2626 2627 2628 2626 2628 2629 2630 2631 2632 2630 2632 2633 2634 2635 2636 2634 2636 2637 2638 2639 2640 2638 2640 2641 2642 2643 2644 2642 2644 2645 2646 2647 2648 2646 2648 2649 2650 2651 2652 2650 2652 2653 2654 2655 2656 2654 2656 2657 2658 2659 2660 2658 2660 2661 2662 2663 2664 2662 2664 2665 2666 2667 2668 2666 2668 2669 2670 2671 2672 2673 2674 2675 2673 2675 2676 2677 2678 2679 2677 2679 2680 2681 2682 2683 2681 2683 2684 2685 2686 2687 2685 2687 2688 2689 2690 2691 2689 2691 2692 2693 2694 2695 2693 2695 2696 2697 2698 2699 2697 2699 2700 2701 2702 2703 2701 2703 2704 2705 2706 2707 2705 2707 2708 2709 2710 2711 2709 2711 2712 2713 2714 2715 2713 2715 2716 2717 2718 2719 2717 2719 2720 2721 2722 2723 2724 2725 2726 2724 2726 2727 2728 2729 2730 2728 2730 2731 2732 2733 2734 2732 2734 2735 2736 2737 2738 2736 2738 2739 2740 2741 2742 2740 2742 2743 2744 2745 2746 2744 2746 2747 2748 2749 2750 2748 2750 2751 2752 2753 2754 2752 2754 2755 2756 2757 2758 2756 2758 2759 2760 2761 2762 2760 2762 2763 2764 2765 2766 2764 2766 2767 2768 2769 2770 2768 2770 2771 2772 2773 2774 2772 2774 2775 2776 2777 2778 2776 2778 2779 2780 2781 2782 2783 2784 2785 2783 2785 2786 2787 2788 2789 2787 2789 2790 2791 2792 2793 2791 2793 2794 2795 2796 2797 2795 2797 2798 2799 2800 2801 2799 2801 2802 2803 2804 2805 2803 2805 2806 2807 2808 2809 2807 2809 2810 2811 2812 2813 2811 2813 2814 2815 2816 2817 2815 2817 2818 2819 2820 2821 2819 2821 2822 2823 2824 2825 2823 2825 2826 2827 2828 2829 2827 2829 2830 2831 2832 2833 2834 2835 2836 2834 2836 2837 2838 2839 2840 2838 2840 2841 2842 2843 2844 2842 2844 2845 2846 2847 2848 2846 2848 2849 2850 2851 2852 2850 2852 2853 2854 2855 2856 2854 2856 2857 2858 2859 2860 2858 2860 2861 2862 2863 2864 2862 2864 2865 2866 2867 2868 2866 2868 2869 2870 2871 2872 2870 2872 2873 2874 2875 2876 2874 2876 2877 2878 2879 2880 2878 2880 2881 2882 2883 2884 2882 2884 2885 2886 2887 2888 2886 2888 2889 2890 2891 2892 2890 2892 2893 2894 2895 2896 2894 2896 2897 2898 2899 2900 2898 2900 2901 2902 2903 2904 2902 2904 2905 2906 2907 2908 2906 2908 2909 2910 2911 2912 2910 2912 2913 2914 2915 2916 2914 2916 2917 2918 2919 2920 2918 2920 2921 2922 2923 2924 2922 2924 2925 2926 2927 2928 2926 2928 2929 2930 2931 2932 2930 2932 2933 2934 2935 2936 2934 2936 2937 2938 2939 2940 2941 2942 2943 2941 2943 2944 2945 2946 2947 2945 2947 2948 2949 2950 2951 2949 2951 2952 2953 2954 2955 2953 2955 2956 2957 2958 2959 2957 2959 2960 2961 2962 2963 2961 2963 2964 2965 2966 2967 2965 2967 2968 2969 2970 2971 2969 2971 2972 2973 2974 2975 2973 2975 2976 2977 2978 2979 2977 2979 2980 2981 2982 2983 2981 2983 2984 2985 2986 2987 2985 2987 2988 2989 2990 2991 2989 2991 2992 2993 2994 2995 2993 2995 2996 2997 2998 2999 2997 2999 3000 3001 3002 3003 3001 3003 3004 3005 3006 3007 3005 3007 3008 3009 3010 3011 3009 3011 3012 3013 3014 3015 3016 3017 3018 3016 3018 3019 3020 3021 3022 3020 3022 3023 3024 3025 3026 3024 3026 3027 3028 3029 3030 3028 3030 3031 3032 3033 3034 3032 3034 3035 3036 3037 3038 3036 3038 3039 3040 3041 3042 3043 3044 3045 3043 3045 3046 3047 3048 3049 3047 3049 3050 3051 3052 3053 3051 3053 3054 3055 3056 3057 3055 3057 3058 3059 3060 3061 3059 3061 3062 3063 3064 3065 3063 3065 3066 3067 3068 3069 3067 3069 3070 3071 3072 3073 3071 3073 3074 3075 3076 3077 3075 3077 3078 3079 3080 3081 3079 3081 3082 3083 3084 3085 3083 3085 3086 3087 3088 3089 3087 3089 3090 3091 3092 3093 3091 3093 3094 3095 3096 3097 3095 3097 3098 3099 3100 3101 3099 3101 3102 3103 3104 3105 3103 3105 3106 3107 3108 3109 3107 3109 3110 3111 3112 3113 3111 3113 3114 3115 3116 3117 3118 3119 3120 3118 3120 3121 3122 3123 3124 3122 3124 3125 3126 3127 3128 3126 3128 3129 3130 3131 3132 3130 3132 3133 3134 3135 3136 3134 3136 3137 3138 3139 3140 3138 3140 3141 3142 3143 3144 3142 3144 3145 3146 3147 3148 3146 3148 3149 3150 3151 3152 3150 3152 3153 3154 3155 3156 3154 3156 3157 3158 3159 3160 3158 3160 3161 3162 3163 3164 3162 3164 3165 3166 3167 3168 3166 3168 3169 3170 3171 3172 3170 3172 3173 3174 3175 3176 3174 3176 3177 3178 3179 3180 3178 3180 3181 3182 3183 3184 3182 3184 3185 3186 3187 3188 3186 3188 3189 3190 3191 3192 3190 3192 3193 3194 3195 3196 3194 3196 3197 3198 3199 3200 3198 3200 3201 3202 3203 3204 3202 3204 3205 3206 3207 3208 3206 3208 3209 3210 3211 3212 3210 3212 3213 3214 3215 3216 3214 3216 3217 3218 3219 3220 3221 3222 3223 3221 3223 3224 3225 3226 3227 3225 3227 3228 3229 3230 3231 3229 3231 3232 3233 3234 3235 3233 3235 3236 3237 3238 3239 3237 3239 3240 3241 3242 3243 3241 3243 3244 3245 3246 3247 3245 3247 3248 3249 3250 3251 3249 3251 3252 3253 3254 3255 3253 3255 3256 3257 3258 3259 3257 3259 3260 3261 3262 3263 3261 3263 3264 3265 3266 3267 3265 3267 3268 3269 3270 3271 3272 3273 3274 3272 3274 3275 3276 3277 3278 3276 3278 3279 3280 3281 3282 3280 3282 3283 3284 3285 3286 3284 3286 3287 3288 3289 3290 3288 3290 3291 3292 3293 3294 3292 3294 3295 3296 3297 3298 3296 3298 3299 3300 3301 3302 3300 3302 3303 3304 3305 3306 3304 3306 3307 3308 3309 3310 3311 3312 3313 3311 3313 3314 3315 3316 3317 3315 3317 3318 3319 3320 3321 3319 3321 3322 3323 3324 3325 3323 3325 3326 3327 3328 3329 3327 3329 3330 3331 3332 3333 3331 3333 3334 3335 3336 3337 3335 3337 3338 3339 3340 3341 3339 3341 3342 3343 3344 3345 3343 3345 3346 3347 3348 3349 3347 3349 3350 3351 3352 3353 3351 3353 3354 3355 3356 3357 3355 3357 3358 3359 3360 3361 3359 3361 3362 3363 3364 3365 3363 3365 3366 3367 3368 3369 3367 3369 3370 3371 3372 3373 3371 3373 3374 3375 3376 3377 3375 3377 3378 3379 3380 3381 3379 3381 3382 3383 3384 3385 3386 3387 3388 3386 3388 3389 3390 3391 3392 3390 3392 3393 3394 3395 3396 3394 3396 3397 3398 3399 3400 3398 3400 3401 3402 3403 3404 3402 3404 3405 3406 3407 3408 3406 3408 3409 3410 3411 3412 3413 3414 3415 3413 3415 3416 3417 3418 3419 3417 3419 3420 3421 3422 3423 3421 3423 3424 3425 3426 3427 3425 3427 3428 3429 3430 3431 3429 3431 3432 3433 3434 3435 3433 3435 3436 3437 3438 3439 3437 3439 3440 3441 3442 3443 3441 3443 3444 3445 3446 3447 3445 3447 3448 3449 3450 3451 3449 3451 3452 3453 3454 3455 3453 3455 3456 3457 3458 3459 3457 3459 3460 3461 3462 3463 3461 3463 3464 3465 3466 3467 3465 3467 3468 3469 3470 3471 3469 3471 3472 3473 3474 3475 3473 3475 3476 3477 3478 3479 3477 3479 3480 3481 3482 3483 3481 3483 3484 3485 3486 3487 3488 3489 3490 3488 3490 3491 3492 3493 3494 3492 3494 3495 3496 3497 3498 3496 3498 3499 3500 3501 3502 3500 3502 3503 3504 3505 3506 3504 3506 3507 3508 3509 3510 3508 3510 3511 3512 3513 3514 3512 3514 3515 3516 3517 3518 3516 3518 3519 3520 3521 3522 3520 3522 3523 3524 3525 3526 3524 3526 3527 3528 3529 3530 3528 3530 3531 3532 3533 3534 3532 3534 3535 3536 3537 3538 3536 3538 3539 3540 3541 3542 3540 3542 3543 3544 3545 3546 3544 3546 3547 3548 3549 3550 3548 3550 3551 3552 3553 3554 3552 3554 3555 3556 3557 3558 3556 3558 3559 3560 3561 3562 3560 3562 3563 3564 3565 3566 3564 3566 3567 3568 3569 3570 3568 3570 3571 3572 3573 3574 3572 3574 3575 3576 3577 3578 3576 3578 3579 3580 3581 3582 3580 3582 3583 3584 3585 3586 3584 3586 3587 3588 3589 3590 3588 3590 3591 3592 3593 3594 3595 3596 3597 3595 3597 3598 3599 3600 3601 3599 3601 3602 3603 3604 3605 3603 3605 3606 3607 3608 3609 3607 3609 3610 3611 3612 3613 3611 3613 3614 3615 3616 3617 3615 3617 3618 3619 3620 3621 3619 3621 3622 3623 3624 3625 3623 3625 3626 3627 3628 3629 3627 3629 3630 3631 3632 3633 3631 3633 3634 3635 3636 3637 3635 3637 3638 3639 3640 3641 3639 3641 3642 3643 3644 3645 3646 3647 3648 3646 3648 3649 3650 3651 3652 3650 3652 3653 3654 3655 3656 3654 3656 3657 3658 3659 3660 3658 3660 3661 3662 3663 3664 3662 3664 3665 3666 3667 3668 3666 3668 3669 3670 3671 3672 3670 3672 3673 3674 3675 3676 3674 3676 3677 3678 3679 3680 3678 3680 3681 3682 3683 3684 3682 3684 3685 3686 3687 3688 3686 3688 3689 3690 3691 3692 3690 3692 3693 3694 3695 3696 3694 3696 3697 3698 3699 3700 3698 3700 3701 3702 3703 3704 3705 3706 3707 3705 3707 3708 3709 3710 3711 3709 3711 3712 3713 3714 3715 3713 3715 3716 3717 3718 3719 3717 3719 3720 3721 3722 3723 3721 3723 3724 3725 3726 3727 3725 3727 3728 3729 3730 3731 3729 3731 3732 3733 3734 3735 3733 3735 3736 3737 3738 3739 3737 3739 3740 3741 3742 3743 3741 3743 3744 3745 3746 3747 3745 3747 3748 3749 3750 3751 3749 3751 3752 3753 3754 3755 3756 3757 3758 3756 3758 3759 3760 3761 3762 3760 3762 3763 3764 3765 3766 3764 3766 3767 3768 3769 3770 3768 3770 3771 3772 3773 3774 3772 3774 3775 3776 3777 3778 3776 3778 3779 3780 3781 3782 3780 3782 3783 3784 3785 3786 3784 3786 3787 3788 3789 3790 3788 3790 3791 3792 3793 3794 3792 3794 3795 3796 3797 3798 3796 3798 3799 3800 3801 3802 3800 3802 3803 3804 3805 3806 3804 3806 3807 3808 3809 3810 3808 3810 3811 3812 3813 3814 3815 3816 3817 3815 3817 3818 3819 3820 3821 3819 3821 3822 3823 3824 3825 3823 3825 3826 3827 3828 3829 3827 3829 3830 3831 3832 3833 3831 3833 3834 3835 3836 3837 3835 3837 3838 3839 3840 3841 3839 3841 3842 3843 3844 3845 3843 3845 3846 3847 3848 3849 3847 3849 3850 3851 3852 3853 3851 3853 3854 3855 3856 3857 3855 3857 3858 3859 3860 3861 3859 3861 3862 3863 3864 3865 3866 3867 3868 3866 3868 3869 3870 3871 3872 3870 3872 3873 3874 3875 3876 3874 3876 3877 3878 3879 3880 3878 3880 3881 3882 3883 3884 3882 3884 3885 3886 3887 3888 3886 3888 3889 3890 3891 3892 3890 3892 3893 3894 3895 3896 3894 3896 3897 3898 3899 3900 3898 3900 3901 3902 3903 3904 3902 3904 3905 3906 3907 3908 3906 3908 3909 3910 3911 3912 3910 3912 3913 3914 3915 3916 3914 3916 3917 3918 3919 3920 3918 3920 3921 3922 3923 3924 3925 3926 3927 3925 3927 3928 3929 3930 3931 3929 3931 3932 3933 3934 3935 3933 3935 3936 3937 3938 3939 3937 3939 3940 3941 3942 3943 3941 3943 3944 3945 3946 3947 3945 3947 3948 3949 3950 3951 3949 3951 3952 3953 3954 3955 3953 3955 3956 3957 3958 3959 3957 3959 3960 3961 3962 3963 3961 3963 3964 3965 3966 3967 3965 3967 3968 3969 3970 3971 3969 3971 3972 3973 3974 3975 3976 3977 3978 3976 3978 3979 3980 3981 3982 3980 3982 3983 3984 3985 3986 3984 3986 3987 3988 3989 3990 3988 3990 3991 3992 3993 3994 3992 3994 3995 3996 3997 3998 3996 3998 3999 4000 4001 4002 4000 4002 4003 4004 4005 4006 4004 4006 4007 4008 4009 4010 4008 4010 4011 4012 4013 4014 4012 4014 4015 4016 4017 4018 4016 4018 4019 4020 4021 4022 4020 4022 4023 4024 4025 4026 4024 4026 4027 4028 4029 4030 4028 4030 4031 4032 4033 4034 4032 4034 4035 4036 4037 4038 4036 4038 4039 4040 4041 4042 4040 4042 4043 4044 4045 4046 4044 4046 4047 4048 4049 4050 4048 4050 4051 4052 4053 4054 4052 4054 4055 4056 4057 4058 4056 4058 4059 4060 4061 4062 4060 4062 4063 4064 4065 4066 4064 4066 4067 4068 4069 4070 4068 4070 4071 4072 4073 4074 4072 4074 4075 4076 4077 4078 4076 4078 4079 4080 4081 4082 4083 4084 4085 4083 4085 4086 4087 4088 4089 4087 4089 4090 4091 4092 4093 4091 4093 4094 4095 4096 4097 4095 4097 4098 4099 4100 4101 4099 4101 4102 4103 4104 4105 4103 4105 4106 4107 4108 4109 4107 4109 4110 4111 4112 4113 4111 4113 4114 4115 4116 4117 4115 4117 4118 4119 4120 4121 4119 4121 4122 4123 4124 4125 4123 4125 4126 4127 4128 4129 4127 4129 4130 4131 4132 4133 4131 4133 4134 4135 4136 4137 4135 4137 4138 4139 4140 4141 4139 4141 4142 4143 4144 4145 4143 4145 4146 4147 4148 4149 4147 4149 4150 4151 4152 4153 4151 4153 4154 4155 4156 4157 4158 4159 4160 4158 4160 4161 4162 4163 4164 4162 4164 4165 4166 4167 4168 4166 4168 4169 4170 4171 4172 4170 4172 4173 4174 4175 4176 4174 4176 4177 4178 4179 4180 4178 4180 4181 4182 4183 4184 4185 4186 4187 4185 4187 4188 4189 4190 4191 4189 4191 4192 4193 4194 4195 4193 4195 4196 4197 4198 4199 4197 4199 4200 4201 4202 4203 4201 4203 4204 4205 4206 4207 4205 4207 4208 4209 4210 4211 4209 4211 4212 4213 4214 4215 4213 4215 4216 4217 4218 4219 4217 4219 4220 4221 4222 4223 4221 4223 4224 4225 4226 4227 4225 4227 4228 4229 4230 4231 4229 4231 4232 4233 4234 4235 4233 4235 4236 4237 4238 4239 4237 4239 4240 4241 4242 4243 4241 4243 4244 4245 4246 4247 4245 4247 4248 4249 4250 4251 4249 4251 4252 4253 4254 4255 4253 4255 4256 4257 4258 4259 4260 4261 4262 4260 4262 4263 4264 4265 4266 4264 4266 4267 4268 4269 4270 4268 4270 4271 4272 4273 4274 4272 4274 4275 4276 4277 4278 4276 4278 4279 4280 4281 4282 4280 4282 4283 4284 4285 4286 4287 4288 4289 4287 4289 4290 4291 4292 4293 4291 4293 4294 4295 4296 4297 4295 4297 4298 4299 4300 4301 4299 4301 4302 4303 4304 4305 4303 4305 4306 4307 4308 4309 4307 4309 4310 4311 4312 4313 4311 4313 4314 4315 4316 4317 4315 4317 4318 4319 4320 4321 4319 4321 4322 4323 4324 4325 4323 4325 4326 4327 4328 4329 4327 4329 4330 4331 4332 4333 4331 4333 4334 4335 4336 4337 4335 4337 4338 4339 4340 4341 4339 4341 4342 4343 4344 4345 4343 4345 4346 4347 4348 4349 4347 4349 4350 4351 4352 4353 4351 4353 4354 4355 4356 4357 4355 4357 4358 4359 4360 4361 4362 4363 4364 4362 4364 4365 4366 4367 4368 4366 4368 4369 4370 4371 4372 4370 4372 4373 4374 4375 4376 4374 4376 4377 4378 4379 4380 4378 4380 4381 4382 4383 4384 4382 4384 4385 4386 4387 4388 4386 4388 4389 4390 4391 4392 4390 4392 4393 4394 4395 4396 4394 4396 4397 4398 4399 4400 4398 4400 4401 4402 4403 4404 4402 4404 4405 4406 4407 4408 4406 4408 4409 4410 4411 4412 4410 4412 4413 4414 4415 4416 4414 4416 4417 4418 4419 4420 4418 4420 4421 4422 4423 4424 4422 4424 4425 4426 4427 4428 4426 4428 4429 4430 4431 4432 4430 4432 4433 4434 4435 4436 4434 4436 4437 4438 4439 4440 4438 4440 4441 4442 4443 4444 4442 4444 4445 4446 4447 4448 4446 4448 4449 4450 4451 4452 4450 4452 4453 4454 4455 4456 4454 4456 4457 4458 4459 4460 4458 4460 4461 4462 4463 4464 4462 4464 4465 4466 4467 4468 4469 4470 4471 4469 4471 4472 4473 4474 4475 4473 4475 4476 4477 4478 4479 4477 4479 4480 4481 4482 4483 4481 4483 4484 4485 4486 4487 4485 4487 4488 4489 4490 4491 4489 4491 4492 4493 4494 4495 4493 4495 4496 4497 4498 4499 4497 4499 4500 4501 4502 4503 4501 4503 4504 4505 4506 4507 4505 4507 4508 4509 4510 4511 4509 4511 4512 4513 4514 4515 4513 4515 4516 4517 4518 4519 4520 4521 4522 4520 4522 4523 4524 4525 4526 4524 4526 4527 4528 4529 4530 4528 4530 4531 4532 4533 4534 4532 4534 4535 4536 4537 4538 4536 4538 4539 4540 4541 4542 4540 4542 4543 4544 4545 4546 4544 4546 4547 4548 4549 4550 4548 4550 4551 4552 4553 4554 4552 4554 4555 4556 4557 4558 4556 4558 4559 4560 4561 4562 4560 4562 4563 4564 4565 4566 4564 4566 4567 4568 4569 4570 4568 4570 4571 4572 4573 4574 4572 4574 4575 4576 4577 4578 4579 4580 4581 4579 4581 4582 4583 4584 4585 4583 4585 4586 4587 4588 4589 4587 4589 4590 4591 4592 4593 4591 4593 4594 4595 4596 4597 4595 4597 4598 4599 4600 4601 4599 4601 4602 4603 4604 4605 4603 4605 4606 4607 4608 4609 4607 4609 4610 4611 4612 4613 4611 4613 4614 4615 4616 4617 4615 4617 4618 4619 4620 4621 4619 4621 4622 4623 4624 4625 4623 4625 4626 4627 4628 4629 4630 4631 4632 4630 4632 4633 4634 4635 4636 4634 4636 4637 4638 4639 4640 4638 4640 4641 4642 4643 4644 4642 4644 4645 4646 4647 4648 4646 4648 4649 4650 4651 4652 4650 4652 4653 4654 4655 4656 4654 4656 4657 4658 4659 4660 4658 4660 4661 4662 4663 4664 4662 4664 4665 4666 4667 4668 4666 4668 4669 4670 4671 4672 4670 4672 4673 4674 4675 4676 4674 4676 4677 4678 4679 4680 4678 4680 4681 4682 4683 4684 4682 4684 4685 4686 4687 4688 4689 4690 4691 4689 4691 4692 4693 4694 4695 4693 4695 4696 4697 4698 4699 4697 4699 4700 4701 4702 4703 4701 4703 4704 4705 4706 4707 4705 4707 4708 4709 4710 4711 4709 4711 4712 4713 4714 4715 4713 4715 4716 4717 4718 4719 4717 4719 4720 4721 4722 4723 4721 4723 4724 4725 4726 4727 4725 4727 4728 4729 4730 4731 4729 4731 4732 4733 4734 4735 4733 4735 4736 4737 4738 4739 4740 4741 4742 4740 4742 4743 4744 4745 4746 4744 4746 4747 4748 4749 4750 4748 4750 4751 4752 4753 4754 4752 4754 4755 4756 4757 4758 4756 4758 4759 4760 4761 4762 4760 4762 4763 4764 4765 4766 4764 4766 4767 4768 4769 4770 4768 4770 4771 4772 4773 4774 4772 4774 4775 4776 4777 4778 4776 4778 4779 4780 4781 4782 4780 4782 4783 4784 4785 4786 4784 4786 4787 4788 4789 4790 4788 4790 4791 4792 4793 4794 4792 4794 4795 4796 4797 4798 4799 4800 4801 4799 4801 4802 4803 4804 4805 4803 4805 4806 4807 4808 4809 4807 4809 4810 4811 4812 4813 4811 4813 4814 4815 4816 4817 4815 4817 4818 4819 4820 4821 4819 4821 4822 4823 4824 4825 4823 4825 4826 4827 4828 4829 4827 4829 4830 4831 4832 4833 4831 4833 4834 4835 4836 4837 4835 4837 4838 4839 4840 4841 4839 4841 4842 4843 4844 4845 4843 4845 4846 4847 4848 4849 4850 4851 4852 4850 4852 4853 4854 4855 4856 4854 4856 4857 4858 4859 4860 4858 4860 4861 4862 4863 4864 4862 4864 4865 4866 4867 4868 4866 4868 4869 4870 4871 4872 4870 4872 4873 4874 4875 4876 4874 4876 4877 4878 4879 4880 4878 4880 4881 4882 4883 4884 4882 4884 4885 4886 4887 4888 4886 4888 4889 4890 4891 4892 4890 4892 4893 4894 4895 4896 4894 4896 4897 4898 4899 4900 4898 4900 4901 4902 4903 4904 4902 4904 4905 4906 4907 4908 4906 4908 4909 4910 4911 4912 4910 4912 4913 4914 4915 4916 4914 4916 4917 4918 4919 4920 4918 4920 4921 4922 4923 4924 4922 4924 4925 4926 4927 4928 4926 4928 4929 4930 4931 4932 4930 4932 4933 4934 4935 4936 4934 4936 4937 4938 4939 4940 4938 4940 4941 4942 4943 4944 4942 4944 4945 4946 4947 4948 4946 4948 4949 4950 4951 4952 4950 4952 4953 4954 4955 4956 4957 4958 4959 4957 4959 4960 4961 4962 4963 4961 4963 4964 4965 4966 4967 4965 4967 4968 4969 4970 4971 4969 4971 4972 4973 4974 4975 4973 4975 4976 4977 4978 4979 4977 4979 4980 4981 4982 4983 4981 4983 4984 4985 4986 4987 4985 4987 4988 4989 4990 4991 4989 4991 4992 4993 4994 4995 4993 4995 4996 4997 4998 4999 4997 4999 5000 5001 5002 5003 5001 5003 5004 5005 5006 5007 5005 5007 5008 5009 5010 5011 5009 5011 5012 5013 5014 5015 5013 5015 5016 5017 5018 5019 5017 5019 5020 5021 5022 5023 5021 5023 5024 5025 5026 5027 5025 5027 5028 5029 5030 5031 5032 5033 5034 5032 5034 5035 5036 5037 5038 5036 5038 5039 5040 5041 5042 5040 5042 5043 5044 5045 5046 5044 5046 5047 5048 5049 5050 5048 5050 5051 5052 5053 5054 5052 5054 5055 5056 5057 5058 5059 5060 5061 5059 5061 5062 5063 5064 5065 5063 5065 5066 5067 5068 5069 5067 5069 5070 5071 5072 5073 5071 5073 5074 5075 5076 5077 5075 5077 5078 5079 5080 5081 5079 5081 5082 5083 5084 5085 5083 5085 5086 5087 5088 5089 5087 5089 5090 5091 5092 5093 5091 5093 5094 5095 5096 5097 5095 5097 5098 5099 5100 5101 5099 5101 5102 5103 5104 5105 5103 5105 5106 5107 5108 5109 5107 5109 5110 5111 5112 5113 5111 5113 5114 5115 5116 5117 5115 5117 5118 5119 5120 5121 5119 5121 5122 5123 5124 5125 5123 5125 5126 5127 5128 5129 5127 5129 5130 5131 5132 5133 5134 5135 5136 5134 5136 5137 5138 5139 5140 5138 5140 5141 5142 5143 5144 5142 5144 5145 5146 5147 5148 5146 5148 5149 5150 5151 5152 5150 5152 5153 5154 5155 5156 5154 5156 5157 5158 5159 5160 5158 5160 5161 5162 5163 5164 5162 5164 5165 5166 5167 5168 5166 5168 5169 5170 5171 5172 5170 5172 5173 5174 5175 5176 5174 5176 5177 5178 5179 5180 5178 5180 5181 5182 5183 5184 5182 5184 5185 5186 5187 5188 5186 5188 5189 5190 5191 5192 5190 5192 5193 5194 5195 5196 5194 5196 5197 5198 5199 5200 5198 5200 5201 5202 5203 5204 5202 5204 5205 5206 5207 5208 5206 5208 5209 5210 5211 5212 5210 5212 5213 5214 5215 5216 5214 5216 5217 5218 5219 5220 5218 5220 5221 5222 5223 5224 5222 5224 5225 5226 5227 5228 5226 5228 5229 5230 5231 5232 5230 5232 5233 5234 5235 5236 5237 5238 5239 5237 5239 5240 5241 5242 5243 5241 5243 5244 5245 5246 5247 5245 5247 5248 5249 5250 5251 5249 5251 5252 5253 5254 5255 5253 5255 5256 5257 5258 5259 5257 5259 5260 5261 5262 5263 5261 5263 5264 5265 5266 5267 5265 5267 5268 5269 5270 5271 5269 5271 5272 5273 5274 5275 5273 5275 5276 5277 5278 5279 5277 5279 5280 5281 5282 5283 5281 5283 5284 5285 5286 5287 5288 5289 5290 5288 5290 5291 5292 5293 5294 5292 5294 5295 5296 5297 5298 5296 5298 5299 5300 5301 5302 5300 5302 5303 5304 5305 5306 5304 5306 5307 5308 5309 5310 5308 5310 5311 5312 5313 5314 5312 5314 5315 5316 5317 5318 5316 5318 5319 5320 5321 5322 5320 5322 5323 5324 5325 5326 5324 5326 5327 5328 5329 5330 5328 5330 5331 5332 5333 5334 5332 5334 5335 5336 5337 5338 5336 5338 5339 5340 5341 5342 5340 5342 5343 5344 5345 5346 5347 5348 5349 5347 5349 5350 5351 5352 5353 5351 5353 5354 5355 5356 5357 5355 5357 5358 5359 5360 5361 5359 5361 5362 5363 5364 5365 5363 5365 5366 5367 5368 5369 5367 5369 5370 5371 5372 5373 5371 5373 5374 5375 5376 5377 5375 5377 5378 5379 5380 5381 5379 5381 5382 5383 5384 5385 5383 5385 5386 5387 5388 5389 5387 5389 5390 5391 5392 5393 5391 5393 5394 5395 5396 5397 5398 5399 5400 5398 5400 5401 5402 5403 5404 5402 5404 5405 5406 5407 5408 5406 5408 5409 5410 5411 5412 5410 5412 5413 5414 5415 5416 5414 5416 5417 5418 5419 5420 5418 5420 5421 5422 5423 5424 5422 5424 5425 5426 5427 5428 5426 5428 5429 5430 5431 5432 5430 5432 5433 5434 5435 5436 5434 5436 5437 5438 5439 5440 5438 5440 5441 5442 5443 5444 5442 5444 5445 5446 5447 5448 5446 5448 5449 5450 5451 5452 5450 5452 5453 5454 5455 5456 5457 5458 5459 5457 5459 5460 5461 5462 5463 5461 5463 5464 5465 5466 5467 5465 5467 5468 5469 5470 5471 5469 5471 5472 5473 5474 5475 5473 5475 5476 5477 5478 5479 5477 5479 5480 5481 5482 5483 5481 5483 5484 5485 5486 5487 5485 5487 5488 5489 5490 5491 5489 5491 5492 5493 5494 5495 5493 5495 5496 5497 5498 5499 5497 5499 5500 5501 5502 5503 5501 5503 5504 5505 5506 5507 5508 5509 5510 5508 5510 5511 5512 5513 5514 5512 5514 5515 5516 5517 5518 5516 5518 5519 5520 5521 5522 5520 5522 5523 5524 5525 5526 5524 5526 5527 5528 5529 5530 5528 5530 5531 5532 5533 5534 5532 5534 5535 5536 5537 5538 5536 5538 5539 5540 5541 5542 5540 5542 5543 5544 5545 5546 5544 5546 5547 5548 5549 5550 5548 5550 5551 5552 5553 5554 5552 5554 5555 5556 5557 5558 5556 5558 5559 5560 5561 5562 5560 5562 5563 5564 5565 5566 5567 5568 5569 5567 5569 5570 5571 5572 5573 5571 5573 5574 5575 5576 5577 5575 5577 5578 5579 5580 5581 5579 5581 5582 5583 5584 5585 5583 5585 5586 5587 5588 5589 5587 5589 5590 5591 5592 5593 5591 5593 5594 5595 5596 5597 5595 5597 5598 5599 5600 5601 5599 5601 5602 5603 5604 5605 5603 5605 5606 5607 5608 5609 5607 5609 5610 5611 5612 5613 5611 5613 5614 5615 5616 5617 5618 5619 5620 5618 5620 5621 5622 5623 5624 5622 5624 5625 5626 5627 5628 5626 5628 5629 5630 5631 5632 5630 5632 5633 5634 5635 5636 5634 5636 5637 5638 5639 5640 5638 5640 5641 5642 5643 5644 5642 5644 5645 5646 5647 5648 5646 5648 5649 5650 5651 5652 5650 5652 5653 5654 5655 5656 5654 5656 5657 5658 5659 5660 5658 5660 5661 5662 5663 5664 5662 5664 5665 5666 5667 5668 5666 5668 5669 5670 5671 5672 5670 5672 5673 5674 5675 5676 5677 5678 5679 5677 5679 5680 5681 5682 5683 5681 5683 5684 5685 5686 5687 5685 5687 5688 5689 5690 5691 5689 5691 5692 5693 5694 5695 5693 5695 5696 5697 5698 5699 5697 5699 5700 5701 5702 5703 5701 5703 5704 5705 5706 5707 5705 5707 5708 5709 5710 5711 5709 5711 5712 5713 5714 5715 5713 5715 5716 5717 5718 5719 5717 5719 5720 5721 5722 5723 5721 5723 5724 5725 5726 5727 5728 5729 5730 5728 5730 5731 5732 5733 5734 5732 5734 5735 5736 5737 5738 5736 5738 5739 5740 5741 5742 5740 5742 5743 5744 5745 5746 5744 5746 5747 5748 5749 5750 5748 5750 5751 5752 5753 5754 5752 5754 5755 5756 5757 5758 5756 5758 5759 5760 5761 5762 5760 5762 5763 5764 5765 5766 5764 5766 5767 5768 5769 5770 5768 5770 5771 5772 5773 5774 5772 5774 5775 5776 5777 5778 5776 5778 5779 5780 5781 5782 5780 5782 5783 5784 5785 5786 5784 5786 5787 5788 5789 5790 5788 5790 5791 5792 5793 5794 5792 5794 5795 5796 5797 5798 5796 5798 5799 5800 5801 5802 5800 5802 5803 5804 5805 5806 5804 5806 5807 5808 5809 5810 5808 5810 5811 5812 5813 5814 5812 5814 5815 5816 5817 5818 5816 5818 5819 5820 5821 5822 5820 5822 5823 5824 5825 5826 5824 5826 5827 5828 5829 5830 5831 5832 5833 5831 5833 5834 5835 5836 5837 5835 5837 5838 5839 5840 5841 5839 5841 5842 5843 5844 5845 5843 5845 5846 5847 5848 5849 5847 5849 5850 5851 5852 5853 5851 5853 5854 5855 5856 5857 5855 5857 5858 5859 5860 5861 5859 5861 5862 5863 5864 5865 5863 5865 5866 5867 5868 5869 5867 5869 5870 5871 5872 5873 5871 5873 5874 5875 5876 5877 5875 5877 5878 5879 5880 5881 5879 5881 5882 5883 5884 5885 5883 5885 5886 5887 5888 5889 5887 5889 5890 5891 5892 5893 5891 5893 5894 5895 5896 5897 5895 5897 5898 5899 5900 5901 5899 5901 5902 5903 5904 5905 5906 5907 5908 5906 5908 5909 5910 5911 5912 5910 5912 5913 5914 5915 5916 5914 5916 5917 5918 5919 5920 5918 5920 5921 5922 5923 5924 5922 5924 5925 5926 5927 5928 5926 5928 5929 5930 5931 5932 5933 5934 5935 5933 5935 5936 5937 5938 5939 5937 5939 5940 5941 5942 5943 5941 5943 5944 5945 5946 5947 5945 5947 5948 5949 5950 5951 5949 5951 5952 5953 5954 5955 5953 5955 5956 5957 5958 5959 5957 5959 5960 5961 5962 5963 5961 5963 5964 5965 5966 5967 5965 5967 5968 5969 5970 5971 5969 5971 5972 5973 5974 5975 5973 5975 5976 5977 5978 5979 5977 5979 5980 5981 5982 5983 5981 5983 5984 5985 5986 5987 5985 5987 5988 5989 5990 5991 5989 5991 5992 5993 5994 5995 5993 5995 5996 5997 5998 5999 5997 5999 6000 6001 6002 6003 6001 6003 6004 6005 6006 6007 6008 6009 6010 6008 6010 6011 6012 6013 6014 6012 6014 6015 6016 6017 6018 6016 6018 6019 6020 6021 6022 6020 6022 6023 6024 6025 6026 6024 6026 6027 6028 6029 6030 6028 6030 6031 6032 6033 6034 6032 6034 6035 6036 6037 6038 6036 6038 6039 6040 6041 6042 6040 6042 6043 6044 6045 6046 6044 6046 6047 6048 6049 6050 6048 6050 6051 6052 6053 6054 6052 6054 6055 6056 6057 6058 6056 6058 6059 6060 6061 6062 6060 6062 6063 6064 6065 6066 6064 6066 6067 6068 6069 6070 6068 6070 6071 6072 6073 6074 6072 6074 6075 6076 6077 6078 6076 6078 6079 6080 6081 6082 6080 6082 6083 6084 6085 6086 6084 6086 6087 6088 6089 6090 6088 6090 6091 6092 6093 6094 6092 6094 6095 6096 6097 6098 6096 6098 6099 6100 6101 6102 6100 6102 6103 6104 6105 6106 6104 6106 6107 6108 6109 6110 6108 6110 6111 6112 6113 6114 6115 6116 6117 6115 6117 6118 6119 6120 6121 6119 6121 6122 6123 6124 6125 6123 6125 6126 6127 6128 6129 6127 6129 6130 6131 6132 6133 6131 6133 6134 6135 6136 6137 6135 6137 6138 6139 6140 6141 6139 6141 6142 6143 6144 6145 6143 6145 6146 6147 6148 6149 6147 6149 6150 6151 6152 6153 6151 6153 6154 6155 6156 6157 6155 6157 6158 6159 6160 6161 6159 6161 6162 6163 6164 6165 6166 6167 6168 6166 6168 6169 6170 6171 6172 6170 6172 6173 6174 6175 6176 6174 6176 6177 6178 6179 6180 6178 6180 6181 6182 6183 6184 6182 6184 6185 6186 6187 6188 6186 6188 6189 6190 6191 6192 6190 6192 6193 6194 6195 6196 6194 6196 6197 6198 6199 6200 6198 6200 6201 6202 6203 6204 6202 6204 6205 6206 6207 6208 6206 6208 6209 6210 6211 6212 6210 6212 6213 6214 6215 6216 6214 6216 6217 6218 6219 6220 6218 6220 6221 6222 6223 6224 6225 6226 6227 6225 6227 6228 6229 6230 6231 6229 6231 6232 6233 6234 6235 6233 6235 6236 6237 6238 6239 6237 6239 6240 6241 6242 6243 6241 6243 6244 6245 6246 6247 6245 6247 6248 6249 6250 6251 6249 6251 6252 6253 6254 6255 6253 6255 6256 6257 6258 6259 6257 6259 6260 6261 6262 6263 6261 6263 6264 6265 6266 6267 6265 6267 6268 6269 6270 6271 6269 6271 6272 6273 6274 6275 6276 6277 6278 6276 6278 6279 6280 6281 6282 6280 6282 6283 6284 6285 6286 6284 6286 6287 6288 6289 6290 6288 6290 6291 6292 6293 6294 6292 6294 6295 6296 6297 6298 6296 6298 6299 6300 6301 6302 6300 6302 6303 6304 6305 6306 6304 6306 6307 6308 6309 6310 6308 6310 6311 6312 6313 6314 6312 6314 6315 6316 6317 6318 6316 6318 6319 6320 6321 6322 6320 6322 6323 6324 6325 6326 6324 6326 6327 6328 6329 6330 6328 6330 6331 6332 6333 6334 6335 6336 6337 6335 6337 6338 6339 6340 6341 6339 6341 6342 6343 6344 6345 6343 6345 6346 6347 6348 6349 6347 6349 6350 6351 6352 6353 6351 6353 6354 6355 6356 6357 6355 6357 6358 6359 6360 6361 6359 6361 6362 6363 6364 6365 6363 6365 6366 6367 6368 6369 6367 6369 6370 6371 6372 6373 6371 6373 6374 6375 6376 6377 6375 6377 6378 6379 6380 6381 6379 6381 6382 6383 6384 6385 6386 6387 6388 6386 6388 6389 6390 6391 6392 6390 6392 6393 6394 6395 6396 6394 6396 6397 6398 6399 6400 6398 6400 6401 6402 6403 6404 6402 6404 6405 6406 6407 6408 6406 6408 6409 6410 6411 6412 6410 6412 6413 6414 6415 6416 6414 6416 6417 6418 6419 6420 6418 6420 6421 6422 6423 6424 6422 6424 6425 6426 6427 6428 6426 6428 6429 6430 6431 6432 6430 6432 6433 6434 6435 6436 6434 6436 6437 6438 6439 6440 6438 6440 6441 6442 6443 6444 6442 6444 6445 6446 6447 6448 6446 6448 6449 6450 6451 6452 6453 6454 6455 6453 6455 6456 6457 6458 6459 6457 6459 6460 6461 6462 6463 6461 6463 6464 6465 6466 6467 6465 6467 6468 6469 6470 6471 6469 6471 6472 6473 6474 6475 6473 6475 6476 6477 6478 6479 6477 6479 6480 6481 6482 6483 6481 6483 6484 6485 6486 6487 6485 6487 6488 6489 6490 6491 6489 6491 6492 6493 6494 6495 6493 6495 6496 6497 6498 6499 6497 6499 6500 6501 6502 6503 6504 6505 6506 6504 6506 6507 6508 6509 6510 6508 6510 6511 6512 6513 6514 6512 6514 6515 6516 6517 6518 6516 6518 6519 6520 6521 6522 6520 6522 6523 6524 6525 6526 6524 6526 6527 6528 6529 6530 6528 6530 6531 6532 6533 6534 6532 6534 6535 6536 6537 6538 6536 6538 6539 6540 6541 6542 6540 6542 6543 6544 6545 6546 6544 6546 6547 6548 6549 6550 6548 6550 6551 6552 6553 6554 6552 6554 6555 6556 6557 6558 6556 6558 6559 6560 6561 6562 6563 6564 6565 6563 6565 6566 6567 6568 6569 6567 6569 6570 6571 6572 6573 6571 6573 6574 6575 6576 6577 6575 6577 6578 6579 6580 6581 6579 6581 6582 6583 6584 6585 6583 6585 6586 6587 6588 6589 6587 6589 6590 6591 6592 6593 6591 6593 6594 6595 6596 6597 6595 6597 6598 6599 6600 6601 6599 6601 6602 6603 6604 6605 6603 6605 6606 6607 6608 6609 6607 6609 6610 6611 6612 6613 6614 6615 6616 6614 6616 6617 6618 6619 6620 6618 6620 6621 6622 6623 6624 6622 6624 6625 6626 6627 6628 6626 6628 6629 6630 6631 6632 6630 6632 6633 6634 6635 6636 6634 6636 6637 6638 6639 6640 6638 6640 6641 6642 6643 6644 6642 6644 6645 6646 6647 6648 6646 6648 6649 6650 6651 6652 6650 6652 6653 6654 6655 6656 6654 6656 6657 6658 6659 6660 6658 6660 6661 6662 6663 6664 6662 6664 6665 6666 6667 6668 6666 6668 6669 6670 6671 6672 6670 6672 6673 6674 6675 6676 6674 6676 6677 6678 6679 6680 6678 6680 6681 6682 6683 6684 6682 6684 6685 6686 6687 6688 6686 6688 6689 6690 6691 6692 6690 6692 6693 6694 6695 6696 6694 6696 6697 6698 6699 6700 6698 6700 6701 6702 6703 6704 6702 6704 6705 6706 6707 6708 6706 6708 6709 6710 6711 6712 6710 6712 6713 6714 6715 6716 6714 6716 6717 6718 6719 6720 6721 6722 6723 6721 6723 6724 6725 6726 6727 6725 6727 6728 6729 6730 6731 6729 6731 6732 6733 6734 6735 6733 6735 6736 6737 6738 6739 6737 6739 6740 6741 6742 6743 6741 6743 6744 6745 6746 6747 6745 6747 6748 6749 6750 6751 6749 6751 6752 6753 6754 6755 6753 6755 6756 6757 6758 6759 6757 6759 6760 6761 6762 6763 6761 6763 6764 6765 6766 6767 6765 6767 6768 6769 6770 6771 6769 6771 6772 6773 6774 6775 6773 6775 6776 6777 6778 6779 6777 6779 6780 6781 6782 6783 6781 6783 6784 6785 6786 6787 6785 6787 6788 6789 6790 6791 6789 6791 6792 6793 6794 6795 6796 6797 6798 6796 6798 6799 6800 6801 6802 6800 6802 6803 6804 6805 6806 6804 6806 6807 6808 6809 6810 6808 6810 6811 6812 6813 6814 6812 6814 6815 6816 6817 6818 6816 6818 6819 6820 6821 6822 6823 6824 6825 6823 6825 6826 6827 6828 6829 6827 6829 6830 6831 6832 6833 6831 6833 6834 6835 6836 6837 6835 6837 6838 6839 6840 6841 6839 6841 6842 6843 6844 6845 6843 6845 6846 6847 6848 6849 6847 6849 6850 6851 6852 6853 6851 6853 6854 6855 6856 6857 6855 6857 6858 6859 6860 6861 6859 6861 6862 6863 6864 6865 6863 6865 6866 6867 6868 6869 6867 6869 6870 6871 6872 6873 6871 6873 6874 6875 6876 6877 6875 6877 6878 6879 6880 6881 6879 6881 6882 6883 6884 6885 6883 6885 6886 6887 6888 6889 6887 6889 6890 6891 6892 6893 6891 6893 6894 6895 6896 6897 6898 6899 6900 6898 6900 6901 6902 6903 6904 6902 6904 6905 6906 6907 6908 6906 6908 6909 6910 6911 6912 6910 6912 6913 6914 6915 6916 6914 6916 6917 6918 6919 6920 6918 6920 6921 6922 6923 6924 6922 6924 6925 6926 6927 6928 6926 6928 6929 6930 6931 6932 6930 6932 6933 6934 6935 6936 6934 6936 6937 6938 6939 6940 6938 6940 6941 6942 6943 6944 6942 6944 6945 6946 6947 6948 6946 6948 6949 6950 6951 6952 6950 6952 6953 6954 6955 6956 6954 6956 6957 6958 6959 6960 6958 6960 6961 6962 6963 6964 6962 6964 6965 6966 6967 6968 6966 6968 6969 6970 6971 6972 6970 6972 6973 6974 6975 6976 6974 6976 6977 6978 6979 6980 6978 6980 6981 6982 6983 6984 6982 6984 6985 6986 6987 6988 6986 6988 6989 6990 6991 6992 6990 6992 6993 6994 6995 6996 6994 6996 6997 6998 6999 7000 7001 7002 7003 7001 7003 7004 7005 7006 7007 7005 7007 7008 7009 7010 7011 7009 7011 7012 7013 7014 7015 7013 7015 7016 7017 7018 7019 7017 7019 7020 7021 7022 7023 7021 7023 7024 7025 7026 7027 7025 7027 7028 7029 7030 7031 7029 7031 7032 7033 7034 7035 7033 7035 7036 7037 7038 7039 7037 7039 7040 7041 7042 7043 7041 7043 7044 7045 7046 7047 7045 7047 7048 7049 7050 7051 7052 7053 7054 7052 7054 7055 7056 7057 7058 7056 7058 7059 7060 7061 7062 7060 7062 7063 7064 7065 7066 7064 7066 7067 7068 7069 7070 7068 7070 7071 7072 7073 7074 7072 7074 7075 7076 7077 7078 7076 7078 7079 7080 7081 7082 7080 7082 7083 7084 7085 7086 7084 7086 7087 7088 7089 7090 7088 7090 7091 7092 7093 7094 7092 7094 7095 7096 7097 7098 7096 7098 7099 7100 7101 7102 7100 7102 7103 7104 7105 7106 7104 7106 7107 7108 7109 7110 7111 7112 7113 7111 7113 7114 7115 7116 7117 7115 7117 7118 7119 7120 7121 7119 7121 7122 7123 7124 7125 7123 7125 7126 7127 7128 7129 7127 7129 7130 7131 7132 7133 7131 7133 7134 7135 7136 7137 7135 7137 7138 7139 7140 7141 7139 7141 7142 7143 7144 7145 7143 7145 7146 7147 7148 7149 7147 7149 7150 7151 7152 7153 7151 7153 7154 7155 7156 7157 7155 7157 7158 7159 7160 7161 7162 7163 7164 7162 7164 7165 7166 7167 7168 7166 7168 7169 7170 7171 7172 7170 7172 7173 7174 7175 7176 7174 7176 7177 7178 7179 7180 7178 7180 7181 7182 7183 7184 7182 7184 7185 7186 7187 7188 7186 7188 7189 7190 7191 7192 7190 7192 7193 7194 7195 7196 7194 7196 7197 7198 7199 7200 7198 7200 7201 7202 7203 7204 7202 7204 7205 7206 7207 7208 7206 7208 7209 7210 7211 7212 7210 7212 7213 7214 7215 7216 7214 7216 7217 7218 7219 7220 7221 7222 7223 7221 7223 7224 7225 7226 7227 7225 7227 7228 7229 7230 7231 7229 7231 7232 7233 7234 7235 7233 7235 7236 7237 7238 7239 7237 7239 7240 7241 7242 7243 7241 7243 7244 7245 7246 7247 7245 7247 7248 7249 7250 7251 7249 7251 7252 7253 7254 7255 7253 7255 7256 7257 7258 7259 7257 7259 7260 7261 7262 7263 7261 7263 7264 7265 7266 7267 7265 7267 7268 7269 7270 7271 7272 7273 7274 7272 7274 7275 7276 7277 7278 7276 7278 7279 7280 7281 7282 7280 7282 7283 7284 7285 7286 7284 7286 7287 7288 7289 7290 7288 7290 7291 7292 7293 7294 7292 7294 7295 7296 7297 7298 7296 7298 7299 7300 7301 7302 7300 7302 7303 7304 7305 7306 7304 7306 7307 7308 7309 7310 7308 7310 7311 7312 7313 7314 7312 7314 7315 7316 7317 7318 7316 7318 7319 7320 7321 7322 7320 7322 7323 7324 7325 7326 7324 7326 7327 7328 7329 7330 7331 7332 7333 7331 7333 7334 7335 7336 7337 7335 7337 7338 7339 7340 7341 7339 7341 7342 7343 7344 7345 7343 7345 7346 7347 7348 7349 7347 7349 7350 7351 7352 7353 7351 7353 7354 7355 7356 7357 7355 7357 7358 7359 7360 7361 7359 7361 7362 7363 7364 7365 7363 7365 7366 7367 7368 7369 7367 7369 7370 7371 7372 7373 7371 7373 7374 7375 7376 7377 7375 7377 7378 7379 7380 7381 7382 7383 7384 7382 7384 7385 7386 7387 7388 7386 7388 7389 7390 7391 7392 7390 7392 7393 7394 7395 7396 7394 7396 7397 7398 7399 7400 7398 7400 7401 7402 7403 7404 7402 7404 7405 7406 7407 7408 7406 7408 7409 7410 7411 7412 7410 7412 7413 7414 7415 7416 7414 7416 7417 7418 7419 7420 7418 7420 7421 7422 7423 7424 7422 7424 7425 7426 7427 7428 7426 7428 7429 7430 7431 7432 7430 7432 7433 7434 7435 7436 7434 7436 7437 7438 7439 7440 7441 7442 7443 7441 7443 7444 7445 7446 7447 7445 7447 7448 7449 7450 7451 7449 7451 7452 7453 7454 7455 7453 7455 7456 7457 7458 7459 7457 7459 7460 7461 7462 7463 7461 7463 7464 7465 7466 7467 7465 7467 7468 7469 7470 7471 7469 7471 7472 7473 7474 7475 7473 7475 7476 7477 7478 7479 7477 7479 7480 7481 7482 7483 7481 7483 7484 7485 7486 7487 7485 7487 7488 7489 7490 7491 7492 7493 7494 7492 7494 7495 7496 7497 7498 7496 7498 7499 7500 7501 7502 7500 7502 7503 7504 7505 7506 7504 7506 7507 7508 7509 7510 7508 7510 7511 7512 7513 7514 7512 7514 7515 7516 7517 7518 7516 7518 7519 7520 7521 7522 7520 7522 7523 7524 7525 7526 7524 7526 7527 7528 7529 7530 7528 7530 7531 7532 7533 7534 7532 7534 7535 7536 7537 7538 7536 7538 7539 7540 7541 7542 7540 7542 7543 7544 7545 7546 7544 7546 7547 7548 7549 7550 7548 7550 7551 7552 7553 7554 7552 7554 7555 7556 7557 7558 7556 7558 7559 7560 7561 7562 7560 7562 7563 7564 7565 7566 7564 7566 7567 7568 7569 7570 7568 7570 7571 7572 7573 7574 7572 7574 7575 7576 7577 7578 7576 7578 7579 7580 7581 7582 7580 7582 7583 7584 7585 7586 7584 7586 7587 7588 7589 7590 7588 7590 7591 7592 7593 7594 7595 7596 7597 7595 7597 7598 7599 7600 7601 7599 7601 7602 7603 7604 7605 7603 7605 7606 7607 7608 7609 7607 7609 7610 7611 7612 7613 7611 7613 7614 7615 7616 7617 7615 7617 7618 7619 7620 7621 7619 7621 7622 7623 7624 7625 7623 7625 7626 7627 7628 7629 7627 7629 7630 7631 7632 7633 7631 7633 7634 7635 7636 7637 7635 7637 7638 7639 7640 7641 7639 7641 7642 7643 7644 7645 7643 7645 7646 7647 7648 7649 7647 7649 7650 7651 7652 7653 7651 7653 7654 7655 7656 7657 7655 7657 7658 7659 7660 7661 7659 7661 7662 7663 7664 7665 7663 7665 7666 7667 7668 7669 7670 7671 7672 7670 7672 7673 7674 7675 7676 7674 7676 7677 7678 7679 7680 7678 7680 7681 7682 7683 7684 7682 7684 7685 7686 7687 7688 7686 7688 7689 7690 7691 7692 7690 7692 7693 7694 7695 7696 7697 7698 7699 7697 7699 7700 7701 7702 7703 7701 7703 7704 7705 7706 7707 7705 7707 7708 7709 7710 7711 7709 7711 7712 7713 7714 7715 7713 7715 7716 7717 7718 7719 7717 7719 7720 7721 7722 7723 7721 7723 7724 7725 7726 7727 7725 7727 7728 7729 7730 7731 7729 7731 7732 7733 7734 7735 7733 7735 7736 7737 7738 7739 7737 7739 7740 7741 7742 7743 7741 7743 7744 7745 7746 7747 7745 7747 7748 7749 7750 7751 7749 7751 7752 7753 7754 7755 7753 7755 7756 7757 7758 7759 7757 7759 7760 7761 7762 7763 7761 7763 7764 7765 7766 7767 7765 7767 7768 7769 7770 7771 7772 7773 7774 7772 7774 7775 7776 7777 7778 7776 7778 7779 7780 7781 7782 7780 7782 7783 7784 7785 7786 7784 7786 7787 7788 7789 7790 7788 7790 7791 7792 7793 7794 7792 7794 7795 7796 7797 7798 7796 7798 7799 7800 7801 7802 7800 7802 7803 7804 7805 7806 7804 7806 7807 7808 7809 7810 7808 7810 7811 7812 7813 7814 7812 7814 7815 7816 7817 7818 7816 7818 7819 7820 7821 7822 7820 7822 7823 7824 7825 7826 7824 7826 7827 7828 7829 7830 7828 7830 7831 7832 7833 7834 7832 7834 7835 7836 7837 7838 7836 7838 7839 7840 7841 7842 7840 7842 7843 7844 7845 7846 7844 7846 7847 7848 7849 7850 7848 7850 7851 7852 7853 7854 7852 7854 7855 7856 7857 7858 7856 7858 7859 7860 7861 7862 7860 7862 7863 7864 7865 7866 7864 7866 7867 7868 7869 7870 7868 7870 7871 7872 7873 7874 7872 7874 7875 7876 7877 7878 7879 7880 7881 7879 7881 7882 7883 7884 7885 7883 7885 7886 7887 7888 7889 7887 7889 7890 7891 7892 7893 7891 7893 7894 7895 7896 7897 7895 7897 7898 7899 7900 7901 7899 7901 7902 7903 7904 7905 7903 7905 7906 7907 7908 7909 7907 7909 7910 7911 7912 7913 7911 7913 7914 7915 7916 7917 7915 7917 7918 7919 7920 7921 7919 7921 7922 7923 7924 7925 7923 7925 7926 7927 7928 7929 7930 7931 7932 7930 7932 7933 7934 7935 7936 7934 7936 7937 7938 7939 7940 7938 7940 7941 7942 7943 7944 7942 7944 7945 7946 7947 7948 7946 7948 7949 7950 7951 7952 7950 7952 7953 7954 7955 7956 7954 7956 7957 7958 7959 7960 7958 7960 7961 7962 7963 7964 7962 7964 7965 7966 7967 7968 7966 7968 7969 7970 7971 7972 7970 7972 7973 7974 7975 7976 7974 7976 7977 7978 7979 7980 7978 7980 7981 7982 7983 7984 7982 7984 7985 7986 7987 7988 7989 7990 7991 7989 7991 7992 7993 7994 7995 7993 7995 7996 7997 7998 7999 7997 7999 8000 8001 8002 8003 8001 8003 8004 8005 8006 8007 8005 8007 8008 8009 8010 8011 8009 8011 8012 8013 8014 8015 8013 8015 8016 8017 8018 8019 8017 8019 8020 8021 8022 8023 8021 8023 8024 8025 8026 8027 8025 8027 8028 8029 8030 8031 8029 8031 8032 8033 8034 8035 8033 8035 8036 8037 8038 8039 8040 8041 8042 8040 8042 8043 8044 8045 8046 8044 8046 8047 8048 8049 8050 8048 8050 8051 8052 8053 8054 8052 8054 8055 8056 8057 8058 8056 8058 8059 8060 8061 8062 8060 8062 8063 </p>
        </polylist>
      </mesh>
    </geometry>
  </library_geometries>
  <library_controllers>
  </library_controllers>
  <library_visual_scenes>
    <visual_scene id="Scene" name="Scene">
      <node id="Sphere" name="Sphere" type="NODE">
        <matrix sid="matrix">1 0 0 0 0 1 0 0 0 0 1 0 0 0 0 1</matrix>
        <instance_geometry url="#Sphere_1">
          <bind_material>
            <technique_common>
              <instance_material symbol="defaultMaterial" target="#Material.001">
                <bind_vertex_input semantic="CHANNEL0" input_semantic="TEXCOORD" input_set="0"/>
              </instance_material>
            </technique_common>
          </bind_material>
        </instance_geometry>
      </node>
    </visual_scene>
  </library_visual_scenes>
  <scene>
    <instance_visual_scene url="#Scene" />
  </scene>
</COLLADA>
